module	class	kind	offset	size	source	func_addr	func
DisplaySystem.dll	RTexture_t	new_size	0xBC	0	ctor:public __thiscall RTexture_t::RTexture_t(char const *,unsigned short,unsigned short,enum RTexture_t::TextureFormat_e,bool,void *) 	1000130c	FUN_1000130c
DisplaySystem.dll	RTexture_t	new_size	0xBC	0	ctor:public __thiscall RTexture_t::RTexture_t(char const *,class TextureCreator *) 	1000130c	FUN_1000130c
DisplaySystem.dll	TextureStreamCreator	load	0x2C	4	this:public class surface_t * __thiscall TextureStreamCreator::CreateTexture(class LBitmap_t *,char const *) 	1000145e	FUN_1000145e
DisplaySystem.dll	TextureStreamCreator	load	0x8	4	this:public class surface_t * __thiscall TextureStreamCreator::CreateTexture(class LBitmap_t *,char const *) 	1000145e	FUN_1000145e
DisplaySystem.dll	TextureStreamCreator	addr_passed	0x8	0	this:public class surface_t * __thiscall TextureStreamCreator::CreateTexture(class LBitmap_t *,char const *) 	1000145e	FUN_1000145e
DisplaySystem.dll	TextureStreamCreator	load	0x8	4	this:public class surface_t * __thiscall TextureStreamCreator::CreateTexture(class LBitmap_t *,char const *) 	1000145e	FUN_1000145e
DisplaySystem.dll	TextureStreamCreator	addr_passed	0x8	0	this:public class surface_t * __thiscall TextureStreamCreator::CreateTexture(class LBitmap_t *,char const *) 	1000145e	FUN_1000145e
DisplaySystem.dll	TextureStreamCreator	load	0x1C	4	this:public class surface_t * __thiscall TextureStreamCreator::CreateTexture(class LBitmap_t *,char const *) 	1000145e	FUN_1000145e
DisplaySystem.dll	TextureStreamCreator	load	0x24	4	this:public class surface_t * __thiscall TextureStreamCreator::CreateTexture(class LBitmap_t *,char const *) 	1000145e	FUN_1000145e
DisplaySystem.dll	TextureStreamCreator	load	0x1C	4	this:public class surface_t * __thiscall TextureStreamCreator::CreateTexture(class LBitmap_t *,char const *) 	1000145e	FUN_1000145e
DisplaySystem.dll	TextureStreamCreator	store	0x40	4	this:public __thiscall TextureStreamCreator::TextureStreamCreator(class fun::PositionIO_t *,char const *,int) 	100014ab	FUN_100014ab
DisplaySystem.dll	TextureStreamCreator	store	0x44	4	this:public __thiscall TextureStreamCreator::TextureStreamCreator(class fun::PositionIO_t *,char const *,int) 	100014ab	FUN_100014ab
DisplaySystem.dll	TextureStreamCreator	store	0x48	4	this:public __thiscall TextureStreamCreator::TextureStreamCreator(class fun::PositionIO_t *,char const *,int) 	100014ab	FUN_100014ab
DisplaySystem.dll	TextureStreamCreator	store_vptr?	0x0	4	this:public __thiscall TextureStreamCreator::TextureStreamCreator(class fun::PositionIO_t *,char const *,int) 	100014ab	FUN_100014ab
DisplaySystem.dll	PixelFormat_t	load	0x30	4	this:public unsigned int __thiscall PixelFormat_t::ConvertColorPacked(unsigned int) const 	10002261	FUN_10002261
DisplaySystem.dll	surface_t	load_vptr?	0x0	4	ret:public class surface_t * __thiscall Randy_t::GetBackBuffer(void) const 	10002841	FUN_10002841
DisplaySystem.dll	surface_t	new_size	0x88	0	ctor:public __thiscall surface_t::surface_t(class surface_t *,char *) 	10002c67	FUN_10002c67
DisplaySystem.dll	PixelFormat_t	new_size	0x34	0	ctor:public __thiscall PixelFormat_t::PixelFormat_t(struct _DDPIXELFORMAT const *) 	10002c67	FUN_10002c67
DisplaySystem.dll	Randy_t	load	0x288	1	this:public class surface_t * __thiscall Randy_t::GetBackBuffer(void) const 	100034da	FUN_100034da
DisplaySystem.dll	RMaterial_t	new_size	0xC0	0	ctor:public __thiscall RMaterial_t::RMaterial_t(char const *,class RTexture_t *,class RGB_t const &,class RGB_t const &,class RGB_t const &,class RGB_t const &,float,float,float,bool,bool) 	10004c47	FUN_10004c47
DisplaySystem.dll	RVisual_t	store	0x178	4	this:protected __thiscall RVisual_t::RVisual_t(class RRefFrame_t *,class RAnimation_t *) 	10004c47	FUN_10004c47
DisplaySystem.dll	RVisual_t	store	0x178	4	this:protected __thiscall RVisual_t::RVisual_t(class RRefFrame_t *,class RAnimation_t *) 	10004c47	FUN_10004c47
DisplaySystem.dll	RVisual_t	store_vptr?	0x0	4	this:protected __thiscall RVisual_t::RVisual_t(class RRefFrame_t *,class RAnimation_t *) 	10004c47	FUN_10004c47
DisplaySystem.dll	RVisual_t	store	0xA4	4	this:protected __thiscall RVisual_t::RVisual_t(class RRefFrame_t *,class RAnimation_t *) 	10004c47	FUN_10004c47
DisplaySystem.dll	RVisual_t	store	0x17C	4	this:protected __thiscall RVisual_t::RVisual_t(class RRefFrame_t *,class RAnimation_t *) 	10004c47	FUN_10004c47
DisplaySystem.dll	RVisual_t	store	0x180	4	this:protected __thiscall RVisual_t::RVisual_t(class RRefFrame_t *,class RAnimation_t *) 	10004c47	FUN_10004c47
DisplaySystem.dll	RVisual_t	store	0x184	4	this:protected __thiscall RVisual_t::RVisual_t(class RRefFrame_t *,class RAnimation_t *) 	10004c47	FUN_10004c47
DisplaySystem.dll	RVisual_t	store	0x188	4	this:protected __thiscall RVisual_t::RVisual_t(class RRefFrame_t *,class RAnimation_t *) 	10004c47	FUN_10004c47
DisplaySystem.dll	RVisual_t	store	0x18C	4	this:protected __thiscall RVisual_t::RVisual_t(class RRefFrame_t *,class RAnimation_t *) 	10004c47	FUN_10004c47
DisplaySystem.dll	RVisual_t	addr_passed	0x278	0	this:protected __thiscall RVisual_t::RVisual_t(class RRefFrame_t *,class RAnimation_t *) 	10004c47	FUN_10004c47
DisplaySystem.dll	RVisual_t	addr_passed	0x2A4	0	this:protected __thiscall RVisual_t::RVisual_t(class RRefFrame_t *,class RAnimation_t *) 	10004c47	FUN_10004c47
DisplaySystem.dll	RVisual_t	store	0x2B0	4	this:protected __thiscall RVisual_t::RVisual_t(class RRefFrame_t *,class RAnimation_t *) 	10004c47	FUN_10004c47
DisplaySystem.dll	RVisual_t	store	0x17C	4	this:protected __thiscall RVisual_t::RVisual_t(class RRefFrame_t *,class RAnimation_t *) 	10004c47	FUN_10004c47
DisplaySystem.dll	RVisual_t	store	0x180	4	this:protected __thiscall RVisual_t::RVisual_t(class RRefFrame_t *,class RAnimation_t *) 	10004c47	FUN_10004c47
DisplaySystem.dll	RVisual_t	store	0x198	4	this:protected __thiscall RVisual_t::RVisual_t(class RRefFrame_t *,class RAnimation_t *) 	10004c47	FUN_10004c47
DisplaySystem.dll	RVisual_t	store	0x19C	4	this:protected __thiscall RVisual_t::RVisual_t(class RRefFrame_t *,class RAnimation_t *) 	10004c47	FUN_10004c47
DisplaySystem.dll	RVisual_t	store	0x1A0	4	this:protected __thiscall RVisual_t::RVisual_t(class RRefFrame_t *,class RAnimation_t *) 	10004c47	FUN_10004c47
DisplaySystem.dll	RVisual_t	store	0x1B8	4	this:protected __thiscall RVisual_t::RVisual_t(class RRefFrame_t *,class RAnimation_t *) 	10004c47	FUN_10004c47
DisplaySystem.dll	RVisual_t	store	0x1BC	4	this:protected __thiscall RVisual_t::RVisual_t(class RRefFrame_t *,class RAnimation_t *) 	10004c47	FUN_10004c47
DisplaySystem.dll	RVisual_t	store	0x1C0	4	this:protected __thiscall RVisual_t::RVisual_t(class RRefFrame_t *,class RAnimation_t *) 	10004c47	FUN_10004c47
DisplaySystem.dll	RVisual_t	store	0x1D8	4	this:protected __thiscall RVisual_t::RVisual_t(class RRefFrame_t *,class RAnimation_t *) 	10004c47	FUN_10004c47
DisplaySystem.dll	RVisual_t	store	0x1DC	4	this:protected __thiscall RVisual_t::RVisual_t(class RRefFrame_t *,class RAnimation_t *) 	10004c47	FUN_10004c47
DisplaySystem.dll	RVisual_t	store	0x1E0	4	this:protected __thiscall RVisual_t::RVisual_t(class RRefFrame_t *,class RAnimation_t *) 	10004c47	FUN_10004c47
DisplaySystem.dll	RVisual_t	store	0x1F8	4	this:protected __thiscall RVisual_t::RVisual_t(class RRefFrame_t *,class RAnimation_t *) 	10004c47	FUN_10004c47
DisplaySystem.dll	RVisual_t	store	0x1FC	4	this:protected __thiscall RVisual_t::RVisual_t(class RRefFrame_t *,class RAnimation_t *) 	10004c47	FUN_10004c47
DisplaySystem.dll	RVisual_t	store	0x200	4	this:protected __thiscall RVisual_t::RVisual_t(class RRefFrame_t *,class RAnimation_t *) 	10004c47	FUN_10004c47
DisplaySystem.dll	RVisual_t	store	0x218	4	this:protected __thiscall RVisual_t::RVisual_t(class RRefFrame_t *,class RAnimation_t *) 	10004c47	FUN_10004c47
DisplaySystem.dll	RVisual_t	store	0x21C	4	this:protected __thiscall RVisual_t::RVisual_t(class RRefFrame_t *,class RAnimation_t *) 	10004c47	FUN_10004c47
DisplaySystem.dll	RVisual_t	store	0x220	4	this:protected __thiscall RVisual_t::RVisual_t(class RRefFrame_t *,class RAnimation_t *) 	10004c47	FUN_10004c47
DisplaySystem.dll	RVisual_t	store	0x238	4	this:protected __thiscall RVisual_t::RVisual_t(class RRefFrame_t *,class RAnimation_t *) 	10004c47	FUN_10004c47
DisplaySystem.dll	RVisual_t	store	0x23C	4	this:protected __thiscall RVisual_t::RVisual_t(class RRefFrame_t *,class RAnimation_t *) 	10004c47	FUN_10004c47
DisplaySystem.dll	RVisual_t	store	0x240	4	this:protected __thiscall RVisual_t::RVisual_t(class RRefFrame_t *,class RAnimation_t *) 	10004c47	FUN_10004c47
DisplaySystem.dll	RVisual_t	store	0x258	4	this:protected __thiscall RVisual_t::RVisual_t(class RRefFrame_t *,class RAnimation_t *) 	10004c47	FUN_10004c47
DisplaySystem.dll	RVisual_t	store	0x25C	4	this:protected __thiscall RVisual_t::RVisual_t(class RRefFrame_t *,class RAnimation_t *) 	10004c47	FUN_10004c47
DisplaySystem.dll	RVisual_t	store	0x260	4	this:protected __thiscall RVisual_t::RVisual_t(class RRefFrame_t *,class RAnimation_t *) 	10004c47	FUN_10004c47
DisplaySystem.dll	RVisual_t	store	0x184	4	this:protected __thiscall RVisual_t::RVisual_t(class RRefFrame_t *,class RAnimation_t *) 	10004c47	FUN_10004c47
DisplaySystem.dll	RVisual_t	store	0x188	4	this:protected __thiscall RVisual_t::RVisual_t(class RRefFrame_t *,class RAnimation_t *) 	10004c47	FUN_10004c47
DisplaySystem.dll	RVisual_t	store	0x18C	4	this:protected __thiscall RVisual_t::RVisual_t(class RRefFrame_t *,class RAnimation_t *) 	10004c47	FUN_10004c47
DisplaySystem.dll	RVisual_t	store	0x1A4	4	this:protected __thiscall RVisual_t::RVisual_t(class RRefFrame_t *,class RAnimation_t *) 	10004c47	FUN_10004c47
DisplaySystem.dll	RVisual_t	store	0x1A8	4	this:protected __thiscall RVisual_t::RVisual_t(class RRefFrame_t *,class RAnimation_t *) 	10004c47	FUN_10004c47
DisplaySystem.dll	RVisual_t	store	0x1AC	4	this:protected __thiscall RVisual_t::RVisual_t(class RRefFrame_t *,class RAnimation_t *) 	10004c47	FUN_10004c47
DisplaySystem.dll	RVisual_t	store	0x1C4	4	this:protected __thiscall RVisual_t::RVisual_t(class RRefFrame_t *,class RAnimation_t *) 	10004c47	FUN_10004c47
DisplaySystem.dll	RVisual_t	store	0x1C8	4	this:protected __thiscall RVisual_t::RVisual_t(class RRefFrame_t *,class RAnimation_t *) 	10004c47	FUN_10004c47
DisplaySystem.dll	RVisual_t	store	0x1CC	4	this:protected __thiscall RVisual_t::RVisual_t(class RRefFrame_t *,class RAnimation_t *) 	10004c47	FUN_10004c47
DisplaySystem.dll	RVisual_t	store	0x1E4	4	this:protected __thiscall RVisual_t::RVisual_t(class RRefFrame_t *,class RAnimation_t *) 	10004c47	FUN_10004c47
DisplaySystem.dll	RVisual_t	store	0x1E8	4	this:protected __thiscall RVisual_t::RVisual_t(class RRefFrame_t *,class RAnimation_t *) 	10004c47	FUN_10004c47
DisplaySystem.dll	RVisual_t	store	0x1EC	4	this:protected __thiscall RVisual_t::RVisual_t(class RRefFrame_t *,class RAnimation_t *) 	10004c47	FUN_10004c47
DisplaySystem.dll	RVisual_t	store	0x204	4	this:protected __thiscall RVisual_t::RVisual_t(class RRefFrame_t *,class RAnimation_t *) 	10004c47	FUN_10004c47
DisplaySystem.dll	RVisual_t	store	0x208	4	this:protected __thiscall RVisual_t::RVisual_t(class RRefFrame_t *,class RAnimation_t *) 	10004c47	FUN_10004c47
DisplaySystem.dll	RVisual_t	store	0x20C	4	this:protected __thiscall RVisual_t::RVisual_t(class RRefFrame_t *,class RAnimation_t *) 	10004c47	FUN_10004c47
DisplaySystem.dll	RVisual_t	store	0x224	4	this:protected __thiscall RVisual_t::RVisual_t(class RRefFrame_t *,class RAnimation_t *) 	10004c47	FUN_10004c47
DisplaySystem.dll	RVisual_t	store	0x228	4	this:protected __thiscall RVisual_t::RVisual_t(class RRefFrame_t *,class RAnimation_t *) 	10004c47	FUN_10004c47
DisplaySystem.dll	RVisual_t	store	0x22C	4	this:protected __thiscall RVisual_t::RVisual_t(class RRefFrame_t *,class RAnimation_t *) 	10004c47	FUN_10004c47
DisplaySystem.dll	RVisual_t	store	0x244	4	this:protected __thiscall RVisual_t::RVisual_t(class RRefFrame_t *,class RAnimation_t *) 	10004c47	FUN_10004c47
DisplaySystem.dll	RVisual_t	store	0x248	4	this:protected __thiscall RVisual_t::RVisual_t(class RRefFrame_t *,class RAnimation_t *) 	10004c47	FUN_10004c47
DisplaySystem.dll	RVisual_t	store	0x24C	4	this:protected __thiscall RVisual_t::RVisual_t(class RRefFrame_t *,class RAnimation_t *) 	10004c47	FUN_10004c47
DisplaySystem.dll	RVisual_t	store	0x264	4	this:protected __thiscall RVisual_t::RVisual_t(class RRefFrame_t *,class RAnimation_t *) 	10004c47	FUN_10004c47
DisplaySystem.dll	RVisual_t	store	0x268	4	this:protected __thiscall RVisual_t::RVisual_t(class RRefFrame_t *,class RAnimation_t *) 	10004c47	FUN_10004c47
DisplaySystem.dll	RVisual_t	store	0x26C	4	this:protected __thiscall RVisual_t::RVisual_t(class RRefFrame_t *,class RAnimation_t *) 	10004c47	FUN_10004c47
DisplaySystem.dll	RVisual_t	store	0x190	4	this:protected __thiscall RVisual_t::RVisual_t(class RRefFrame_t *,class RAnimation_t *) 	10004c47	FUN_10004c47
DisplaySystem.dll	RVisual_t	store	0x194	4	this:protected __thiscall RVisual_t::RVisual_t(class RRefFrame_t *,class RAnimation_t *) 	10004c47	FUN_10004c47
DisplaySystem.dll	RVisual_t	addr_passed	0x278	0	this:protected __thiscall RVisual_t::RVisual_t(class RRefFrame_t *,class RAnimation_t *) 	10004c47	FUN_10004c47
DisplaySystem.dll	RVisual_t	store	0x1B0	4	this:protected __thiscall RVisual_t::RVisual_t(class RRefFrame_t *,class RAnimation_t *) 	10004c47	FUN_10004c47
DisplaySystem.dll	RVisual_t	store	0x1B4	4	this:protected __thiscall RVisual_t::RVisual_t(class RRefFrame_t *,class RAnimation_t *) 	10004c47	FUN_10004c47
DisplaySystem.dll	RVisual_t	store	0x1D4	4	this:protected __thiscall RVisual_t::RVisual_t(class RRefFrame_t *,class RAnimation_t *) 	10004c47	FUN_10004c47
DisplaySystem.dll	RVisual_t	store	0x1F0	4	this:protected __thiscall RVisual_t::RVisual_t(class RRefFrame_t *,class RAnimation_t *) 	10004c47	FUN_10004c47
DisplaySystem.dll	RVisual_t	store	0x1F4	4	this:protected __thiscall RVisual_t::RVisual_t(class RRefFrame_t *,class RAnimation_t *) 	10004c47	FUN_10004c47
DisplaySystem.dll	RVisual_t	store	0x230	4	this:protected __thiscall RVisual_t::RVisual_t(class RRefFrame_t *,class RAnimation_t *) 	10004c47	FUN_10004c47
DisplaySystem.dll	RVisual_t	store	0x270	4	this:protected __thiscall RVisual_t::RVisual_t(class RRefFrame_t *,class RAnimation_t *) 	10004c47	FUN_10004c47
DisplaySystem.dll	RVisual_t	store	0x1D0	4	this:protected __thiscall RVisual_t::RVisual_t(class RRefFrame_t *,class RAnimation_t *) 	10004c47	FUN_10004c47
DisplaySystem.dll	RVisual_t	store	0x210	4	this:protected __thiscall RVisual_t::RVisual_t(class RRefFrame_t *,class RAnimation_t *) 	10004c47	FUN_10004c47
DisplaySystem.dll	RVisual_t	store	0x214	4	this:protected __thiscall RVisual_t::RVisual_t(class RRefFrame_t *,class RAnimation_t *) 	10004c47	FUN_10004c47
DisplaySystem.dll	RVisual_t	store	0x234	4	this:protected __thiscall RVisual_t::RVisual_t(class RRefFrame_t *,class RAnimation_t *) 	10004c47	FUN_10004c47
DisplaySystem.dll	RVisual_t	store	0x250	4	this:protected __thiscall RVisual_t::RVisual_t(class RRefFrame_t *,class RAnimation_t *) 	10004c47	FUN_10004c47
DisplaySystem.dll	RVisual_t	store	0x254	4	this:protected __thiscall RVisual_t::RVisual_t(class RRefFrame_t *,class RAnimation_t *) 	10004c47	FUN_10004c47
DisplaySystem.dll	RVisual_t	store	0x274	4	this:protected __thiscall RVisual_t::RVisual_t(class RRefFrame_t *,class RAnimation_t *) 	10004c47	FUN_10004c47
DisplaySystem.dll	RVisual_t	store	0x2A0	4	this:protected __thiscall RVisual_t::RVisual_t(class RRefFrame_t *,class RAnimation_t *) 	10004c47	FUN_10004c47
DisplaySystem.dll	RVisual_t	store_vptr?	0x0	4	this:protected virtual __thiscall RVisual_t::~RVisual_t(void) 	1000501f	FUN_1000501f
DisplaySystem.dll	RVisual_t	store	0xA4	4	this:protected virtual __thiscall RVisual_t::~RVisual_t(void) 	1000501f	FUN_1000501f
DisplaySystem.dll	RVisual_t	load	0x2B0	4	this:protected virtual __thiscall RVisual_t::~RVisual_t(void) 	1000501f	FUN_1000501f
DisplaySystem.dll	RVisual_t	addr_passed	0x2A4	0	this:protected virtual __thiscall RVisual_t::~RVisual_t(void) 	1000501f	FUN_1000501f
DisplaySystem.dll	RVisual_t	load	0x2A4	4	this:protected virtual __thiscall RVisual_t::~RVisual_t(void) 	1000501f	FUN_1000501f
DisplaySystem.dll	RRefFrame_t	new_size	0xA4	0	ctor:public __thiscall RRefFrame_t::RRefFrame_t(class RRefFrame_t const &) 	100053ae	FUN_100053ae
DisplaySystem.dll	RRefFrame_t	load	0x1EC	4	this:public class TMatrix4_t const & __thiscall RRefFrame_t::GetWorldMatrix(void) const 	10005cd2	FUN_10005cd2
DisplaySystem.dll	RRefFrame_t	load	0x18C	4	this:public class TMatrix4_t const & __thiscall RRefFrame_t::GetWorldMatrix(void) const 	10005cd2	FUN_10005cd2
DisplaySystem.dll	RRefFrame_t	load	0x188	4	this:public class TMatrix4_t const & __thiscall RRefFrame_t::GetWorldMatrix(void) const 	10005cd2	FUN_10005cd2
DisplaySystem.dll	RRefFrame_t	store	0x17C	4	this:public class TMatrix4_t const & __thiscall RRefFrame_t::GetWorldMatrix(void) const 	10005cd2	FUN_10005cd2
DisplaySystem.dll	RRefFrame_t	addr_passed	0x17C	0	this:public class TMatrix4_t const & __thiscall RRefFrame_t::GetWorldMatrix(void) const 	10005cd2	FUN_10005cd2
DisplaySystem.dll	RRefFrame_t	store	0x180	4	this:public class TMatrix4_t const & __thiscall RRefFrame_t::GetWorldMatrix(void) const 	10005cd2	FUN_10005cd2
DisplaySystem.dll	RRefFrame_t	store	0x184	4	this:public class TMatrix4_t const & __thiscall RRefFrame_t::GetWorldMatrix(void) const 	10005cd2	FUN_10005cd2
DisplaySystem.dll	RRefFrame_t	load	0x188	4	this:public class TMatrix4_t const & __thiscall RRefFrame_t::GetWorldMatrix(void) const 	10005cd2	FUN_10005cd2
DisplaySystem.dll	RRefFrame_t	load	0x17C	4	this:public class TMatrix4_t const & __thiscall RRefFrame_t::GetWorldMatrix(void) const 	10005cd2	FUN_10005cd2
DisplaySystem.dll	RRefFrame_t	load	0x188	4	this:public class TMatrix4_t const & __thiscall RRefFrame_t::GetWorldMatrix(void) const 	10005cd2	FUN_10005cd2
DisplaySystem.dll	RRefFrame_t	load	0x180	4	this:public class TMatrix4_t const & __thiscall RRefFrame_t::GetWorldMatrix(void) const 	10005cd2	FUN_10005cd2
DisplaySystem.dll	RRefFrame_t	load	0x188	4	this:public class TMatrix4_t const & __thiscall RRefFrame_t::GetWorldMatrix(void) const 	10005cd2	FUN_10005cd2
DisplaySystem.dll	RRefFrame_t	load	0x1EC	4	this:public class TMatrix4_t const & __thiscall RRefFrame_t::GetWorldMatrix(void) const 	10005cd2	FUN_10005cd2
DisplaySystem.dll	RRefFrame_t	load	0x184	4	this:public class TMatrix4_t const & __thiscall RRefFrame_t::GetWorldMatrix(void) const 	10005cd2	FUN_10005cd2
DisplaySystem.dll	RRefFrame_t	load	0x1EC	4	this:public class TMatrix4_t const & __thiscall RRefFrame_t::GetWorldMatrix(void) const 	10005cd2	FUN_10005cd2
DisplaySystem.dll	RRefFrame_t	load	0x198	4	this:public class TMatrix4_t const & __thiscall RRefFrame_t::GetWorldMatrix(void) const 	10005cd2	FUN_10005cd2
DisplaySystem.dll	RRefFrame_t	load	0x194	4	this:public class TMatrix4_t const & __thiscall RRefFrame_t::GetWorldMatrix(void) const 	10005cd2	FUN_10005cd2
DisplaySystem.dll	RRefFrame_t	load	0x1EC	4	this:public class TMatrix4_t const & __thiscall RRefFrame_t::GetWorldMatrix(void) const 	10005cd2	FUN_10005cd2
DisplaySystem.dll	RRefFrame_t	load	0x1D8	4	this:public class TMatrix4_t const & __thiscall RRefFrame_t::GetWorldMatrix(void) const 	10005cd2	FUN_10005cd2
DisplaySystem.dll	RRefFrame_t	load	0x1D4	4	this:public class TMatrix4_t const & __thiscall RRefFrame_t::GetWorldMatrix(void) const 	10005cd2	FUN_10005cd2
DisplaySystem.dll	RRefFrame_t	load	0x1EC	4	this:public class TMatrix4_t const & __thiscall RRefFrame_t::GetWorldMatrix(void) const 	10005cd2	FUN_10005cd2
DisplaySystem.dll	RRefFrame_t	load	0x1D4	4	this:public class TMatrix4_t const & __thiscall RRefFrame_t::GetWorldMatrix(void) const 	10005cd2	FUN_10005cd2
DisplaySystem.dll	RRefFrame_t	load	0x1AC	4	this:public class TMatrix4_t const & __thiscall RRefFrame_t::GetWorldMatrix(void) const 	10005cd2	FUN_10005cd2
DisplaySystem.dll	RRefFrame_t	load	0x1EC	4	this:public class TMatrix4_t const & __thiscall RRefFrame_t::GetWorldMatrix(void) const 	10005cd2	FUN_10005cd2
DisplaySystem.dll	RRefFrame_t	load	0x1FC	4	this:public class TMatrix4_t const & __thiscall RRefFrame_t::GetWorldMatrix(void) const 	10005cd2	FUN_10005cd2
DisplaySystem.dll	RVisual_t	addr_passed	0x230	0	this:protected unsigned int __thiscall RVisual_t::CullLights(class RViewPort_t &,float,unsigned int) 	1000612d	FUN_1000612d
DisplaySystem.dll	RVisual_t	load	0x20C	4	this:protected unsigned int __thiscall RVisual_t::CullLights(class RViewPort_t &,float,unsigned int) 	1000612d	FUN_1000612d
DisplaySystem.dll	RVisual_t	addr_passed	0x230	0	this:protected unsigned int __thiscall RVisual_t::CullLights(class RViewPort_t &,float,unsigned int) 	1000612d	FUN_1000612d
DisplaySystem.dll	RVisual_t	load	0x22C	4	this:protected unsigned int __thiscall RVisual_t::CullLights(class RViewPort_t &,float,unsigned int) 	1000612d	FUN_1000612d
DisplaySystem.dll	RVisual_t	load	0x224	4	this:protected unsigned int __thiscall RVisual_t::CullLights(class RViewPort_t &,float,unsigned int) 	1000612d	FUN_1000612d
DisplaySystem.dll	RVisual_t	load	0x228	4	this:protected unsigned int __thiscall RVisual_t::CullLights(class RViewPort_t &,float,unsigned int) 	1000612d	FUN_1000612d
DisplaySystem.dll	RVisual_t	load	0x220	4	this:protected unsigned int __thiscall RVisual_t::CullLights(class RViewPort_t &,float,unsigned int) 	1000612d	FUN_1000612d
DisplaySystem.dll	RVisual_t	addr_passed	0x230	0	this:protected unsigned int __thiscall RVisual_t::CullLights(class RViewPort_t &,float,unsigned int) 	1000612d	FUN_1000612d
DisplaySystem.dll	RVisual_t	store_vptr?	0x0	4	this:protected virtual __thiscall RVisual_t::~RVisual_t(void) 	10006307	FUN_10006307
DisplaySystem.dll	RVisual_t	store	0xA4	4	this:protected virtual __thiscall RVisual_t::~RVisual_t(void) 	10006307	FUN_10006307
DisplaySystem.dll	RVisual_t	store	0xB8	4	this:protected virtual __thiscall RVisual_t::~RVisual_t(void) 	10006307	FUN_10006307
DisplaySystem.dll	RVisual_t	load	0x210	4	this:protected virtual __thiscall RVisual_t::~RVisual_t(void) 	10006307	FUN_10006307
DisplaySystem.dll	RVisual_t	load	0x220	4	this:protected virtual __thiscall RVisual_t::~RVisual_t(void) 	10006307	FUN_10006307
DisplaySystem.dll	RVisual_t	load	0x224	4	this:protected virtual __thiscall RVisual_t::~RVisual_t(void) 	10006307	FUN_10006307
DisplaySystem.dll	RVisual_t	addr_passed	0x230	0	this:protected virtual __thiscall RVisual_t::~RVisual_t(void) 	10006307	FUN_10006307
DisplaySystem.dll	RVisual_t	addr_passed	0x1FC	0	this:protected virtual __thiscall RVisual_t::~RVisual_t(void) 	10006307	FUN_10006307
DisplaySystem.dll	RVisual_t	addr_passed	0x1EC	0	this:protected virtual __thiscall RVisual_t::~RVisual_t(void) 	10006307	FUN_10006307
DisplaySystem.dll	RVisual_t	addr_passed	0x1C0	0	this:protected virtual __thiscall RVisual_t::~RVisual_t(void) 	10006307	FUN_10006307
DisplaySystem.dll	DefaultMaterial_t	new_size	0xC0	0	ctor:public __thiscall DefaultMaterial_t::DefaultMaterial_t(bool) 	100063b8	fun::Emmitter_c::Emmitter_c
DisplaySystem.dll	RDeltaState	new_size	0x16C	0	ctor:public __thiscall RDeltaState::RDeltaState(char const *) 	100063b8	fun::Emmitter_c::Emmitter_c
DisplaySystem.dll	RVisual_t	store_vptr?	0x0	4	this:protected __thiscall RVisual_t::RVisual_t(class RRefFrame_t *,class RAnimation_t *) 	100063b8	fun::Emmitter_c::Emmitter_c
DisplaySystem.dll	RVisual_t	store	0xA4	4	this:protected __thiscall RVisual_t::RVisual_t(class RRefFrame_t *,class RAnimation_t *) 	100063b8	fun::Emmitter_c::Emmitter_c
DisplaySystem.dll	RVisual_t	store	0x17C	4	this:protected __thiscall RVisual_t::RVisual_t(class RRefFrame_t *,class RAnimation_t *) 	100063b8	fun::Emmitter_c::Emmitter_c
DisplaySystem.dll	RVisual_t	store	0x180	4	this:protected __thiscall RVisual_t::RVisual_t(class RRefFrame_t *,class RAnimation_t *) 	100063b8	fun::Emmitter_c::Emmitter_c
DisplaySystem.dll	RVisual_t	store	0x184	4	this:protected __thiscall RVisual_t::RVisual_t(class RRefFrame_t *,class RAnimation_t *) 	100063b8	fun::Emmitter_c::Emmitter_c
DisplaySystem.dll	RVisual_t	store	0x1C0	4	this:protected __thiscall RVisual_t::RVisual_t(class RRefFrame_t *,class RAnimation_t *) 	100063b8	fun::Emmitter_c::Emmitter_c
DisplaySystem.dll	RVisual_t	store	0x1C4	4	this:protected __thiscall RVisual_t::RVisual_t(class RRefFrame_t *,class RAnimation_t *) 	100063b8	fun::Emmitter_c::Emmitter_c
DisplaySystem.dll	RVisual_t	store	0x1C8	4	this:protected __thiscall RVisual_t::RVisual_t(class RRefFrame_t *,class RAnimation_t *) 	100063b8	fun::Emmitter_c::Emmitter_c
DisplaySystem.dll	RVisual_t	store	0x1DC	4	this:protected __thiscall RVisual_t::RVisual_t(class RRefFrame_t *,class RAnimation_t *) 	100063b8	fun::Emmitter_c::Emmitter_c
DisplaySystem.dll	RVisual_t	store	0x1E0	4	this:protected __thiscall RVisual_t::RVisual_t(class RRefFrame_t *,class RAnimation_t *) 	100063b8	fun::Emmitter_c::Emmitter_c
DisplaySystem.dll	RVisual_t	store	0x1EC	4	this:protected __thiscall RVisual_t::RVisual_t(class RRefFrame_t *,class RAnimation_t *) 	100063b8	fun::Emmitter_c::Emmitter_c
DisplaySystem.dll	RVisual_t	store	0x1E4	4	this:protected __thiscall RVisual_t::RVisual_t(class RRefFrame_t *,class RAnimation_t *) 	100063b8	fun::Emmitter_c::Emmitter_c
DisplaySystem.dll	RVisual_t	store	0x1F0	4	this:protected __thiscall RVisual_t::RVisual_t(class RRefFrame_t *,class RAnimation_t *) 	100063b8	fun::Emmitter_c::Emmitter_c
DisplaySystem.dll	RVisual_t	store	0x1F4	4	this:protected __thiscall RVisual_t::RVisual_t(class RRefFrame_t *,class RAnimation_t *) 	100063b8	fun::Emmitter_c::Emmitter_c
DisplaySystem.dll	RVisual_t	store	0x1FC	4	this:protected __thiscall RVisual_t::RVisual_t(class RRefFrame_t *,class RAnimation_t *) 	100063b8	fun::Emmitter_c::Emmitter_c
DisplaySystem.dll	RVisual_t	store	0x200	4	this:protected __thiscall RVisual_t::RVisual_t(class RRefFrame_t *,class RAnimation_t *) 	100063b8	fun::Emmitter_c::Emmitter_c
DisplaySystem.dll	RVisual_t	store	0x204	4	this:protected __thiscall RVisual_t::RVisual_t(class RRefFrame_t *,class RAnimation_t *) 	100063b8	fun::Emmitter_c::Emmitter_c
DisplaySystem.dll	RVisual_t	addr_passed	0x230	0	this:protected __thiscall RVisual_t::RVisual_t(class RRefFrame_t *,class RAnimation_t *) 	100063b8	fun::Emmitter_c::Emmitter_c
DisplaySystem.dll	RVisual_t	addr_passed	0x1EC	0	this:protected __thiscall RVisual_t::RVisual_t(class RRefFrame_t *,class RAnimation_t *) 	100063b8	fun::Emmitter_c::Emmitter_c
DisplaySystem.dll	RVisual_t	store	0x19C	4	this:protected __thiscall RVisual_t::RVisual_t(class RRefFrame_t *,class RAnimation_t *) 	100063b8	fun::Emmitter_c::Emmitter_c
DisplaySystem.dll	RVisual_t	load	0x19C	4	this:protected __thiscall RVisual_t::RVisual_t(class RRefFrame_t *,class RAnimation_t *) 	100063b8	fun::Emmitter_c::Emmitter_c
DisplaySystem.dll	RVisual_t	addr_passed	0x1FC	0	this:protected __thiscall RVisual_t::RVisual_t(class RRefFrame_t *,class RAnimation_t *) 	100063b8	fun::Emmitter_c::Emmitter_c
DisplaySystem.dll	RVisual_t	load	0x19C	4	this:protected __thiscall RVisual_t::RVisual_t(class RRefFrame_t *,class RAnimation_t *) 	100063b8	fun::Emmitter_c::Emmitter_c
DisplaySystem.dll	RVisual_t	store	0x220	4	this:protected __thiscall RVisual_t::RVisual_t(class RRefFrame_t *,class RAnimation_t *) 	100063b8	fun::Emmitter_c::Emmitter_c
DisplaySystem.dll	RVisual_t	load	0x19C	4	this:protected __thiscall RVisual_t::RVisual_t(class RRefFrame_t *,class RAnimation_t *) 	100063b8	fun::Emmitter_c::Emmitter_c
DisplaySystem.dll	RVisual_t	store	0x224	4	this:protected __thiscall RVisual_t::RVisual_t(class RRefFrame_t *,class RAnimation_t *) 	100063b8	fun::Emmitter_c::Emmitter_c
DisplaySystem.dll	RVisual_t	store	0x20C	4	this:protected __thiscall RVisual_t::RVisual_t(class RRefFrame_t *,class RAnimation_t *) 	100063b8	fun::Emmitter_c::Emmitter_c
DisplaySystem.dll	RVisual_t	store	0xB8	4	this:protected __thiscall RVisual_t::RVisual_t(class RRefFrame_t *,class RAnimation_t *) 	100063b8	fun::Emmitter_c::Emmitter_c
DisplaySystem.dll	RVisual_t	load	0x20C	4	this:protected __thiscall RVisual_t::RVisual_t(class RRefFrame_t *,class RAnimation_t *) 	100063b8	fun::Emmitter_c::Emmitter_c
DisplaySystem.dll	RVisual_t	store	0xB8	4	this:protected __thiscall RVisual_t::RVisual_t(class RRefFrame_t *,class RAnimation_t *) 	100063b8	fun::Emmitter_c::Emmitter_c
DisplaySystem.dll	RVisual_t	load	0xB8	4	this:protected __thiscall RVisual_t::RVisual_t(class RRefFrame_t *,class RAnimation_t *) 	100063b8	fun::Emmitter_c::Emmitter_c
DisplaySystem.dll	RVisual_t	store	0x210	4	this:protected __thiscall RVisual_t::RVisual_t(class RRefFrame_t *,class RAnimation_t *) 	100063b8	fun::Emmitter_c::Emmitter_c
DisplaySystem.dll	RVisual_t	store	0x214	4	this:protected __thiscall RVisual_t::RVisual_t(class RRefFrame_t *,class RAnimation_t *) 	100063b8	fun::Emmitter_c::Emmitter_c
DisplaySystem.dll	RVisual_t	store	0x218	4	this:protected __thiscall RVisual_t::RVisual_t(class RRefFrame_t *,class RAnimation_t *) 	100063b8	fun::Emmitter_c::Emmitter_c
DisplaySystem.dll	RVisual_t	store	0x21C	4	this:protected __thiscall RVisual_t::RVisual_t(class RRefFrame_t *,class RAnimation_t *) 	100063b8	fun::Emmitter_c::Emmitter_c
DisplaySystem.dll	RVisual_t	load	0x19C	4	this:protected __thiscall RVisual_t::RVisual_t(class RRefFrame_t *,class RAnimation_t *) 	100063b8	fun::Emmitter_c::Emmitter_c
DisplaySystem.dll	RVisual_t	load	0x1EC	4	this:protected __thiscall RVisual_t::RVisual_t(class RRefFrame_t *,class RAnimation_t *) 	100063b8	fun::Emmitter_c::Emmitter_c
DisplaySystem.dll	RVisual_t	load	0x1FC	4	this:protected __thiscall RVisual_t::RVisual_t(class RRefFrame_t *,class RAnimation_t *) 	100063b8	fun::Emmitter_c::Emmitter_c
DisplaySystem.dll	RVisual_t	load	0x19C	4	this:protected __thiscall RVisual_t::RVisual_t(class RRefFrame_t *,class RAnimation_t *) 	100063b8	fun::Emmitter_c::Emmitter_c
DisplaySystem.dll	RVisual_t	store	0x1E8	4	this:protected __thiscall RVisual_t::RVisual_t(class RRefFrame_t *,class RAnimation_t *) 	100063b8	fun::Emmitter_c::Emmitter_c
DisplaySystem.dll	RVisual_t	store	0x1DC	4	this:protected __thiscall RVisual_t::RVisual_t(class RRefFrame_t *,class RAnimation_t *) 	100063b8	fun::Emmitter_c::Emmitter_c
DisplaySystem.dll	RVisual_t	addr_passed	0x230	0	this:protected __thiscall RVisual_t::RVisual_t(class RRefFrame_t *,class RAnimation_t *) 	100063b8	fun::Emmitter_c::Emmitter_c
DisplaySystem.dll	RVisual_t	store	0x178	1	this:protected __thiscall RVisual_t::RVisual_t(class RRefFrame_t *,class RAnimation_t *) 	100063b8	fun::Emmitter_c::Emmitter_c
DisplaySystem.dll	RVisual_t	store	0x1E0	4	this:protected __thiscall RVisual_t::RVisual_t(class RRefFrame_t *,class RAnimation_t *) 	100063b8	fun::Emmitter_c::Emmitter_c
DisplaySystem.dll	RVisual_t	store	0x1E4	4	this:protected __thiscall RVisual_t::RVisual_t(class RRefFrame_t *,class RAnimation_t *) 	100063b8	fun::Emmitter_c::Emmitter_c
DisplaySystem.dll	RVisual_t	addr_passed	0x230	0	this:protected __thiscall RVisual_t::RVisual_t(class RRefFrame_t *,class RAnimation_t *) 	100063b8	fun::Emmitter_c::Emmitter_c
DisplaySystem.dll	RVisual_t	addr_passed	0x230	0	this:protected __thiscall RVisual_t::RVisual_t(class RRefFrame_t *,class RAnimation_t *) 	100063b8	fun::Emmitter_c::Emmitter_c
DisplaySystem.dll	RVisual_t	addr_passed	0x230	0	this:protected __thiscall RVisual_t::RVisual_t(class RRefFrame_t *,class RAnimation_t *) 	100063b8	fun::Emmitter_c::Emmitter_c
DisplaySystem.dll	RVisual_t	addr_passed	0x230	0	this:protected __thiscall RVisual_t::RVisual_t(class RRefFrame_t *,class RAnimation_t *) 	100063b8	fun::Emmitter_c::Emmitter_c
DisplaySystem.dll	RVisual_t	addr_passed	0x230	0	this:protected __thiscall RVisual_t::RVisual_t(class RRefFrame_t *,class RAnimation_t *) 	100063b8	fun::Emmitter_c::Emmitter_c
DisplaySystem.dll	RMaterial_t	new_size	0xC0	0	ctor:public __thiscall RMaterial_t::RMaterial_t(char const *,class RTexture_t *,class RGB_t const &,class RGB_t const &,class RGB_t const &,class RGB_t const &,float,float,float,bool,bool) 	10006fb5	FUN_10006fb5
DisplaySystem.dll	RDeltaState	new_size	0x16C	0	ctor:public __thiscall RDeltaState::RDeltaState(char const *) 	10006fb5	FUN_10006fb5
DisplaySystem.dll	RVisual_t	addr_passed	0x178	0	this:protected __thiscall RVisual_t::RVisual_t(class RRefFrame_t *,class RAnimation_t *) 	10006fb5	FUN_10006fb5
DisplaySystem.dll	RVisual_t	store_vptr?	0x0	4	this:protected __thiscall RVisual_t::RVisual_t(class RRefFrame_t *,class RAnimation_t *) 	10006fb5	FUN_10006fb5
DisplaySystem.dll	RVisual_t	store	0xA4	4	this:protected __thiscall RVisual_t::RVisual_t(class RRefFrame_t *,class RAnimation_t *) 	10006fb5	FUN_10006fb5
DisplaySystem.dll	RVisual_t	store	0x1AC	4	this:protected __thiscall RVisual_t::RVisual_t(class RRefFrame_t *,class RAnimation_t *) 	10006fb5	FUN_10006fb5
DisplaySystem.dll	RVisual_t	store	0x1AC	4	this:protected __thiscall RVisual_t::RVisual_t(class RRefFrame_t *,class RAnimation_t *) 	10006fb5	FUN_10006fb5
DisplaySystem.dll	RVisual_t	addr_passed	0x1B8	0	this:protected __thiscall RVisual_t::RVisual_t(class RRefFrame_t *,class RAnimation_t *) 	10006fb5	FUN_10006fb5
DisplaySystem.dll	RVisual_t	store	0x1B0	4	this:protected __thiscall RVisual_t::RVisual_t(class RRefFrame_t *,class RAnimation_t *) 	10006fb5	FUN_10006fb5
DisplaySystem.dll	RVisual_t	store	0x1B4	4	this:protected __thiscall RVisual_t::RVisual_t(class RRefFrame_t *,class RAnimation_t *) 	10006fb5	FUN_10006fb5
DisplaySystem.dll	RVisual_t	store	0x1A4	4	this:protected __thiscall RVisual_t::RVisual_t(class RRefFrame_t *,class RAnimation_t *) 	10006fb5	FUN_10006fb5
DisplaySystem.dll	RVisual_t	store	0x1A8	4	this:protected __thiscall RVisual_t::RVisual_t(class RRefFrame_t *,class RAnimation_t *) 	10006fb5	FUN_10006fb5
DisplaySystem.dll	RVisual_t	store	0x1B0	4	this:protected __thiscall RVisual_t::RVisual_t(class RRefFrame_t *,class RAnimation_t *) 	10006fb5	FUN_10006fb5
DisplaySystem.dll	RVisual_t	store	0x1B4	4	this:protected __thiscall RVisual_t::RVisual_t(class RRefFrame_t *,class RAnimation_t *) 	10006fb5	FUN_10006fb5
DisplaySystem.dll	RVisual_t	store	0x1C4	4	this:protected __thiscall RVisual_t::RVisual_t(class RRefFrame_t *,class RAnimation_t *) 	10006fb5	FUN_10006fb5
DisplaySystem.dll	RVisual_t	load	0xB8	4	this:protected __thiscall RVisual_t::RVisual_t(class RRefFrame_t *,class RAnimation_t *) 	10006fb5	FUN_10006fb5
DisplaySystem.dll	RVisual_t	store	0xB8	4	this:protected __thiscall RVisual_t::RVisual_t(class RRefFrame_t *,class RAnimation_t *) 	10006fb5	FUN_10006fb5
DisplaySystem.dll	RVisual_t	load	0xB8	4	this:protected __thiscall RVisual_t::RVisual_t(class RRefFrame_t *,class RAnimation_t *) 	10006fb5	FUN_10006fb5
DisplaySystem.dll	RVisual_t	load	0xB8	4	this:protected __thiscall RVisual_t::RVisual_t(class RRefFrame_t *,class RAnimation_t *) 	10006fb5	FUN_10006fb5
DisplaySystem.dll	RVisual_t	load	0xB8	4	this:protected __thiscall RVisual_t::RVisual_t(class RRefFrame_t *,class RAnimation_t *) 	10006fb5	FUN_10006fb5
DisplaySystem.dll	RVisual_t	load	0xB8	4	this:protected __thiscall RVisual_t::RVisual_t(class RRefFrame_t *,class RAnimation_t *) 	10006fb5	FUN_10006fb5
DisplaySystem.dll	RVisual_t	load	0xB8	4	this:protected __thiscall RVisual_t::RVisual_t(class RRefFrame_t *,class RAnimation_t *) 	10006fb5	FUN_10006fb5
DisplaySystem.dll	RVisual_t	load	0xB8	4	this:protected __thiscall RVisual_t::RVisual_t(class RRefFrame_t *,class RAnimation_t *) 	10006fb5	FUN_10006fb5
DisplaySystem.dll	RVisual_t	load	0xB8	4	this:protected __thiscall RVisual_t::RVisual_t(class RRefFrame_t *,class RAnimation_t *) 	10006fb5	FUN_10006fb5
DisplaySystem.dll	RVisual_t	addr_passed	0x178	0	this:protected __thiscall RVisual_t::RVisual_t(class RRefFrame_t *,class RAnimation_t *) 	10006fb5	FUN_10006fb5
DisplaySystem.dll	RVisual_t	store	0x1A0	4	this:protected __thiscall RVisual_t::RVisual_t(class RRefFrame_t *,class RAnimation_t *) 	10006fb5	FUN_10006fb5
DisplaySystem.dll	RVisual_t	store_vptr?	0x0	4	this:protected virtual __thiscall RVisual_t::~RVisual_t(void) 	1000718f	FUN_1000718f
DisplaySystem.dll	RVisual_t	store	0xA4	4	this:protected virtual __thiscall RVisual_t::~RVisual_t(void) 	1000718f	FUN_1000718f
DisplaySystem.dll	RVisual_t	load	0x1C4	4	this:protected virtual __thiscall RVisual_t::~RVisual_t(void) 	1000718f	FUN_1000718f
DisplaySystem.dll	RVisual_t	load	0xB8	4	this:protected virtual __thiscall RVisual_t::~RVisual_t(void) 	1000718f	FUN_1000718f
DisplaySystem.dll	RVisual_t	store	0xB8	4	this:protected virtual __thiscall RVisual_t::~RVisual_t(void) 	1000718f	FUN_1000718f
DisplaySystem.dll	RVisual_t	addr_passed	0x1B8	0	this:protected virtual __thiscall RVisual_t::~RVisual_t(void) 	1000718f	FUN_1000718f
DisplaySystem.dll	RVisual_t	load	0x1B8	4	this:protected virtual __thiscall RVisual_t::~RVisual_t(void) 	1000718f	FUN_1000718f
DisplaySystem.dll	RVisual_t	store	0x190	4	this:protected __thiscall RVisual_t::RVisual_t(class RRefFrame_t *,class RAnimation_t *) 	10007823	FUN_10007823
DisplaySystem.dll	RVisual_t	store	0x194	4	this:protected __thiscall RVisual_t::RVisual_t(class RRefFrame_t *,class RAnimation_t *) 	10007823	FUN_10007823
DisplaySystem.dll	RVisual_t	store_vptr?	0x0	4	this:protected __thiscall RVisual_t::RVisual_t(class RRefFrame_t *,class RAnimation_t *) 	10007823	FUN_10007823
DisplaySystem.dll	RVisual_t	store	0xA4	4	this:protected __thiscall RVisual_t::RVisual_t(class RRefFrame_t *,class RAnimation_t *) 	10007823	FUN_10007823
DisplaySystem.dll	RVisual_t	store	0x17C	4	this:protected __thiscall RVisual_t::RVisual_t(class RRefFrame_t *,class RAnimation_t *) 	10007823	FUN_10007823
DisplaySystem.dll	RVisual_t	store	0x198	4	this:protected __thiscall RVisual_t::RVisual_t(class RRefFrame_t *,class RAnimation_t *) 	10007823	FUN_10007823
DisplaySystem.dll	RVisual_t	store	0x19C	4	this:protected __thiscall RVisual_t::RVisual_t(class RRefFrame_t *,class RAnimation_t *) 	10007823	FUN_10007823
DisplaySystem.dll	RVisual_t	store	0x1A0	4	this:protected __thiscall RVisual_t::RVisual_t(class RRefFrame_t *,class RAnimation_t *) 	10007823	FUN_10007823
DisplaySystem.dll	RVisual_t	store	0x1A4	4	this:protected __thiscall RVisual_t::RVisual_t(class RRefFrame_t *,class RAnimation_t *) 	10007823	FUN_10007823
DisplaySystem.dll	RVisual_t	store	0x178	4	this:protected __thiscall RVisual_t::RVisual_t(class RRefFrame_t *,class RAnimation_t *) 	10007823	FUN_10007823
DisplaySystem.dll	RVisual_t	store	0x18C	4	this:protected __thiscall RVisual_t::RVisual_t(class RRefFrame_t *,class RAnimation_t *) 	10007823	FUN_10007823
DisplaySystem.dll	RVisual_t	store	0x184	4	this:protected __thiscall RVisual_t::RVisual_t(class RRefFrame_t *,class RAnimation_t *) 	10007823	FUN_10007823
DisplaySystem.dll	RVisual_t	store	0x188	4	this:protected __thiscall RVisual_t::RVisual_t(class RRefFrame_t *,class RAnimation_t *) 	10007823	FUN_10007823
DisplaySystem.dll	RVisual_t	store	0x180	4	this:protected __thiscall RVisual_t::RVisual_t(class RRefFrame_t *,class RAnimation_t *) 	10007823	FUN_10007823
DisplaySystem.dll	RDeltaState	new_size	0x16C	0	ctor:public __thiscall RDeltaState::RDeltaState(char const *) 	10007d2b	FUN_10007d2b
DisplaySystem.dll	RVisual_t	load	0xB8	4	this:public void __thiscall RVisual_t::SetRenderPriority(enum RenderList_e) 	10007d2b	FUN_10007d2b
DisplaySystem.dll	RVisual_t	store	0xB8	4	this:public void __thiscall RVisual_t::SetRenderPriority(enum RenderList_e) 	10007d2b	FUN_10007d2b
DisplaySystem.dll	RVisual_t	load	0xB8	4	this:public void __thiscall RVisual_t::SetRenderPriority(enum RenderList_e) 	10007d2b	FUN_10007d2b
DisplaySystem.dll	RVisual_t	load	0xB8	4	this:public void __thiscall RVisual_t::SetRenderPriority(enum RenderList_e) 	10007d2b	FUN_10007d2b
DisplaySystem.dll	RVisual_t	load	0xB8	4	this:public void __thiscall RVisual_t::SetRenderPriority(enum RenderList_e) 	10007d2b	FUN_10007d2b
DisplaySystem.dll	RVisual_t	load	0xB8	4	this:public void __thiscall RVisual_t::SetRenderPriority(enum RenderList_e) 	10007d2b	FUN_10007d2b
DisplaySystem.dll	RVisual_t	load	0xB8	4	this:public void __thiscall RVisual_t::SetRenderPriority(enum RenderList_e) 	10007d2b	FUN_10007d2b
DisplaySystem.dll	RVisual_t	load	0xB8	4	this:public void __thiscall RVisual_t::SetRenderPriority(enum RenderList_e) 	10007d2b	FUN_10007d2b
DisplaySystem.dll	RVisual_t	load	0xB8	4	this:public void __thiscall RVisual_t::SetRenderPriority(enum RenderList_e) 	10007d2b	FUN_10007d2b
DisplaySystem.dll	RVisual_t	load	0x17C	4	this:public void __thiscall RVisual_t::SetRenderPriority(enum RenderList_e) 	10007d2b	FUN_10007d2b
DisplaySystem.dll	RVisual_t	load	0xB8	4	this:public void __thiscall RVisual_t::SetRenderPriority(enum RenderList_e) 	10007d2b	FUN_10007d2b
DisplaySystem.dll	RVisual_t	load	0xB8	4	this:public void __thiscall RVisual_t::SetRenderPriority(enum RenderList_e) 	10007d2b	FUN_10007d2b
DisplaySystem.dll	RVisual_t	load	0xB8	4	this:public void __thiscall RVisual_t::SetRenderPriority(enum RenderList_e) 	10007d2b	FUN_10007d2b
DisplaySystem.dll	RVisual_t	load	0xB8	4	this:public void __thiscall RVisual_t::SetRenderPriority(enum RenderList_e) 	10007d2b	FUN_10007d2b
DisplaySystem.dll	RVisual_t	load	0xB8	4	this:public void __thiscall RVisual_t::SetRenderPriority(enum RenderList_e) 	10007d2b	FUN_10007d2b
DisplaySystem.dll	RVisual_t	load	0xB8	4	this:public void __thiscall RVisual_t::SetRenderPriority(enum RenderList_e) 	10007d2b	FUN_10007d2b
DisplaySystem.dll	RVisual_t	load	0xB8	4	this:public void __thiscall RVisual_t::SetRenderPriority(enum RenderList_e) 	10007d2b	FUN_10007d2b
DisplaySystem.dll	RVisual_t	load	0x190	4	this:public void __thiscall RVisual_t::SetRenderPriority(enum RenderList_e) 	10007d2b	FUN_10007d2b
DisplaySystem.dll	RVisual_t	load	0xB8	4	this:public void __thiscall RVisual_t::SetRenderPriority(enum RenderList_e) 	10007d2b	FUN_10007d2b
DisplaySystem.dll	RVisual_t	load	0xB8	4	this:public void __thiscall RVisual_t::SetRenderPriority(enum RenderList_e) 	10007d2b	FUN_10007d2b
DisplaySystem.dll	RVisual_t	load	0xB8	4	this:public void __thiscall RVisual_t::SetRenderPriority(enum RenderList_e) 	10007d2b	FUN_10007d2b
DisplaySystem.dll	RVisual_t	load	0xB8	4	this:public void __thiscall RVisual_t::SetRenderPriority(enum RenderList_e) 	10007d2b	FUN_10007d2b
DisplaySystem.dll	RVisual_t	load	0x1A8	1	this:public void __thiscall RVisual_t::SetRenderPriority(enum RenderList_e) 	10007d2b	FUN_10007d2b
DisplaySystem.dll	RVisual_t	load	0xB8	4	this:public void __thiscall RVisual_t::SetRenderPriority(enum RenderList_e) 	10007d2b	FUN_10007d2b
DisplaySystem.dll	RVisual_t	load	0x194	4	this:public void __thiscall RVisual_t::SetRenderPriority(enum RenderList_e) 	10007d2b	FUN_10007d2b
DisplaySystem.dll	RVisual_t	load	0xB8	4	this:public void __thiscall RVisual_t::SetRenderPriority(enum RenderList_e) 	10007d2b	FUN_10007d2b
DisplaySystem.dll	RVisual_t	load	0xB8	4	this:public void __thiscall RVisual_t::SetRenderPriority(enum RenderList_e) 	10007d2b	FUN_10007d2b
DisplaySystem.dll	RVisual_t	load	0xB8	4	this:public void __thiscall RVisual_t::SetRenderPriority(enum RenderList_e) 	10007d2b	FUN_10007d2b
DisplaySystem.dll	RRefFrame_t	load	0x1B0	4	this:public class TMatrix4_t const & __thiscall RRefFrame_t::GetWorldMatrix(void) const 	10008056	FUN_10008056
DisplaySystem.dll	RRefFrame_t	load	0x1E4	4	this:public class TMatrix4_t const & __thiscall RRefFrame_t::GetWorldMatrix(void) const 	10008056	FUN_10008056
DisplaySystem.dll	RRefFrame_t	load	0x1CC	4	this:public class TMatrix4_t const & __thiscall RRefFrame_t::GetWorldMatrix(void) const 	10008056	FUN_10008056
DisplaySystem.dll	RRefFrame_t	load	0x1E4	4	this:public class TMatrix4_t const & __thiscall RRefFrame_t::GetWorldMatrix(void) const 	10008056	FUN_10008056
DisplaySystem.dll	RRefFrame_t	load	0x1E4	4	this:public class TMatrix4_t const & __thiscall RRefFrame_t::GetWorldMatrix(void) const 	10008056	FUN_10008056
DisplaySystem.dll	RRefFrame_t	load	0x1CC	4	this:public class TMatrix4_t const & __thiscall RRefFrame_t::GetWorldMatrix(void) const 	10008056	FUN_10008056
DisplaySystem.dll	RRefFrame_t	load	0x1E4	4	this:public class TMatrix4_t const & __thiscall RRefFrame_t::GetWorldMatrix(void) const 	10008056	FUN_10008056
DisplaySystem.dll	RRefFrame_t	load	0x1D4	4	this:public class TMatrix4_t const & __thiscall RRefFrame_t::GetWorldMatrix(void) const 	10008056	FUN_10008056
DisplaySystem.dll	RRefFrame_t	load	0x1B4	4	this:public class TMatrix4_t const & __thiscall RRefFrame_t::GetWorldMatrix(void) const 	10008056	FUN_10008056
DisplaySystem.dll	RRefFrame_t	load	0x1E4	4	this:public class TMatrix4_t const & __thiscall RRefFrame_t::GetWorldMatrix(void) const 	10008056	FUN_10008056
DisplaySystem.dll	RRefFrame_t	load	0x1E4	4	this:public class TMatrix4_t const & __thiscall RRefFrame_t::GetWorldMatrix(void) const 	10008056	FUN_10008056
DisplaySystem.dll	RRefFrame_t	load	0x250	4	this:public class TMatrix4_t const & __thiscall RRefFrame_t::GetWorldMatrix(void) const 	10008056	FUN_10008056
DisplaySystem.dll	RRefFrame_t	load	0x1B8	4	this:public class TMatrix4_t const & __thiscall RRefFrame_t::GetWorldMatrix(void) const 	10008056	FUN_10008056
DisplaySystem.dll	RRefFrame_t	load	0x1E4	4	this:public class TMatrix4_t const & __thiscall RRefFrame_t::GetWorldMatrix(void) const 	10008056	FUN_10008056
DisplaySystem.dll	RRefFrame_t	load	0x1CC	4	this:public class TMatrix4_t const & __thiscall RRefFrame_t::GetWorldMatrix(void) const 	10008056	FUN_10008056
DisplaySystem.dll	RRefFrame_t	load	0x1E4	4	this:public class TMatrix4_t const & __thiscall RRefFrame_t::GetWorldMatrix(void) const 	10008056	FUN_10008056
DisplaySystem.dll	RRefFrame_t	load	0x1E4	4	this:public class TMatrix4_t const & __thiscall RRefFrame_t::GetWorldMatrix(void) const 	10008056	FUN_10008056
DisplaySystem.dll	RRefFrame_t	load	0x1CC	4	this:public class TMatrix4_t const & __thiscall RRefFrame_t::GetWorldMatrix(void) const 	10008056	FUN_10008056
DisplaySystem.dll	RRefFrame_t	load	0x1E4	4	this:public class TMatrix4_t const & __thiscall RRefFrame_t::GetWorldMatrix(void) const 	10008056	FUN_10008056
DisplaySystem.dll	RRefFrame_t	load	0x1D4	4	this:public class TMatrix4_t const & __thiscall RRefFrame_t::GetWorldMatrix(void) const 	10008056	FUN_10008056
DisplaySystem.dll	RRefFrame_t	load	0x1E4	4	this:public class TMatrix4_t const & __thiscall RRefFrame_t::GetWorldMatrix(void) const 	10008056	FUN_10008056
DisplaySystem.dll	RRefFrame_t	load	0x250	4	this:public class TMatrix4_t const & __thiscall RRefFrame_t::GetWorldMatrix(void) const 	10008056	FUN_10008056
DisplaySystem.dll	RRefFrame_t	load	0x1B8	4	this:public class TMatrix4_t const & __thiscall RRefFrame_t::GetWorldMatrix(void) const 	10008056	FUN_10008056
DisplaySystem.dll	RRefFrame_t	load	0x1E4	4	this:public class TMatrix4_t const & __thiscall RRefFrame_t::GetWorldMatrix(void) const 	10008056	FUN_10008056
DisplaySystem.dll	RRefFrame_t	load	0x1E4	4	this:public class TMatrix4_t const & __thiscall RRefFrame_t::GetWorldMatrix(void) const 	10008056	FUN_10008056
DisplaySystem.dll	RRefFrame_t	load	0x1D0	4	this:public class TMatrix4_t const & __thiscall RRefFrame_t::GetWorldMatrix(void) const 	10008056	FUN_10008056
DisplaySystem.dll	RRefFrame_t	load	0x1E4	4	this:public class TMatrix4_t const & __thiscall RRefFrame_t::GetWorldMatrix(void) const 	10008056	FUN_10008056
DisplaySystem.dll	RRefFrame_t	load	0x1C8	4	this:public class TMatrix4_t const & __thiscall RRefFrame_t::GetWorldMatrix(void) const 	10008056	FUN_10008056
DisplaySystem.dll	RRefFrame_t	load	0x1E4	4	this:public class TMatrix4_t const & __thiscall RRefFrame_t::GetWorldMatrix(void) const 	10008056	FUN_10008056
DisplaySystem.dll	RRefFrame_t	load	0x1D0	4	this:public class TMatrix4_t const & __thiscall RRefFrame_t::GetWorldMatrix(void) const 	10008056	FUN_10008056
DisplaySystem.dll	RRefFrame_t	load	0x1E4	4	this:public class TMatrix4_t const & __thiscall RRefFrame_t::GetWorldMatrix(void) const 	10008056	FUN_10008056
DisplaySystem.dll	RRefFrame_t	load	0x1D8	4	this:public class TMatrix4_t const & __thiscall RRefFrame_t::GetWorldMatrix(void) const 	10008056	FUN_10008056
DisplaySystem.dll	RRefFrame_t	load	0x1B4	4	this:public class TMatrix4_t const & __thiscall RRefFrame_t::GetWorldMatrix(void) const 	10008056	FUN_10008056
DisplaySystem.dll	RRefFrame_t	load	0x1E4	4	this:public class TMatrix4_t const & __thiscall RRefFrame_t::GetWorldMatrix(void) const 	10008056	FUN_10008056
DisplaySystem.dll	RRefFrame_t	load	0x1E4	4	this:public class TMatrix4_t const & __thiscall RRefFrame_t::GetWorldMatrix(void) const 	10008056	FUN_10008056
DisplaySystem.dll	RRefFrame_t	load	0x250	4	this:public class TMatrix4_t const & __thiscall RRefFrame_t::GetWorldMatrix(void) const 	10008056	FUN_10008056
DisplaySystem.dll	RRefFrame_t	load	0x1E4	4	this:public class TMatrix4_t const & __thiscall RRefFrame_t::GetWorldMatrix(void) const 	10008056	FUN_10008056
DisplaySystem.dll	RRefFrame_t	load	0x1D0	4	this:public class TMatrix4_t const & __thiscall RRefFrame_t::GetWorldMatrix(void) const 	10008056	FUN_10008056
DisplaySystem.dll	RRefFrame_t	load	0x1E4	4	this:public class TMatrix4_t const & __thiscall RRefFrame_t::GetWorldMatrix(void) const 	10008056	FUN_10008056
DisplaySystem.dll	RRefFrame_t	load	0x1C8	4	this:public class TMatrix4_t const & __thiscall RRefFrame_t::GetWorldMatrix(void) const 	10008056	FUN_10008056
DisplaySystem.dll	RRefFrame_t	load	0x1E4	4	this:public class TMatrix4_t const & __thiscall RRefFrame_t::GetWorldMatrix(void) const 	10008056	FUN_10008056
DisplaySystem.dll	RRefFrame_t	load	0x1D0	4	this:public class TMatrix4_t const & __thiscall RRefFrame_t::GetWorldMatrix(void) const 	10008056	FUN_10008056
DisplaySystem.dll	RRefFrame_t	load	0x1E4	4	this:public class TMatrix4_t const & __thiscall RRefFrame_t::GetWorldMatrix(void) const 	10008056	FUN_10008056
DisplaySystem.dll	RRefFrame_t	load	0x1D8	4	this:public class TMatrix4_t const & __thiscall RRefFrame_t::GetWorldMatrix(void) const 	10008056	FUN_10008056
DisplaySystem.dll	RRefFrame_t	load	0x1E4	4	this:public class TMatrix4_t const & __thiscall RRefFrame_t::GetWorldMatrix(void) const 	10008056	FUN_10008056
DisplaySystem.dll	RRefFrame_t	load	0x1E4	4	this:public class TMatrix4_t const & __thiscall RRefFrame_t::GetWorldMatrix(void) const 	10008056	FUN_10008056
DisplaySystem.dll	RRefFrame_t	load	0x250	4	this:public class TMatrix4_t const & __thiscall RRefFrame_t::GetWorldMatrix(void) const 	10008056	FUN_10008056
DisplaySystem.dll	RRefFrame_t	load	0x1AC	4	this:public class TMatrix4_t const & __thiscall RRefFrame_t::GetWorldMatrix(void) const 	10008056	FUN_10008056
DisplaySystem.dll	RRefFrame_t	load	0x1E4	4	this:public class TMatrix4_t const & __thiscall RRefFrame_t::GetWorldMatrix(void) const 	10008056	FUN_10008056
DisplaySystem.dll	RRefFrame_t	load	0x250	4	this:public class TMatrix4_t const & __thiscall RRefFrame_t::GetWorldMatrix(void) const 	10008056	FUN_10008056
DisplaySystem.dll	RRefFrame_t	load	0x1E4	4	this:public class TMatrix4_t const & __thiscall RRefFrame_t::GetWorldMatrix(void) const 	10008056	FUN_10008056
DisplaySystem.dll	RRefFrame_t	load	0x250	4	this:public class TMatrix4_t const & __thiscall RRefFrame_t::GetWorldMatrix(void) const 	10008056	FUN_10008056
DisplaySystem.dll	RRefFrame_t	load	0x1E4	4	this:public class TMatrix4_t const & __thiscall RRefFrame_t::GetWorldMatrix(void) const 	10008056	FUN_10008056
DisplaySystem.dll	RRefFrame_t	load	0x250	4	this:public class TMatrix4_t const & __thiscall RRefFrame_t::GetWorldMatrix(void) const 	10008056	FUN_10008056
DisplaySystem.dll	RRefFrame_t	load	0x1B8	4	this:public class TMatrix4_t const & __thiscall RRefFrame_t::GetWorldMatrix(void) const 	10008056	FUN_10008056
DisplaySystem.dll	RRefFrame_t	load	0x1E4	4	this:public class TMatrix4_t const & __thiscall RRefFrame_t::GetWorldMatrix(void) const 	10008056	FUN_10008056
DisplaySystem.dll	RRefFrame_t	load	0x250	4	this:public class TMatrix4_t const & __thiscall RRefFrame_t::GetWorldMatrix(void) const 	10008056	FUN_10008056
DisplaySystem.dll	RRefFrame_t	load	0x1B8	4	this:public class TMatrix4_t const & __thiscall RRefFrame_t::GetWorldMatrix(void) const 	10008056	FUN_10008056
DisplaySystem.dll	RRefFrame_t	load	0x1C4	1	this:public class TMatrix4_t const & __thiscall RRefFrame_t::GetWorldMatrix(void) const 	10008056	FUN_10008056
DisplaySystem.dll	RRefFrame_t	load	0x1E4	4	this:public class TMatrix4_t const & __thiscall RRefFrame_t::GetWorldMatrix(void) const 	10008056	FUN_10008056
DisplaySystem.dll	RRefFrame_t	load	0x1E4	4	this:public class TMatrix4_t const & __thiscall RRefFrame_t::GetWorldMatrix(void) const 	10008056	FUN_10008056
DisplaySystem.dll	RRefFrame_t	load	0x1AC	4	this:public class TMatrix4_t const & __thiscall RRefFrame_t::GetWorldMatrix(void) const 	10008056	FUN_10008056
DisplaySystem.dll	RRefFrame_t	load	0x1E4	4	this:public class TMatrix4_t const & __thiscall RRefFrame_t::GetWorldMatrix(void) const 	10008056	FUN_10008056
DisplaySystem.dll	RRefFrame_t	load	0x1E4	4	this:public class TMatrix4_t const & __thiscall RRefFrame_t::GetWorldMatrix(void) const 	10008056	FUN_10008056
DisplaySystem.dll	RRefFrame_t	load	0x1DC	4	this:public class TMatrix4_t const & __thiscall RRefFrame_t::GetWorldMatrix(void) const 	10008056	FUN_10008056
DisplaySystem.dll	RRefFrame_t	load	0x1AC	4	this:public class TMatrix4_t const & __thiscall RRefFrame_t::GetWorldMatrix(void) const 	10008056	FUN_10008056
DisplaySystem.dll	RRefFrame_t	load	0x1CC	4	this:public class TMatrix4_t const & __thiscall RRefFrame_t::GetWorldMatrix(void) const 	10008056	FUN_10008056
DisplaySystem.dll	RRefFrame_t	store	0x1E8	4	this:public class TMatrix4_t const & __thiscall RRefFrame_t::GetWorldMatrix(void) const 	10008056	FUN_10008056
DisplaySystem.dll	RRefFrame_t	addr_passed	0x1E8	0	this:public class TMatrix4_t const & __thiscall RRefFrame_t::GetWorldMatrix(void) const 	10008056	FUN_10008056
DisplaySystem.dll	RRefFrame_t	addr_passed	0x1E8	0	this:public class TMatrix4_t const & __thiscall RRefFrame_t::GetWorldMatrix(void) const 	10008056	FUN_10008056
DisplaySystem.dll	RRefFrame_t	load	0x1D4	4	this:public class TMatrix4_t const & __thiscall RRefFrame_t::GetWorldMatrix(void) const 	10008056	FUN_10008056
DisplaySystem.dll	RRefFrame_t	load	0x1E0	4	this:public class TMatrix4_t const & __thiscall RRefFrame_t::GetWorldMatrix(void) const 	10008056	FUN_10008056
DisplaySystem.dll	RRefFrame_t	store	0x1F4	4	this:public class TMatrix4_t const & __thiscall RRefFrame_t::GetWorldMatrix(void) const 	10008056	FUN_10008056
DisplaySystem.dll	RRefFrame_t	load	0x1C8	4	this:public class TMatrix4_t const & __thiscall RRefFrame_t::GetWorldMatrix(void) const 	10008056	FUN_10008056
DisplaySystem.dll	RRefFrame_t	store	0x20C	4	this:public class TMatrix4_t const & __thiscall RRefFrame_t::GetWorldMatrix(void) const 	10008056	FUN_10008056
DisplaySystem.dll	RRefFrame_t	store	0x224	4	this:public class TMatrix4_t const & __thiscall RRefFrame_t::GetWorldMatrix(void) const 	10008056	FUN_10008056
DisplaySystem.dll	RRefFrame_t	store	0x23C	4	this:public class TMatrix4_t const & __thiscall RRefFrame_t::GetWorldMatrix(void) const 	10008056	FUN_10008056
DisplaySystem.dll	RRefFrame_t	store	0x1EC	4	this:public class TMatrix4_t const & __thiscall RRefFrame_t::GetWorldMatrix(void) const 	10008056	FUN_10008056
DisplaySystem.dll	RRefFrame_t	load	0x1CC	4	this:public class TMatrix4_t const & __thiscall RRefFrame_t::GetWorldMatrix(void) const 	10008056	FUN_10008056
DisplaySystem.dll	RRefFrame_t	store	0x1F0	4	this:public class TMatrix4_t const & __thiscall RRefFrame_t::GetWorldMatrix(void) const 	10008056	FUN_10008056
DisplaySystem.dll	RRefFrame_t	store	0x1F8	4	this:public class TMatrix4_t const & __thiscall RRefFrame_t::GetWorldMatrix(void) const 	10008056	FUN_10008056
DisplaySystem.dll	RRefFrame_t	store	0x1FC	4	this:public class TMatrix4_t const & __thiscall RRefFrame_t::GetWorldMatrix(void) const 	10008056	FUN_10008056
DisplaySystem.dll	RRefFrame_t	load	0x1CC	4	this:public class TMatrix4_t const & __thiscall RRefFrame_t::GetWorldMatrix(void) const 	10008056	FUN_10008056
DisplaySystem.dll	RRefFrame_t	store	0x200	4	this:public class TMatrix4_t const & __thiscall RRefFrame_t::GetWorldMatrix(void) const 	10008056	FUN_10008056
DisplaySystem.dll	RRefFrame_t	store	0x204	4	this:public class TMatrix4_t const & __thiscall RRefFrame_t::GetWorldMatrix(void) const 	10008056	FUN_10008056
DisplaySystem.dll	RRefFrame_t	load	0x1CC	4	this:public class TMatrix4_t const & __thiscall RRefFrame_t::GetWorldMatrix(void) const 	10008056	FUN_10008056
DisplaySystem.dll	RRefFrame_t	store	0x208	4	this:public class TMatrix4_t const & __thiscall RRefFrame_t::GetWorldMatrix(void) const 	10008056	FUN_10008056
DisplaySystem.dll	RRefFrame_t	store	0x210	4	this:public class TMatrix4_t const & __thiscall RRefFrame_t::GetWorldMatrix(void) const 	10008056	FUN_10008056
DisplaySystem.dll	RRefFrame_t	store	0x214	4	this:public class TMatrix4_t const & __thiscall RRefFrame_t::GetWorldMatrix(void) const 	10008056	FUN_10008056
DisplaySystem.dll	RRefFrame_t	load	0x1CC	4	this:public class TMatrix4_t const & __thiscall RRefFrame_t::GetWorldMatrix(void) const 	10008056	FUN_10008056
DisplaySystem.dll	RRefFrame_t	store	0x218	4	this:public class TMatrix4_t const & __thiscall RRefFrame_t::GetWorldMatrix(void) const 	10008056	FUN_10008056
DisplaySystem.dll	RRefFrame_t	store	0x21C	4	this:public class TMatrix4_t const & __thiscall RRefFrame_t::GetWorldMatrix(void) const 	10008056	FUN_10008056
DisplaySystem.dll	RRefFrame_t	store	0x220	4	this:public class TMatrix4_t const & __thiscall RRefFrame_t::GetWorldMatrix(void) const 	10008056	FUN_10008056
DisplaySystem.dll	RRefFrame_t	store	0x228	4	this:public class TMatrix4_t const & __thiscall RRefFrame_t::GetWorldMatrix(void) const 	10008056	FUN_10008056
DisplaySystem.dll	RRefFrame_t	store	0x22C	4	this:public class TMatrix4_t const & __thiscall RRefFrame_t::GetWorldMatrix(void) const 	10008056	FUN_10008056
DisplaySystem.dll	RRefFrame_t	store	0x230	4	this:public class TMatrix4_t const & __thiscall RRefFrame_t::GetWorldMatrix(void) const 	10008056	FUN_10008056
DisplaySystem.dll	RRefFrame_t	store	0x238	4	this:public class TMatrix4_t const & __thiscall RRefFrame_t::GetWorldMatrix(void) const 	10008056	FUN_10008056
DisplaySystem.dll	RRefFrame_t	store	0x234	4	this:public class TMatrix4_t const & __thiscall RRefFrame_t::GetWorldMatrix(void) const 	10008056	FUN_10008056
DisplaySystem.dll	RRefFrame_t	store	0x240	4	this:public class TMatrix4_t const & __thiscall RRefFrame_t::GetWorldMatrix(void) const 	10008056	FUN_10008056
DisplaySystem.dll	RRefFrame_t	store	0x244	4	this:public class TMatrix4_t const & __thiscall RRefFrame_t::GetWorldMatrix(void) const 	10008056	FUN_10008056
DisplaySystem.dll	RRefFrame_t	addr_passed	0x200	0	this:public class TMatrix4_t const & __thiscall RRefFrame_t::GetWorldMatrix(void) const 	10008056	FUN_10008056
DisplaySystem.dll	RRefFrame_t	addr_passed	0x218	0	this:public class TMatrix4_t const & __thiscall RRefFrame_t::GetWorldMatrix(void) const 	10008056	FUN_10008056
DisplaySystem.dll	RViewPort_t	load	0xC	4	this:public void __thiscall RViewPort_t::SetMaterial(class RMaterial_t const *) 	100087c1	FUN_100087c1
DisplaySystem.dll	RRefFrame_t	load	0x178	4	this:public class TMatrix4_t const & __thiscall RRefFrame_t::GetWorldMatrix(void) const 	100087c1	FUN_100087c1
DisplaySystem.dll	RRefFrame_t	load	0x24C	1	this:public class TMatrix4_t const & __thiscall RRefFrame_t::GetWorldMatrix(void) const 	100087c1	FUN_100087c1
DisplaySystem.dll	RRefFrame_t	store	0x24C	1	this:public class TMatrix4_t const & __thiscall RRefFrame_t::GetWorldMatrix(void) const 	100087c1	FUN_100087c1
DisplaySystem.dll	RRefFrame_t	load	0x17C	4	this:public class TMatrix4_t const & __thiscall RRefFrame_t::GetWorldMatrix(void) const 	100087c1	FUN_100087c1
DisplaySystem.dll	RRefFrame_t	load_vptr?	0x0	4	this:public class TMatrix4_t const & __thiscall RRefFrame_t::GetWorldMatrix(void) const 	100087c1	FUN_100087c1
DisplaySystem.dll	RRefFrame_t	vcall	0x40	4	this:public class TMatrix4_t const & __thiscall RRefFrame_t::GetWorldMatrix(void) const 	100087c1	FUN_100087c1
DisplaySystem.dll	RRefFrame_t	load_vptr?	0x0	4	this:public class TMatrix4_t const & __thiscall RRefFrame_t::GetWorldMatrix(void) const 	100087c1	FUN_100087c1
DisplaySystem.dll	RRefFrame_t	vcall	0x44	4	this:public class TMatrix4_t const & __thiscall RRefFrame_t::GetWorldMatrix(void) const 	100087c1	FUN_100087c1
DisplaySystem.dll	RRefFrame_t	load	0x1B0	4	this:public class TMatrix4_t const & __thiscall RRefFrame_t::GetWorldMatrix(void) const 	100087c1	FUN_100087c1
DisplaySystem.dll	RRefFrame_t	load	0x1E4	4	this:public class TMatrix4_t const & __thiscall RRefFrame_t::GetWorldMatrix(void) const 	100087c1	FUN_100087c1
DisplaySystem.dll	RRefFrame_t	load	0x1B0	4	this:public class TMatrix4_t const & __thiscall RRefFrame_t::GetWorldMatrix(void) const 	100087c1	FUN_100087c1
DisplaySystem.dll	RRefFrame_t	load_vptr?	0x0	4	this:public class TMatrix4_t const & __thiscall RRefFrame_t::GetWorldMatrix(void) const 	100087c1	FUN_100087c1
DisplaySystem.dll	RRefFrame_t	vcall	0x48	4	this:public class TMatrix4_t const & __thiscall RRefFrame_t::GetWorldMatrix(void) const 	100087c1	FUN_100087c1
DisplaySystem.dll	RRefFrame_t	load	0x1DC	4	this:public class TMatrix4_t const & __thiscall RRefFrame_t::GetWorldMatrix(void) const 	100087c1	FUN_100087c1
DisplaySystem.dll	RRefFrame_t	load_vptr?	0x0	4	this:public class TMatrix4_t const & __thiscall RRefFrame_t::GetWorldMatrix(void) const 	100087c1	FUN_100087c1
DisplaySystem.dll	RRefFrame_t	vcall	0x40	4	this:public class TMatrix4_t const & __thiscall RRefFrame_t::GetWorldMatrix(void) const 	100087c1	FUN_100087c1
DisplaySystem.dll	RRefFrame_t	load_vptr?	0x0	4	this:public class TMatrix4_t const & __thiscall RRefFrame_t::GetWorldMatrix(void) const 	100087c1	FUN_100087c1
DisplaySystem.dll	RRefFrame_t	vcall	0x44	4	this:public class TMatrix4_t const & __thiscall RRefFrame_t::GetWorldMatrix(void) const 	100087c1	FUN_100087c1
DisplaySystem.dll	RRefFrame_t	addr_passed	0x1E8	0	this:public class TMatrix4_t const & __thiscall RRefFrame_t::GetWorldMatrix(void) const 	100087c1	FUN_100087c1
DisplaySystem.dll	RRefFrame_t	load_vptr?	0x0	4	this:public class TMatrix4_t const & __thiscall RRefFrame_t::GetWorldMatrix(void) const 	100087c1	FUN_100087c1
DisplaySystem.dll	RRefFrame_t	vcall	0x48	4	this:public class TMatrix4_t const & __thiscall RRefFrame_t::GetWorldMatrix(void) const 	100087c1	FUN_100087c1
DisplaySystem.dll	RDeltaState	new_size	0x16C	0	ctor:public __thiscall RDeltaState::RDeltaState(char const *) 	100089f4	FUN_100089f4
DisplaySystem.dll	RVisual_t	load	0xB8	4	this:public void __thiscall RVisual_t::SetRenderPriority(enum RenderList_e) 	100089f4	FUN_100089f4
DisplaySystem.dll	RVisual_t	store	0xB8	4	this:public void __thiscall RVisual_t::SetRenderPriority(enum RenderList_e) 	100089f4	FUN_100089f4
DisplaySystem.dll	RVisual_t	load	0xB8	4	this:public void __thiscall RVisual_t::SetRenderPriority(enum RenderList_e) 	100089f4	FUN_100089f4
DisplaySystem.dll	RVisual_t	load	0xB8	4	this:public void __thiscall RVisual_t::SetRenderPriority(enum RenderList_e) 	100089f4	FUN_100089f4
DisplaySystem.dll	RVisual_t	load	0xB8	4	this:public void __thiscall RVisual_t::SetRenderPriority(enum RenderList_e) 	100089f4	FUN_100089f4
DisplaySystem.dll	RVisual_t	load	0xB8	4	this:public void __thiscall RVisual_t::SetRenderPriority(enum RenderList_e) 	100089f4	FUN_100089f4
DisplaySystem.dll	RVisual_t	load	0xB8	4	this:public void __thiscall RVisual_t::SetRenderPriority(enum RenderList_e) 	100089f4	FUN_100089f4
DisplaySystem.dll	RVisual_t	load	0xB8	4	this:public void __thiscall RVisual_t::SetRenderPriority(enum RenderList_e) 	100089f4	FUN_100089f4
DisplaySystem.dll	RVisual_t	load	0xB8	4	this:public void __thiscall RVisual_t::SetRenderPriority(enum RenderList_e) 	100089f4	FUN_100089f4
DisplaySystem.dll	RVisual_t	load	0xB8	4	this:public void __thiscall RVisual_t::SetRenderPriority(enum RenderList_e) 	100089f4	FUN_100089f4
DisplaySystem.dll	RVisual_t	load	0x17C	4	this:public void __thiscall RVisual_t::SetRenderPriority(enum RenderList_e) 	100089f4	FUN_100089f4
DisplaySystem.dll	RVisual_t	load	0xB8	4	this:public void __thiscall RVisual_t::SetRenderPriority(enum RenderList_e) 	100089f4	FUN_100089f4
DisplaySystem.dll	RVisual_t	load	0xB8	4	this:public void __thiscall RVisual_t::SetRenderPriority(enum RenderList_e) 	100089f4	FUN_100089f4
DisplaySystem.dll	RVisual_t	load	0xB8	4	this:public void __thiscall RVisual_t::SetRenderPriority(enum RenderList_e) 	100089f4	FUN_100089f4
DisplaySystem.dll	RVisual_t	load	0xB8	4	this:public void __thiscall RVisual_t::SetRenderPriority(enum RenderList_e) 	100089f4	FUN_100089f4
DisplaySystem.dll	RVisual_t	load	0xB8	4	this:public void __thiscall RVisual_t::SetRenderPriority(enum RenderList_e) 	100089f4	FUN_100089f4
DisplaySystem.dll	RVisual_t	load	0xB8	4	this:public void __thiscall RVisual_t::SetRenderPriority(enum RenderList_e) 	100089f4	FUN_100089f4
DisplaySystem.dll	RVisual_t	load	0xB8	4	this:public void __thiscall RVisual_t::SetRenderPriority(enum RenderList_e) 	100089f4	FUN_100089f4
DisplaySystem.dll	RVisual_t	load	0x190	4	this:public void __thiscall RVisual_t::SetRenderPriority(enum RenderList_e) 	100089f4	FUN_100089f4
DisplaySystem.dll	RVisual_t	load	0xB8	4	this:public void __thiscall RVisual_t::SetRenderPriority(enum RenderList_e) 	100089f4	FUN_100089f4
DisplaySystem.dll	RVisual_t	load	0xB8	4	this:public void __thiscall RVisual_t::SetRenderPriority(enum RenderList_e) 	100089f4	FUN_100089f4
DisplaySystem.dll	RVisual_t	load	0xB8	4	this:public void __thiscall RVisual_t::SetRenderPriority(enum RenderList_e) 	100089f4	FUN_100089f4
DisplaySystem.dll	RVisual_t	load	0xB8	4	this:public void __thiscall RVisual_t::SetRenderPriority(enum RenderList_e) 	100089f4	FUN_100089f4
DisplaySystem.dll	RVisual_t	load	0x1A8	1	this:public void __thiscall RVisual_t::SetRenderPriority(enum RenderList_e) 	100089f4	FUN_100089f4
DisplaySystem.dll	RVisual_t	load	0xB8	4	this:public void __thiscall RVisual_t::SetRenderPriority(enum RenderList_e) 	100089f4	FUN_100089f4
DisplaySystem.dll	RVisual_t	load	0x194	4	this:public void __thiscall RVisual_t::SetRenderPriority(enum RenderList_e) 	100089f4	FUN_100089f4
DisplaySystem.dll	RVisual_t	load	0xB8	4	this:public void __thiscall RVisual_t::SetRenderPriority(enum RenderList_e) 	100089f4	FUN_100089f4
DisplaySystem.dll	RVisual_t	load	0xB8	4	this:public void __thiscall RVisual_t::SetRenderPriority(enum RenderList_e) 	100089f4	FUN_100089f4
DisplaySystem.dll	RVisual_t	load	0xB8	4	this:public void __thiscall RVisual_t::SetRenderPriority(enum RenderList_e) 	100089f4	FUN_100089f4
DisplaySystem.dll	RRefFrame_t	load	0x1F0	4	this:public class TMatrix4_t const & __thiscall RRefFrame_t::GetWorldMatrix(void) const 	1000a70f	FUN_1000a70f
DisplaySystem.dll	RRefFrame_t	load	0x1F4	4	this:public class TMatrix4_t const & __thiscall RRefFrame_t::GetWorldMatrix(void) const 	1000a70f	FUN_1000a70f
DisplaySystem.dll	RRefFrame_t	load	0x1F8	4	this:public class TMatrix4_t const & __thiscall RRefFrame_t::GetWorldMatrix(void) const 	1000a70f	FUN_1000a70f
DisplaySystem.dll	RRefFrame_t	load	0x1F0	4	this:public class TMatrix4_t const & __thiscall RRefFrame_t::GetWorldMatrix(void) const 	1000a70f	FUN_1000a70f
DisplaySystem.dll	RRefFrame_t	load	0x1F8	4	this:public class TMatrix4_t const & __thiscall RRefFrame_t::GetWorldMatrix(void) const 	1000a70f	FUN_1000a70f
DisplaySystem.dll	RRefFrame_t	load	0x1C0	4	this:public class TMatrix4_t const & __thiscall RRefFrame_t::GetWorldMatrix(void) const 	1000a70f	FUN_1000a70f
DisplaySystem.dll	RRefFrame_t	load	0x1EC	4	this:public class TMatrix4_t const & __thiscall RRefFrame_t::GetWorldMatrix(void) const 	1000a70f	FUN_1000a70f
DisplaySystem.dll	RRefFrame_t	load	0x1C4	4	this:public class TMatrix4_t const & __thiscall RRefFrame_t::GetWorldMatrix(void) const 	1000a70f	FUN_1000a70f
DisplaySystem.dll	RRefFrame_t	load	0x1B0	4	this:public class TMatrix4_t const & __thiscall RRefFrame_t::GetWorldMatrix(void) const 	1000a70f	FUN_1000a70f
DisplaySystem.dll	RRefFrame_t	load	0x1BF	1	this:public class TMatrix4_t const & __thiscall RRefFrame_t::GetWorldMatrix(void) const 	1000a70f	FUN_1000a70f
DisplaySystem.dll	RRefFrame_t	load	0x1BC	4	this:public class TMatrix4_t const & __thiscall RRefFrame_t::GetWorldMatrix(void) const 	1000a70f	FUN_1000a70f
DisplaySystem.dll	RRefFrame_t	load	0x198	4	this:public class TMatrix4_t const & __thiscall RRefFrame_t::GetWorldMatrix(void) const 	1000a70f	FUN_1000a70f
DisplaySystem.dll	RRefFrame_t	load	0x184	4	this:public class TMatrix4_t const & __thiscall RRefFrame_t::GetWorldMatrix(void) const 	1000a70f	FUN_1000a70f
DisplaySystem.dll	RRefFrame_t	load	0x188	4	this:public class TMatrix4_t const & __thiscall RRefFrame_t::GetWorldMatrix(void) const 	1000a70f	FUN_1000a70f
DisplaySystem.dll	RRefFrame_t	load	0x198	4	this:public class TMatrix4_t const & __thiscall RRefFrame_t::GetWorldMatrix(void) const 	1000a70f	FUN_1000a70f
DisplaySystem.dll	RRefFrame_t	load	0x184	4	this:public class TMatrix4_t const & __thiscall RRefFrame_t::GetWorldMatrix(void) const 	1000a70f	FUN_1000a70f
DisplaySystem.dll	RRefFrame_t	load	0x1B4	1	this:public class TMatrix4_t const & __thiscall RRefFrame_t::GetWorldMatrix(void) const 	1000a70f	FUN_1000a70f
DisplaySystem.dll	RRefFrame_t	load	0x1B0	4	this:public class TMatrix4_t const & __thiscall RRefFrame_t::GetWorldMatrix(void) const 	1000a70f	FUN_1000a70f
DisplaySystem.dll	RRefFrame_t	load	0x1E8	4	this:public class TMatrix4_t const & __thiscall RRefFrame_t::GetWorldMatrix(void) const 	1000a70f	FUN_1000a70f
DisplaySystem.dll	RRefFrame_t	load	0x178	4	this:public class TMatrix4_t const & __thiscall RRefFrame_t::GetWorldMatrix(void) const 	1000b033	FUN_1000b033
DisplaySystem.dll	RRefFrame_t	load	0x17C	4	this:public class TMatrix4_t const & __thiscall RRefFrame_t::GetWorldMatrix(void) const 	1000b033	FUN_1000b033
DisplaySystem.dll	RRefFrame_t	load_vptr?	0x0	4	this:public class TMatrix4_t const & __thiscall RRefFrame_t::GetWorldMatrix(void) const 	1000b033	FUN_1000b033
DisplaySystem.dll	RRefFrame_t	vcall	0x40	4	this:public class TMatrix4_t const & __thiscall RRefFrame_t::GetWorldMatrix(void) const 	1000b033	FUN_1000b033
DisplaySystem.dll	RRefFrame_t	load_vptr?	0x0	4	this:public class TMatrix4_t const & __thiscall RRefFrame_t::GetWorldMatrix(void) const 	1000b033	FUN_1000b033
DisplaySystem.dll	RRefFrame_t	vcall	0x44	4	this:public class TMatrix4_t const & __thiscall RRefFrame_t::GetWorldMatrix(void) const 	1000b033	FUN_1000b033
DisplaySystem.dll	RRefFrame_t	load	0x214	4	this:public class TMatrix4_t const & __thiscall RRefFrame_t::GetWorldMatrix(void) const 	1000b033	FUN_1000b033
DisplaySystem.dll	RRefFrame_t	load	0x1B0	4	this:public class TMatrix4_t const & __thiscall RRefFrame_t::GetWorldMatrix(void) const 	1000b033	FUN_1000b033
DisplaySystem.dll	RRefFrame_t	load	0x210	4	this:public class TMatrix4_t const & __thiscall RRefFrame_t::GetWorldMatrix(void) const 	1000b033	FUN_1000b033
DisplaySystem.dll	RRefFrame_t	load	0x214	4	this:public class TMatrix4_t const & __thiscall RRefFrame_t::GetWorldMatrix(void) const 	1000b033	FUN_1000b033
DisplaySystem.dll	RRefFrame_t	load_vptr?	0x0	4	this:public class TMatrix4_t const & __thiscall RRefFrame_t::GetWorldMatrix(void) const 	1000b033	FUN_1000b033
DisplaySystem.dll	RRefFrame_t	vcall	0x48	4	this:public class TMatrix4_t const & __thiscall RRefFrame_t::GetWorldMatrix(void) const 	1000b033	FUN_1000b033
DisplaySystem.dll	RDeltaState	new_size	0x16C	0	ctor:public __thiscall RDeltaState::RDeltaState(char const *) 	1000b1e2	FUN_1000b1e2
DisplaySystem.dll	RVisual_t	load	0xB8	4	this:public void __thiscall RVisual_t::SetRenderPriority(enum RenderList_e) 	1000b1e2	FUN_1000b1e2
DisplaySystem.dll	RVisual_t	store	0xB8	4	this:public void __thiscall RVisual_t::SetRenderPriority(enum RenderList_e) 	1000b1e2	FUN_1000b1e2
DisplaySystem.dll	RVisual_t	load	0xB8	4	this:public void __thiscall RVisual_t::SetRenderPriority(enum RenderList_e) 	1000b1e2	FUN_1000b1e2
DisplaySystem.dll	RVisual_t	load	0xB8	4	this:public void __thiscall RVisual_t::SetRenderPriority(enum RenderList_e) 	1000b1e2	FUN_1000b1e2
DisplaySystem.dll	RVisual_t	load	0xB8	4	this:public void __thiscall RVisual_t::SetRenderPriority(enum RenderList_e) 	1000b1e2	FUN_1000b1e2
DisplaySystem.dll	RVisual_t	load	0xB8	4	this:public void __thiscall RVisual_t::SetRenderPriority(enum RenderList_e) 	1000b1e2	FUN_1000b1e2
DisplaySystem.dll	RVisual_t	load	0xB8	4	this:public void __thiscall RVisual_t::SetRenderPriority(enum RenderList_e) 	1000b1e2	FUN_1000b1e2
DisplaySystem.dll	RVisual_t	load	0xB8	4	this:public void __thiscall RVisual_t::SetRenderPriority(enum RenderList_e) 	1000b1e2	FUN_1000b1e2
DisplaySystem.dll	RVisual_t	load	0x17C	4	this:public void __thiscall RVisual_t::SetRenderPriority(enum RenderList_e) 	1000b1e2	FUN_1000b1e2
DisplaySystem.dll	RVisual_t	load	0xB8	4	this:public void __thiscall RVisual_t::SetRenderPriority(enum RenderList_e) 	1000b1e2	FUN_1000b1e2
DisplaySystem.dll	RVisual_t	load	0xB8	4	this:public void __thiscall RVisual_t::SetRenderPriority(enum RenderList_e) 	1000b1e2	FUN_1000b1e2
DisplaySystem.dll	RVisual_t	load	0xB8	4	this:public void __thiscall RVisual_t::SetRenderPriority(enum RenderList_e) 	1000b1e2	FUN_1000b1e2
DisplaySystem.dll	RVisual_t	load	0x20C	4	this:public void __thiscall RVisual_t::SetRenderPriority(enum RenderList_e) 	1000b1e2	FUN_1000b1e2
DisplaySystem.dll	RVisual_t	load	0xB8	4	this:public void __thiscall RVisual_t::SetRenderPriority(enum RenderList_e) 	1000b1e2	FUN_1000b1e2
DisplaySystem.dll	RVisual_t	load	0xB8	4	this:public void __thiscall RVisual_t::SetRenderPriority(enum RenderList_e) 	1000b1e2	FUN_1000b1e2
DisplaySystem.dll	RVisual_t	load	0xB8	4	this:public void __thiscall RVisual_t::SetRenderPriority(enum RenderList_e) 	1000b1e2	FUN_1000b1e2
DisplaySystem.dll	RVisual_t	load	0xB8	4	this:public void __thiscall RVisual_t::SetRenderPriority(enum RenderList_e) 	1000b1e2	FUN_1000b1e2
DisplaySystem.dll	RVisual_t	load	0xB8	4	this:public void __thiscall RVisual_t::SetRenderPriority(enum RenderList_e) 	1000b1e2	FUN_1000b1e2
DisplaySystem.dll	RVisual_t	load	0xB8	4	this:public void __thiscall RVisual_t::SetRenderPriority(enum RenderList_e) 	1000b1e2	FUN_1000b1e2
DisplaySystem.dll	RVisual_t	load	0xB8	4	this:public void __thiscall RVisual_t::SetRenderPriority(enum RenderList_e) 	1000b1e2	FUN_1000b1e2
DisplaySystem.dll	RVisual_t	load	0xB8	4	this:public void __thiscall RVisual_t::SetRenderPriority(enum RenderList_e) 	1000b1e2	FUN_1000b1e2
DisplaySystem.dll	RVisual_t	load	0x190	4	this:public void __thiscall RVisual_t::SetRenderPriority(enum RenderList_e) 	1000b1e2	FUN_1000b1e2
DisplaySystem.dll	RVisual_t	load	0xB8	4	this:public void __thiscall RVisual_t::SetRenderPriority(enum RenderList_e) 	1000b1e2	FUN_1000b1e2
DisplaySystem.dll	RVisual_t	load	0xB8	4	this:public void __thiscall RVisual_t::SetRenderPriority(enum RenderList_e) 	1000b1e2	FUN_1000b1e2
DisplaySystem.dll	RVisual_t	load	0xB8	4	this:public void __thiscall RVisual_t::SetRenderPriority(enum RenderList_e) 	1000b1e2	FUN_1000b1e2
DisplaySystem.dll	RVisual_t	load	0xB8	4	this:public void __thiscall RVisual_t::SetRenderPriority(enum RenderList_e) 	1000b1e2	FUN_1000b1e2
DisplaySystem.dll	RVisual_t	load	0x194	4	this:public void __thiscall RVisual_t::SetRenderPriority(enum RenderList_e) 	1000b1e2	FUN_1000b1e2
DisplaySystem.dll	RRefFrame_t	load	0x22C	4	this:public class TMatrix4_t const & __thiscall RRefFrame_t::GetWorldMatrix(void) const 	1000b4fc	FUN_1000b4fc
DisplaySystem.dll	RRefFrame_t	load	0x230	4	this:public class TMatrix4_t const & __thiscall RRefFrame_t::GetWorldMatrix(void) const 	1000b4fc	FUN_1000b4fc
DisplaySystem.dll	RRefFrame_t	load	0x21C	4	this:public class TMatrix4_t const & __thiscall RRefFrame_t::GetWorldMatrix(void) const 	1000b4fc	FUN_1000b4fc
DisplaySystem.dll	RRefFrame_t	load	0x198	4	this:public class TMatrix4_t const & __thiscall RRefFrame_t::GetWorldMatrix(void) const 	1000b4fc	FUN_1000b4fc
DisplaySystem.dll	RRefFrame_t	load	0x184	4	this:public class TMatrix4_t const & __thiscall RRefFrame_t::GetWorldMatrix(void) const 	1000b4fc	FUN_1000b4fc
DisplaySystem.dll	RRefFrame_t	load	0x188	4	this:public class TMatrix4_t const & __thiscall RRefFrame_t::GetWorldMatrix(void) const 	1000b4fc	FUN_1000b4fc
DisplaySystem.dll	RRefFrame_t	load	0x198	4	this:public class TMatrix4_t const & __thiscall RRefFrame_t::GetWorldMatrix(void) const 	1000b4fc	FUN_1000b4fc
DisplaySystem.dll	RRefFrame_t	load	0x184	4	this:public class TMatrix4_t const & __thiscall RRefFrame_t::GetWorldMatrix(void) const 	1000b4fc	FUN_1000b4fc
DisplaySystem.dll	RRefFrame_t	load	0x224	1	this:public class TMatrix4_t const & __thiscall RRefFrame_t::GetWorldMatrix(void) const 	1000b4fc	FUN_1000b4fc
DisplaySystem.dll	RRefFrame_t	store	0x1BC	4	this:public class TMatrix4_t const & __thiscall RRefFrame_t::GetWorldMatrix(void) const 	1000b4fc	FUN_1000b4fc
DisplaySystem.dll	RRefFrame_t	store	0x1C0	4	this:public class TMatrix4_t const & __thiscall RRefFrame_t::GetWorldMatrix(void) const 	1000b4fc	FUN_1000b4fc
DisplaySystem.dll	RRefFrame_t	store	0x1D4	4	this:public class TMatrix4_t const & __thiscall RRefFrame_t::GetWorldMatrix(void) const 	1000b4fc	FUN_1000b4fc
DisplaySystem.dll	RRefFrame_t	store	0x1D8	4	this:public class TMatrix4_t const & __thiscall RRefFrame_t::GetWorldMatrix(void) const 	1000b4fc	FUN_1000b4fc
DisplaySystem.dll	RRefFrame_t	store	0x1EC	4	this:public class TMatrix4_t const & __thiscall RRefFrame_t::GetWorldMatrix(void) const 	1000b4fc	FUN_1000b4fc
DisplaySystem.dll	RRefFrame_t	store	0x1D4	4	this:public class TMatrix4_t const & __thiscall RRefFrame_t::GetWorldMatrix(void) const 	1000b4fc	FUN_1000b4fc
DisplaySystem.dll	RRefFrame_t	store	0x1D8	4	this:public class TMatrix4_t const & __thiscall RRefFrame_t::GetWorldMatrix(void) const 	1000b4fc	FUN_1000b4fc
DisplaySystem.dll	RRefFrame_t	store	0x1EC	4	this:public class TMatrix4_t const & __thiscall RRefFrame_t::GetWorldMatrix(void) const 	1000b4fc	FUN_1000b4fc
DisplaySystem.dll	RRefFrame_t	load	0x228	4	this:public class TMatrix4_t const & __thiscall RRefFrame_t::GetWorldMatrix(void) const 	1000b4fc	FUN_1000b4fc
DisplaySystem.dll	RRefFrame_t	store	0x1F0	4	this:public class TMatrix4_t const & __thiscall RRefFrame_t::GetWorldMatrix(void) const 	1000b4fc	FUN_1000b4fc
DisplaySystem.dll	RRefFrame_t	store	0x1B8	4	this:public class TMatrix4_t const & __thiscall RRefFrame_t::GetWorldMatrix(void) const 	1000b4fc	FUN_1000b4fc
DisplaySystem.dll	RRefFrame_t	store	0x204	4	this:public class TMatrix4_t const & __thiscall RRefFrame_t::GetWorldMatrix(void) const 	1000b4fc	FUN_1000b4fc
DisplaySystem.dll	RRefFrame_t	store	0x1D0	4	this:public class TMatrix4_t const & __thiscall RRefFrame_t::GetWorldMatrix(void) const 	1000b4fc	FUN_1000b4fc
DisplaySystem.dll	RRefFrame_t	store	0x1E8	4	this:public class TMatrix4_t const & __thiscall RRefFrame_t::GetWorldMatrix(void) const 	1000b4fc	FUN_1000b4fc
DisplaySystem.dll	RRefFrame_t	store	0x200	4	this:public class TMatrix4_t const & __thiscall RRefFrame_t::GetWorldMatrix(void) const 	1000b4fc	FUN_1000b4fc
DisplaySystem.dll	RRefFrame_t	store	0x208	4	this:public class TMatrix4_t const & __thiscall RRefFrame_t::GetWorldMatrix(void) const 	1000b4fc	FUN_1000b4fc
DisplaySystem.dll	RRefFrame_t	load	0x234	4	this:public class TMatrix4_t const & __thiscall RRefFrame_t::GetWorldMatrix(void) const 	1000b4fc	FUN_1000b4fc
DisplaySystem.dll	RRefFrame_t	store	0x1AC	4	this:public class TMatrix4_t const & __thiscall RRefFrame_t::GetWorldMatrix(void) const 	1000b4fc	FUN_1000b4fc
DisplaySystem.dll	RRefFrame_t	store	0x1B0	4	this:public class TMatrix4_t const & __thiscall RRefFrame_t::GetWorldMatrix(void) const 	1000b4fc	FUN_1000b4fc
DisplaySystem.dll	RRefFrame_t	store	0x1B4	4	this:public class TMatrix4_t const & __thiscall RRefFrame_t::GetWorldMatrix(void) const 	1000b4fc	FUN_1000b4fc
DisplaySystem.dll	RRefFrame_t	store	0x1C4	4	this:public class TMatrix4_t const & __thiscall RRefFrame_t::GetWorldMatrix(void) const 	1000b4fc	FUN_1000b4fc
DisplaySystem.dll	RRefFrame_t	store	0x1C8	4	this:public class TMatrix4_t const & __thiscall RRefFrame_t::GetWorldMatrix(void) const 	1000b4fc	FUN_1000b4fc
DisplaySystem.dll	RRefFrame_t	store	0x1CC	4	this:public class TMatrix4_t const & __thiscall RRefFrame_t::GetWorldMatrix(void) const 	1000b4fc	FUN_1000b4fc
DisplaySystem.dll	RRefFrame_t	store	0x1DC	4	this:public class TMatrix4_t const & __thiscall RRefFrame_t::GetWorldMatrix(void) const 	1000b4fc	FUN_1000b4fc
DisplaySystem.dll	RRefFrame_t	store	0x1E0	4	this:public class TMatrix4_t const & __thiscall RRefFrame_t::GetWorldMatrix(void) const 	1000b4fc	FUN_1000b4fc
DisplaySystem.dll	RRefFrame_t	store	0x1E4	4	this:public class TMatrix4_t const & __thiscall RRefFrame_t::GetWorldMatrix(void) const 	1000b4fc	FUN_1000b4fc
DisplaySystem.dll	RRefFrame_t	store	0x1AC	4	this:public class TMatrix4_t const & __thiscall RRefFrame_t::GetWorldMatrix(void) const 	1000b4fc	FUN_1000b4fc
DisplaySystem.dll	RRefFrame_t	store	0x1B0	4	this:public class TMatrix4_t const & __thiscall RRefFrame_t::GetWorldMatrix(void) const 	1000b4fc	FUN_1000b4fc
DisplaySystem.dll	RRefFrame_t	store	0x1B4	4	this:public class TMatrix4_t const & __thiscall RRefFrame_t::GetWorldMatrix(void) const 	1000b4fc	FUN_1000b4fc
DisplaySystem.dll	RRefFrame_t	store	0x1C4	4	this:public class TMatrix4_t const & __thiscall RRefFrame_t::GetWorldMatrix(void) const 	1000b4fc	FUN_1000b4fc
DisplaySystem.dll	RRefFrame_t	store	0x1C8	4	this:public class TMatrix4_t const & __thiscall RRefFrame_t::GetWorldMatrix(void) const 	1000b4fc	FUN_1000b4fc
DisplaySystem.dll	RRefFrame_t	store	0x1CC	4	this:public class TMatrix4_t const & __thiscall RRefFrame_t::GetWorldMatrix(void) const 	1000b4fc	FUN_1000b4fc
DisplaySystem.dll	RRefFrame_t	store	0x1DC	4	this:public class TMatrix4_t const & __thiscall RRefFrame_t::GetWorldMatrix(void) const 	1000b4fc	FUN_1000b4fc
DisplaySystem.dll	RRefFrame_t	store	0x1E0	4	this:public class TMatrix4_t const & __thiscall RRefFrame_t::GetWorldMatrix(void) const 	1000b4fc	FUN_1000b4fc
DisplaySystem.dll	RRefFrame_t	store	0x1E4	4	this:public class TMatrix4_t const & __thiscall RRefFrame_t::GetWorldMatrix(void) const 	1000b4fc	FUN_1000b4fc
DisplaySystem.dll	RRefFrame_t	store	0x1AC	4	this:public class TMatrix4_t const & __thiscall RRefFrame_t::GetWorldMatrix(void) const 	1000b4fc	FUN_1000b4fc
DisplaySystem.dll	RRefFrame_t	store	0x1B0	4	this:public class TMatrix4_t const & __thiscall RRefFrame_t::GetWorldMatrix(void) const 	1000b4fc	FUN_1000b4fc
DisplaySystem.dll	RRefFrame_t	store	0x1B4	4	this:public class TMatrix4_t const & __thiscall RRefFrame_t::GetWorldMatrix(void) const 	1000b4fc	FUN_1000b4fc
DisplaySystem.dll	RRefFrame_t	store	0x1C4	4	this:public class TMatrix4_t const & __thiscall RRefFrame_t::GetWorldMatrix(void) const 	1000b4fc	FUN_1000b4fc
DisplaySystem.dll	RRefFrame_t	store	0x1C8	4	this:public class TMatrix4_t const & __thiscall RRefFrame_t::GetWorldMatrix(void) const 	1000b4fc	FUN_1000b4fc
DisplaySystem.dll	RRefFrame_t	store	0x1CC	4	this:public class TMatrix4_t const & __thiscall RRefFrame_t::GetWorldMatrix(void) const 	1000b4fc	FUN_1000b4fc
DisplaySystem.dll	RRefFrame_t	store	0x1DC	4	this:public class TMatrix4_t const & __thiscall RRefFrame_t::GetWorldMatrix(void) const 	1000b4fc	FUN_1000b4fc
DisplaySystem.dll	RRefFrame_t	store	0x1E0	4	this:public class TMatrix4_t const & __thiscall RRefFrame_t::GetWorldMatrix(void) const 	1000b4fc	FUN_1000b4fc
DisplaySystem.dll	RRefFrame_t	store	0x1E4	4	this:public class TMatrix4_t const & __thiscall RRefFrame_t::GetWorldMatrix(void) const 	1000b4fc	FUN_1000b4fc
DisplaySystem.dll	RRefFrame_t	store	0x1F4	4	this:public class TMatrix4_t const & __thiscall RRefFrame_t::GetWorldMatrix(void) const 	1000b4fc	FUN_1000b4fc
DisplaySystem.dll	RRefFrame_t	store	0x1F8	4	this:public class TMatrix4_t const & __thiscall RRefFrame_t::GetWorldMatrix(void) const 	1000b4fc	FUN_1000b4fc
DisplaySystem.dll	RRefFrame_t	store	0x1FC	4	this:public class TMatrix4_t const & __thiscall RRefFrame_t::GetWorldMatrix(void) const 	1000b4fc	FUN_1000b4fc
DisplaySystem.dll	RRefFrame_t	addr_passed	0x1AC	0	this:public class TMatrix4_t const & __thiscall RRefFrame_t::GetWorldMatrix(void) const 	1000b4fc	FUN_1000b4fc
DisplaySystem.dll	RRefFrame_t	load	0x178	4	this:public class TMatrix4_t const & __thiscall RRefFrame_t::GetWorldMatrix(void) const 	1000bace	FUN_1000bace
DisplaySystem.dll	RRefFrame_t	load	0x220	4	this:public class TMatrix4_t const & __thiscall RRefFrame_t::GetWorldMatrix(void) const 	1000bace	FUN_1000bace
DisplaySystem.dll	RRefFrame_t	load	0x17C	4	this:public class TMatrix4_t const & __thiscall RRefFrame_t::GetWorldMatrix(void) const 	1000bace	FUN_1000bace
DisplaySystem.dll	RRefFrame_t	load_vptr?	0x0	4	this:public class TMatrix4_t const & __thiscall RRefFrame_t::GetWorldMatrix(void) const 	1000bace	FUN_1000bace
DisplaySystem.dll	RRefFrame_t	vcall	0x40	4	this:public class TMatrix4_t const & __thiscall RRefFrame_t::GetWorldMatrix(void) const 	1000bace	FUN_1000bace
DisplaySystem.dll	RRefFrame_t	load_vptr?	0x0	4	this:public class TMatrix4_t const & __thiscall RRefFrame_t::GetWorldMatrix(void) const 	1000bace	FUN_1000bace
DisplaySystem.dll	RRefFrame_t	vcall	0x44	4	this:public class TMatrix4_t const & __thiscall RRefFrame_t::GetWorldMatrix(void) const 	1000bace	FUN_1000bace
DisplaySystem.dll	RRefFrame_t	load_vptr?	0x0	4	this:public class TMatrix4_t const & __thiscall RRefFrame_t::GetWorldMatrix(void) const 	1000bace	FUN_1000bace
DisplaySystem.dll	RRefFrame_t	vcall	0x48	4	this:public class TMatrix4_t const & __thiscall RRefFrame_t::GetWorldMatrix(void) const 	1000bace	FUN_1000bace
DisplaySystem.dll	RDeltaState	new_size	0x16C	0	ctor:public __thiscall RDeltaState::RDeltaState(char const *) 	1000bbb5	FUN_1000bbb5
DisplaySystem.dll	RDeltaState	new_size	0x16C	0	ctor:public __thiscall RDeltaState::RDeltaState(char const *) 	1000bf1e	FUN_1000bf1e
DisplaySystem.dll	RVisual_t	load	0xB8	4	this:public void __thiscall RVisual_t::SetRenderPriority(enum RenderList_e) 	1000bf1e	FUN_1000bf1e
DisplaySystem.dll	RVisual_t	store	0xB8	4	this:public void __thiscall RVisual_t::SetRenderPriority(enum RenderList_e) 	1000bf1e	FUN_1000bf1e
DisplaySystem.dll	RVisual_t	load	0xB8	4	this:public void __thiscall RVisual_t::SetRenderPriority(enum RenderList_e) 	1000bf1e	FUN_1000bf1e
DisplaySystem.dll	RVisual_t	load	0xB8	4	this:public void __thiscall RVisual_t::SetRenderPriority(enum RenderList_e) 	1000bf1e	FUN_1000bf1e
DisplaySystem.dll	RVisual_t	load	0xB8	4	this:public void __thiscall RVisual_t::SetRenderPriority(enum RenderList_e) 	1000bf1e	FUN_1000bf1e
DisplaySystem.dll	RVisual_t	load	0xB8	4	this:public void __thiscall RVisual_t::SetRenderPriority(enum RenderList_e) 	1000bf1e	FUN_1000bf1e
DisplaySystem.dll	RVisual_t	load	0xB8	4	this:public void __thiscall RVisual_t::SetRenderPriority(enum RenderList_e) 	1000bf1e	FUN_1000bf1e
DisplaySystem.dll	RVisual_t	load	0xB8	4	this:public void __thiscall RVisual_t::SetRenderPriority(enum RenderList_e) 	1000bf1e	FUN_1000bf1e
DisplaySystem.dll	RVisual_t	load	0xB8	4	this:public void __thiscall RVisual_t::SetRenderPriority(enum RenderList_e) 	1000bf1e	FUN_1000bf1e
DisplaySystem.dll	RVisual_t	load	0x17C	4	this:public void __thiscall RVisual_t::SetRenderPriority(enum RenderList_e) 	1000bf1e	FUN_1000bf1e
DisplaySystem.dll	RVisual_t	load	0xB8	4	this:public void __thiscall RVisual_t::SetRenderPriority(enum RenderList_e) 	1000bf1e	FUN_1000bf1e
DisplaySystem.dll	RVisual_t	load	0xB8	4	this:public void __thiscall RVisual_t::SetRenderPriority(enum RenderList_e) 	1000bf1e	FUN_1000bf1e
DisplaySystem.dll	RVisual_t	load	0xB8	4	this:public void __thiscall RVisual_t::SetRenderPriority(enum RenderList_e) 	1000bf1e	FUN_1000bf1e
DisplaySystem.dll	RVisual_t	load	0xB8	4	this:public void __thiscall RVisual_t::SetRenderPriority(enum RenderList_e) 	1000bf1e	FUN_1000bf1e
DisplaySystem.dll	RVisual_t	load	0xB8	4	this:public void __thiscall RVisual_t::SetRenderPriority(enum RenderList_e) 	1000bf1e	FUN_1000bf1e
DisplaySystem.dll	RVisual_t	load	0xB8	4	this:public void __thiscall RVisual_t::SetRenderPriority(enum RenderList_e) 	1000bf1e	FUN_1000bf1e
DisplaySystem.dll	RVisual_t	load	0xB8	4	this:public void __thiscall RVisual_t::SetRenderPriority(enum RenderList_e) 	1000bf1e	FUN_1000bf1e
DisplaySystem.dll	RVisual_t	load	0x190	4	this:public void __thiscall RVisual_t::SetRenderPriority(enum RenderList_e) 	1000bf1e	FUN_1000bf1e
DisplaySystem.dll	RVisual_t	load	0xB8	4	this:public void __thiscall RVisual_t::SetRenderPriority(enum RenderList_e) 	1000bf1e	FUN_1000bf1e
DisplaySystem.dll	RVisual_t	load	0xB8	4	this:public void __thiscall RVisual_t::SetRenderPriority(enum RenderList_e) 	1000bf1e	FUN_1000bf1e
DisplaySystem.dll	RVisual_t	load	0xB8	4	this:public void __thiscall RVisual_t::SetRenderPriority(enum RenderList_e) 	1000bf1e	FUN_1000bf1e
DisplaySystem.dll	RVisual_t	load	0xB8	4	this:public void __thiscall RVisual_t::SetRenderPriority(enum RenderList_e) 	1000bf1e	FUN_1000bf1e
DisplaySystem.dll	RVisual_t	load	0x1A8	1	this:public void __thiscall RVisual_t::SetRenderPriority(enum RenderList_e) 	1000bf1e	FUN_1000bf1e
DisplaySystem.dll	RVisual_t	load	0xB8	4	this:public void __thiscall RVisual_t::SetRenderPriority(enum RenderList_e) 	1000bf1e	FUN_1000bf1e
DisplaySystem.dll	RVisual_t	load	0x194	4	this:public void __thiscall RVisual_t::SetRenderPriority(enum RenderList_e) 	1000bf1e	FUN_1000bf1e
DisplaySystem.dll	RVisual_t	load	0xB8	4	this:public void __thiscall RVisual_t::SetRenderPriority(enum RenderList_e) 	1000bf1e	FUN_1000bf1e
DisplaySystem.dll	RVisual_t	load	0xB8	4	this:public void __thiscall RVisual_t::SetRenderPriority(enum RenderList_e) 	1000bf1e	FUN_1000bf1e
DisplaySystem.dll	RVisual_t	load	0xB8	4	this:public void __thiscall RVisual_t::SetRenderPriority(enum RenderList_e) 	1000bf1e	FUN_1000bf1e
DisplaySystem.dll	RRefFrame_t	load	0x178	4	this:public class TMatrix4_t const & __thiscall RRefFrame_t::GetWorldMatrix(void) const 	1000c0ec	FUN_1000c0ec
DisplaySystem.dll	RRefFrame_t	load	0x1E8	1	this:public class TMatrix4_t const & __thiscall RRefFrame_t::GetWorldMatrix(void) const 	1000c0ec	FUN_1000c0ec
DisplaySystem.dll	RRefFrame_t	store	0x1E8	1	this:public class TMatrix4_t const & __thiscall RRefFrame_t::GetWorldMatrix(void) const 	1000c0ec	FUN_1000c0ec
DisplaySystem.dll	RRefFrame_t	load	0x17C	4	this:public class TMatrix4_t const & __thiscall RRefFrame_t::GetWorldMatrix(void) const 	1000c0ec	FUN_1000c0ec
DisplaySystem.dll	RRefFrame_t	load_vptr?	0x0	4	this:public class TMatrix4_t const & __thiscall RRefFrame_t::GetWorldMatrix(void) const 	1000c0ec	FUN_1000c0ec
DisplaySystem.dll	RRefFrame_t	vcall	0x40	4	this:public class TMatrix4_t const & __thiscall RRefFrame_t::GetWorldMatrix(void) const 	1000c0ec	FUN_1000c0ec
DisplaySystem.dll	RRefFrame_t	load_vptr?	0x0	4	this:public class TMatrix4_t const & __thiscall RRefFrame_t::GetWorldMatrix(void) const 	1000c0ec	FUN_1000c0ec
DisplaySystem.dll	RRefFrame_t	vcall	0x44	4	this:public class TMatrix4_t const & __thiscall RRefFrame_t::GetWorldMatrix(void) const 	1000c0ec	FUN_1000c0ec
DisplaySystem.dll	RRefFrame_t	load	0x1E4	4	this:public class TMatrix4_t const & __thiscall RRefFrame_t::GetWorldMatrix(void) const 	1000c0ec	FUN_1000c0ec
DisplaySystem.dll	RRefFrame_t	load	0x1E0	4	this:public class TMatrix4_t const & __thiscall RRefFrame_t::GetWorldMatrix(void) const 	1000c0ec	FUN_1000c0ec
DisplaySystem.dll	RRefFrame_t	load_vptr?	0x0	4	this:public class TMatrix4_t const & __thiscall RRefFrame_t::GetWorldMatrix(void) const 	1000c0ec	FUN_1000c0ec
DisplaySystem.dll	RRefFrame_t	vcall	0x48	4	this:public class TMatrix4_t const & __thiscall RRefFrame_t::GetWorldMatrix(void) const 	1000c0ec	FUN_1000c0ec
DisplaySystem.dll	RRefFrame_t	load	0x178	4	this:public class TMatrix4_t const & __thiscall RRefFrame_t::GetWorldMatrix(void) const 	1000c3cc	FUN_1000c3cc
DisplaySystem.dll	RRefFrame_t	load	0x17C	4	this:public class TMatrix4_t const & __thiscall RRefFrame_t::GetWorldMatrix(void) const 	1000c3cc	FUN_1000c3cc
DisplaySystem.dll	RRefFrame_t	load	0x198	4	this:public class TMatrix4_t const & __thiscall RRefFrame_t::GetWorldMatrix(void) const 	1000c3cc	FUN_1000c3cc
DisplaySystem.dll	RRefFrame_t	load	0x18E	1	this:public class TMatrix4_t const & __thiscall RRefFrame_t::GetWorldMatrix(void) const 	1000c3cc	FUN_1000c3cc
DisplaySystem.dll	RRefFrame_t	load	0x18D	1	this:public class TMatrix4_t const & __thiscall RRefFrame_t::GetWorldMatrix(void) const 	1000c3cc	FUN_1000c3cc
DisplaySystem.dll	RRefFrame_t	load	0x18C	1	this:public class TMatrix4_t const & __thiscall RRefFrame_t::GetWorldMatrix(void) const 	1000c3cc	FUN_1000c3cc
DisplaySystem.dll	RRefFrame_t	load	0x4CC	4	this:public class TMatrix4_t const & __thiscall RRefFrame_t::GetWorldMatrix(void) const 	1000c3cc	FUN_1000c3cc
DisplaySystem.dll	RRefFrame_t	load	0x4C8	4	this:public class TMatrix4_t const & __thiscall RRefFrame_t::GetWorldMatrix(void) const 	1000c3cc	FUN_1000c3cc
DisplaySystem.dll	RRefFrame_t	load	0x4C8	4	this:public class TMatrix4_t const & __thiscall RRefFrame_t::GetWorldMatrix(void) const 	1000c3cc	FUN_1000c3cc
DisplaySystem.dll	RRefFrame_t	load	0x17C	4	this:public class TMatrix4_t const & __thiscall RRefFrame_t::GetWorldMatrix(void) const 	1000c3cc	FUN_1000c3cc
DisplaySystem.dll	RRefFrame_t	load_vptr?	0x0	4	this:public class TMatrix4_t const & __thiscall RRefFrame_t::GetWorldMatrix(void) const 	1000c3cc	FUN_1000c3cc
DisplaySystem.dll	RRefFrame_t	vcall	0x40	4	this:public class TMatrix4_t const & __thiscall RRefFrame_t::GetWorldMatrix(void) const 	1000c3cc	FUN_1000c3cc
DisplaySystem.dll	RRefFrame_t	load_vptr?	0x0	4	this:public class TMatrix4_t const & __thiscall RRefFrame_t::GetWorldMatrix(void) const 	1000c3cc	FUN_1000c3cc
DisplaySystem.dll	RRefFrame_t	vcall	0x44	4	this:public class TMatrix4_t const & __thiscall RRefFrame_t::GetWorldMatrix(void) const 	1000c3cc	FUN_1000c3cc
DisplaySystem.dll	RRefFrame_t	addr_passed	0x4D0	0	this:public class TMatrix4_t const & __thiscall RRefFrame_t::GetWorldMatrix(void) const 	1000c3cc	FUN_1000c3cc
DisplaySystem.dll	RRefFrame_t	load_vptr?	0x0	4	this:public class TMatrix4_t const & __thiscall RRefFrame_t::GetWorldMatrix(void) const 	1000c3cc	FUN_1000c3cc
DisplaySystem.dll	RRefFrame_t	vcall	0x48	4	this:public class TMatrix4_t const & __thiscall RRefFrame_t::GetWorldMatrix(void) const 	1000c3cc	FUN_1000c3cc
DisplaySystem.dll	RDeltaState	new_size	0x16C	0	ctor:public __thiscall RDeltaState::RDeltaState(char const *) 	1000c882	FUN_1000c882
DisplaySystem.dll	RVisual_t	store_vptr?	0x0	4	this:public void __thiscall RVisual_t::SetRenderPriority(enum RenderList_e) 	1000c882	FUN_1000c882
DisplaySystem.dll	RVisual_t	store	0xA4	4	this:public void __thiscall RVisual_t::SetRenderPriority(enum RenderList_e) 	1000c882	FUN_1000c882
DisplaySystem.dll	RVisual_t	addr_passed	0x1A8	0	this:public void __thiscall RVisual_t::SetRenderPriority(enum RenderList_e) 	1000c882	FUN_1000c882
DisplaySystem.dll	RVisual_t	store	0x4D0	4	this:public void __thiscall RVisual_t::SetRenderPriority(enum RenderList_e) 	1000c882	FUN_1000c882
DisplaySystem.dll	RVisual_t	store	0x4D4	4	this:public void __thiscall RVisual_t::SetRenderPriority(enum RenderList_e) 	1000c882	FUN_1000c882
DisplaySystem.dll	RVisual_t	store	0x4D8	4	this:public void __thiscall RVisual_t::SetRenderPriority(enum RenderList_e) 	1000c882	FUN_1000c882
DisplaySystem.dll	RVisual_t	store	0x4C8	4	this:public void __thiscall RVisual_t::SetRenderPriority(enum RenderList_e) 	1000c882	FUN_1000c882
DisplaySystem.dll	RVisual_t	store	0x4CC	4	this:public void __thiscall RVisual_t::SetRenderPriority(enum RenderList_e) 	1000c882	FUN_1000c882
DisplaySystem.dll	RVisual_t	load	0xB8	4	this:public void __thiscall RVisual_t::SetRenderPriority(enum RenderList_e) 	1000c882	FUN_1000c882
DisplaySystem.dll	RVisual_t	store	0xB8	4	this:public void __thiscall RVisual_t::SetRenderPriority(enum RenderList_e) 	1000c882	FUN_1000c882
DisplaySystem.dll	RVisual_t	load	0xB8	4	this:public void __thiscall RVisual_t::SetRenderPriority(enum RenderList_e) 	1000c882	FUN_1000c882
DisplaySystem.dll	RVisual_t	load	0xB8	4	this:public void __thiscall RVisual_t::SetRenderPriority(enum RenderList_e) 	1000c882	FUN_1000c882
DisplaySystem.dll	RVisual_t	load	0xB8	4	this:public void __thiscall RVisual_t::SetRenderPriority(enum RenderList_e) 	1000c882	FUN_1000c882
DisplaySystem.dll	RVisual_t	load	0xB8	4	this:public void __thiscall RVisual_t::SetRenderPriority(enum RenderList_e) 	1000c882	FUN_1000c882
DisplaySystem.dll	RVisual_t	load	0xB8	4	this:public void __thiscall RVisual_t::SetRenderPriority(enum RenderList_e) 	1000c882	FUN_1000c882
DisplaySystem.dll	RVisual_t	load	0xB8	4	this:public void __thiscall RVisual_t::SetRenderPriority(enum RenderList_e) 	1000c882	FUN_1000c882
DisplaySystem.dll	RVisual_t	load	0xB8	4	this:public void __thiscall RVisual_t::SetRenderPriority(enum RenderList_e) 	1000c882	FUN_1000c882
DisplaySystem.dll	RVisual_t	load	0x17C	4	this:public void __thiscall RVisual_t::SetRenderPriority(enum RenderList_e) 	1000c882	FUN_1000c882
DisplaySystem.dll	RVisual_t	load	0xB8	4	this:public void __thiscall RVisual_t::SetRenderPriority(enum RenderList_e) 	1000c882	FUN_1000c882
DisplaySystem.dll	RVisual_t	load	0xB8	4	this:public void __thiscall RVisual_t::SetRenderPriority(enum RenderList_e) 	1000c882	FUN_1000c882
DisplaySystem.dll	RVisual_t	load	0xB8	4	this:public void __thiscall RVisual_t::SetRenderPriority(enum RenderList_e) 	1000c882	FUN_1000c882
DisplaySystem.dll	RVisual_t	load	0xB8	4	this:public void __thiscall RVisual_t::SetRenderPriority(enum RenderList_e) 	1000c882	FUN_1000c882
DisplaySystem.dll	RVisual_t	load	0xB8	4	this:public void __thiscall RVisual_t::SetRenderPriority(enum RenderList_e) 	1000c882	FUN_1000c882
DisplaySystem.dll	RVisual_t	load	0xB8	4	this:public void __thiscall RVisual_t::SetRenderPriority(enum RenderList_e) 	1000c882	FUN_1000c882
DisplaySystem.dll	RVisual_t	load	0x190	4	this:public void __thiscall RVisual_t::SetRenderPriority(enum RenderList_e) 	1000c882	FUN_1000c882
DisplaySystem.dll	RVisual_t	load	0xB8	4	this:public void __thiscall RVisual_t::SetRenderPriority(enum RenderList_e) 	1000c882	FUN_1000c882
DisplaySystem.dll	RVisual_t	load	0xB8	4	this:public void __thiscall RVisual_t::SetRenderPriority(enum RenderList_e) 	1000c882	FUN_1000c882
DisplaySystem.dll	RVisual_t	load	0xB8	4	this:public void __thiscall RVisual_t::SetRenderPriority(enum RenderList_e) 	1000c882	FUN_1000c882
DisplaySystem.dll	RVisual_t	load	0xB8	4	this:public void __thiscall RVisual_t::SetRenderPriority(enum RenderList_e) 	1000c882	FUN_1000c882
DisplaySystem.dll	RVisual_t	load	0x194	4	this:public void __thiscall RVisual_t::SetRenderPriority(enum RenderList_e) 	1000c882	FUN_1000c882
DisplaySystem.dll	RVisual_t	load	0xB8	4	this:public void __thiscall RVisual_t::SetRenderPriority(enum RenderList_e) 	1000c882	FUN_1000c882
DisplaySystem.dll	RVisual_t	load	0xB8	4	this:public void __thiscall RVisual_t::SetRenderPriority(enum RenderList_e) 	1000c882	FUN_1000c882
DisplaySystem.dll	RVisual_t	load	0xB8	4	this:public void __thiscall RVisual_t::SetRenderPriority(enum RenderList_e) 	1000c882	FUN_1000c882
DisplaySystem.dll	RRefFrame_t	load	0x178	4	this:public class TMatrix4_t const & __thiscall RRefFrame_t::GetWorldMatrix(void) const 	1000cadc	FUN_1000cadc
DisplaySystem.dll	RRefFrame_t	load	0x17C	4	this:public class TMatrix4_t const & __thiscall RRefFrame_t::GetWorldMatrix(void) const 	1000cadc	FUN_1000cadc
DisplaySystem.dll	RRefFrame_t	load	0x198	4	this:public class TMatrix4_t const & __thiscall RRefFrame_t::GetWorldMatrix(void) const 	1000cadc	FUN_1000cadc
DisplaySystem.dll	RRefFrame_t	load	0x18E	1	this:public class TMatrix4_t const & __thiscall RRefFrame_t::GetWorldMatrix(void) const 	1000cadc	FUN_1000cadc
DisplaySystem.dll	RRefFrame_t	load	0x18D	1	this:public class TMatrix4_t const & __thiscall RRefFrame_t::GetWorldMatrix(void) const 	1000cadc	FUN_1000cadc
DisplaySystem.dll	RRefFrame_t	load	0x18C	1	this:public class TMatrix4_t const & __thiscall RRefFrame_t::GetWorldMatrix(void) const 	1000cadc	FUN_1000cadc
DisplaySystem.dll	RRefFrame_t	load	0x32C	4	this:public class TMatrix4_t const & __thiscall RRefFrame_t::GetWorldMatrix(void) const 	1000cadc	FUN_1000cadc
DisplaySystem.dll	RRefFrame_t	load	0x328	4	this:public class TMatrix4_t const & __thiscall RRefFrame_t::GetWorldMatrix(void) const 	1000cadc	FUN_1000cadc
DisplaySystem.dll	RRefFrame_t	store	0x344	4	this:public class TMatrix4_t const & __thiscall RRefFrame_t::GetWorldMatrix(void) const 	1000cadc	FUN_1000cadc
DisplaySystem.dll	RRefFrame_t	store	0x35C	4	this:public class TMatrix4_t const & __thiscall RRefFrame_t::GetWorldMatrix(void) const 	1000cadc	FUN_1000cadc
DisplaySystem.dll	RRefFrame_t	store	0x340	4	this:public class TMatrix4_t const & __thiscall RRefFrame_t::GetWorldMatrix(void) const 	1000cadc	FUN_1000cadc
DisplaySystem.dll	RRefFrame_t	store	0x358	4	this:public class TMatrix4_t const & __thiscall RRefFrame_t::GetWorldMatrix(void) const 	1000cadc	FUN_1000cadc
DisplaySystem.dll	RRefFrame_t	store	0x334	4	this:public class TMatrix4_t const & __thiscall RRefFrame_t::GetWorldMatrix(void) const 	1000cadc	FUN_1000cadc
DisplaySystem.dll	RRefFrame_t	store	0x330	4	this:public class TMatrix4_t const & __thiscall RRefFrame_t::GetWorldMatrix(void) const 	1000cadc	FUN_1000cadc
DisplaySystem.dll	RRefFrame_t	store	0x338	4	this:public class TMatrix4_t const & __thiscall RRefFrame_t::GetWorldMatrix(void) const 	1000cadc	FUN_1000cadc
DisplaySystem.dll	RRefFrame_t	store	0x348	4	this:public class TMatrix4_t const & __thiscall RRefFrame_t::GetWorldMatrix(void) const 	1000cadc	FUN_1000cadc
DisplaySystem.dll	RRefFrame_t	store	0x34C	4	this:public class TMatrix4_t const & __thiscall RRefFrame_t::GetWorldMatrix(void) const 	1000cadc	FUN_1000cadc
DisplaySystem.dll	RRefFrame_t	store	0x350	4	this:public class TMatrix4_t const & __thiscall RRefFrame_t::GetWorldMatrix(void) const 	1000cadc	FUN_1000cadc
DisplaySystem.dll	RRefFrame_t	store	0x33C	4	this:public class TMatrix4_t const & __thiscall RRefFrame_t::GetWorldMatrix(void) const 	1000cadc	FUN_1000cadc
DisplaySystem.dll	RRefFrame_t	store	0x354	4	this:public class TMatrix4_t const & __thiscall RRefFrame_t::GetWorldMatrix(void) const 	1000cadc	FUN_1000cadc
DisplaySystem.dll	RRefFrame_t	load	0x328	4	this:public class TMatrix4_t const & __thiscall RRefFrame_t::GetWorldMatrix(void) const 	1000cadc	FUN_1000cadc
DisplaySystem.dll	RRefFrame_t	load	0x17C	4	this:public class TMatrix4_t const & __thiscall RRefFrame_t::GetWorldMatrix(void) const 	1000cadc	FUN_1000cadc
DisplaySystem.dll	RRefFrame_t	load_vptr?	0x0	4	this:public class TMatrix4_t const & __thiscall RRefFrame_t::GetWorldMatrix(void) const 	1000cadc	FUN_1000cadc
DisplaySystem.dll	RRefFrame_t	vcall	0x40	4	this:public class TMatrix4_t const & __thiscall RRefFrame_t::GetWorldMatrix(void) const 	1000cadc	FUN_1000cadc
DisplaySystem.dll	RRefFrame_t	load_vptr?	0x0	4	this:public class TMatrix4_t const & __thiscall RRefFrame_t::GetWorldMatrix(void) const 	1000cadc	FUN_1000cadc
DisplaySystem.dll	RRefFrame_t	vcall	0x44	4	this:public class TMatrix4_t const & __thiscall RRefFrame_t::GetWorldMatrix(void) const 	1000cadc	FUN_1000cadc
DisplaySystem.dll	RRefFrame_t	addr_passed	0x330	0	this:public class TMatrix4_t const & __thiscall RRefFrame_t::GetWorldMatrix(void) const 	1000cadc	FUN_1000cadc
DisplaySystem.dll	RRefFrame_t	load_vptr?	0x0	4	this:public class TMatrix4_t const & __thiscall RRefFrame_t::GetWorldMatrix(void) const 	1000cadc	FUN_1000cadc
DisplaySystem.dll	RRefFrame_t	vcall	0x48	4	this:public class TMatrix4_t const & __thiscall RRefFrame_t::GetWorldMatrix(void) const 	1000cadc	FUN_1000cadc
DisplaySystem.dll	RDeltaState	new_size	0x16C	0	ctor:public __thiscall RDeltaState::RDeltaState(char const *) 	1000ce3b	FUN_1000ce3b
DisplaySystem.dll	RVisual_t	store	0x1A8	4	this:public void __thiscall RVisual_t::SetRenderPriority(enum RenderList_e) 	1000ce3b	FUN_1000ce3b
DisplaySystem.dll	RVisual_t	store_vptr?	0x0	4	this:public void __thiscall RVisual_t::SetRenderPriority(enum RenderList_e) 	1000ce3b	FUN_1000ce3b
DisplaySystem.dll	RVisual_t	store	0xA4	4	this:public void __thiscall RVisual_t::SetRenderPriority(enum RenderList_e) 	1000ce3b	FUN_1000ce3b
DisplaySystem.dll	RVisual_t	store	0x1AC	4	this:public void __thiscall RVisual_t::SetRenderPriority(enum RenderList_e) 	1000ce3b	FUN_1000ce3b
DisplaySystem.dll	RVisual_t	store	0x1B0	4	this:public void __thiscall RVisual_t::SetRenderPriority(enum RenderList_e) 	1000ce3b	FUN_1000ce3b
DisplaySystem.dll	RVisual_t	store	0x1B4	4	this:public void __thiscall RVisual_t::SetRenderPriority(enum RenderList_e) 	1000ce3b	FUN_1000ce3b
DisplaySystem.dll	RVisual_t	store	0x1B8	4	this:public void __thiscall RVisual_t::SetRenderPriority(enum RenderList_e) 	1000ce3b	FUN_1000ce3b
DisplaySystem.dll	RVisual_t	store	0x1BC	4	this:public void __thiscall RVisual_t::SetRenderPriority(enum RenderList_e) 	1000ce3b	FUN_1000ce3b
DisplaySystem.dll	RVisual_t	store	0x330	4	this:public void __thiscall RVisual_t::SetRenderPriority(enum RenderList_e) 	1000ce3b	FUN_1000ce3b
DisplaySystem.dll	RVisual_t	store	0x334	4	this:public void __thiscall RVisual_t::SetRenderPriority(enum RenderList_e) 	1000ce3b	FUN_1000ce3b
DisplaySystem.dll	RVisual_t	store	0x338	4	this:public void __thiscall RVisual_t::SetRenderPriority(enum RenderList_e) 	1000ce3b	FUN_1000ce3b
DisplaySystem.dll	RVisual_t	store	0x328	4	this:public void __thiscall RVisual_t::SetRenderPriority(enum RenderList_e) 	1000ce3b	FUN_1000ce3b
DisplaySystem.dll	RVisual_t	store	0x32C	4	this:public void __thiscall RVisual_t::SetRenderPriority(enum RenderList_e) 	1000ce3b	FUN_1000ce3b
DisplaySystem.dll	RVisual_t	load	0xB8	4	this:public void __thiscall RVisual_t::SetRenderPriority(enum RenderList_e) 	1000ce3b	FUN_1000ce3b
DisplaySystem.dll	RVisual_t	store	0xB8	4	this:public void __thiscall RVisual_t::SetRenderPriority(enum RenderList_e) 	1000ce3b	FUN_1000ce3b
DisplaySystem.dll	RVisual_t	load	0xB8	4	this:public void __thiscall RVisual_t::SetRenderPriority(enum RenderList_e) 	1000ce3b	FUN_1000ce3b
DisplaySystem.dll	RVisual_t	load	0xB8	4	this:public void __thiscall RVisual_t::SetRenderPriority(enum RenderList_e) 	1000ce3b	FUN_1000ce3b
DisplaySystem.dll	RVisual_t	load	0xB8	4	this:public void __thiscall RVisual_t::SetRenderPriority(enum RenderList_e) 	1000ce3b	FUN_1000ce3b
DisplaySystem.dll	RVisual_t	load	0xB8	4	this:public void __thiscall RVisual_t::SetRenderPriority(enum RenderList_e) 	1000ce3b	FUN_1000ce3b
DisplaySystem.dll	RVisual_t	load	0xB8	4	this:public void __thiscall RVisual_t::SetRenderPriority(enum RenderList_e) 	1000ce3b	FUN_1000ce3b
DisplaySystem.dll	RVisual_t	load	0xB8	4	this:public void __thiscall RVisual_t::SetRenderPriority(enum RenderList_e) 	1000ce3b	FUN_1000ce3b
DisplaySystem.dll	RVisual_t	load	0xB8	4	this:public void __thiscall RVisual_t::SetRenderPriority(enum RenderList_e) 	1000ce3b	FUN_1000ce3b
DisplaySystem.dll	RVisual_t	load	0x17C	4	this:public void __thiscall RVisual_t::SetRenderPriority(enum RenderList_e) 	1000ce3b	FUN_1000ce3b
DisplaySystem.dll	RVisual_t	load	0xB8	4	this:public void __thiscall RVisual_t::SetRenderPriority(enum RenderList_e) 	1000ce3b	FUN_1000ce3b
DisplaySystem.dll	RVisual_t	load	0xB8	4	this:public void __thiscall RVisual_t::SetRenderPriority(enum RenderList_e) 	1000ce3b	FUN_1000ce3b
DisplaySystem.dll	RVisual_t	load	0xB8	4	this:public void __thiscall RVisual_t::SetRenderPriority(enum RenderList_e) 	1000ce3b	FUN_1000ce3b
DisplaySystem.dll	RVisual_t	load	0xB8	4	this:public void __thiscall RVisual_t::SetRenderPriority(enum RenderList_e) 	1000ce3b	FUN_1000ce3b
DisplaySystem.dll	RVisual_t	load	0xB8	4	this:public void __thiscall RVisual_t::SetRenderPriority(enum RenderList_e) 	1000ce3b	FUN_1000ce3b
DisplaySystem.dll	RVisual_t	load	0xB8	4	this:public void __thiscall RVisual_t::SetRenderPriority(enum RenderList_e) 	1000ce3b	FUN_1000ce3b
DisplaySystem.dll	RVisual_t	load	0x190	4	this:public void __thiscall RVisual_t::SetRenderPriority(enum RenderList_e) 	1000ce3b	FUN_1000ce3b
DisplaySystem.dll	RVisual_t	load	0xB8	4	this:public void __thiscall RVisual_t::SetRenderPriority(enum RenderList_e) 	1000ce3b	FUN_1000ce3b
DisplaySystem.dll	RVisual_t	load	0xB8	4	this:public void __thiscall RVisual_t::SetRenderPriority(enum RenderList_e) 	1000ce3b	FUN_1000ce3b
DisplaySystem.dll	RVisual_t	load	0xB8	4	this:public void __thiscall RVisual_t::SetRenderPriority(enum RenderList_e) 	1000ce3b	FUN_1000ce3b
DisplaySystem.dll	RVisual_t	load	0xB8	4	this:public void __thiscall RVisual_t::SetRenderPriority(enum RenderList_e) 	1000ce3b	FUN_1000ce3b
DisplaySystem.dll	RVisual_t	load	0x194	4	this:public void __thiscall RVisual_t::SetRenderPriority(enum RenderList_e) 	1000ce3b	FUN_1000ce3b
DisplaySystem.dll	RVisual_t	load	0xB8	4	this:public void __thiscall RVisual_t::SetRenderPriority(enum RenderList_e) 	1000ce3b	FUN_1000ce3b
DisplaySystem.dll	RVisual_t	load	0xB8	4	this:public void __thiscall RVisual_t::SetRenderPriority(enum RenderList_e) 	1000ce3b	FUN_1000ce3b
DisplaySystem.dll	RVisual_t	load	0xB8	4	this:public void __thiscall RVisual_t::SetRenderPriority(enum RenderList_e) 	1000ce3b	FUN_1000ce3b
DisplaySystem.dll	RRefFrame_t	load_vptr?	0x0	4	this:public class TMatrix4_t const & __thiscall RRefFrame_t::GetWorldMatrix(void) const 	1000d73f	FUN_1000d73f
DisplaySystem.dll	RRefFrame_t	vcall	0x48	4	this:public class TMatrix4_t const & __thiscall RRefFrame_t::GetWorldMatrix(void) const 	1000d73f	FUN_1000d73f
DisplaySystem.dll	RRefFrame_t	load_vptr?	0x0	4	this:public class TMatrix4_t const & __thiscall RRefFrame_t::GetWorldMatrix(void) const 	1000d73f	FUN_1000d73f
DisplaySystem.dll	RRefFrame_t	vcall	0x48	4	this:public class TMatrix4_t const & __thiscall RRefFrame_t::GetWorldMatrix(void) const 	1000d73f	FUN_1000d73f
DisplaySystem.dll	RRefFrame_t	load	0x178	4	this:public class TMatrix4_t const & __thiscall RRefFrame_t::GetWorldMatrix(void) const 	1000d73f	FUN_1000d73f
DisplaySystem.dll	RRefFrame_t	load	0x228	4	this:public class TMatrix4_t const & __thiscall RRefFrame_t::GetWorldMatrix(void) const 	1000d73f	FUN_1000d73f
DisplaySystem.dll	RRefFrame_t	load	0x17C	4	this:public class TMatrix4_t const & __thiscall RRefFrame_t::GetWorldMatrix(void) const 	1000d73f	FUN_1000d73f
DisplaySystem.dll	RRefFrame_t	load_vptr?	0x0	4	this:public class TMatrix4_t const & __thiscall RRefFrame_t::GetWorldMatrix(void) const 	1000d73f	FUN_1000d73f
DisplaySystem.dll	RRefFrame_t	vcall	0x40	4	this:public class TMatrix4_t const & __thiscall RRefFrame_t::GetWorldMatrix(void) const 	1000d73f	FUN_1000d73f
DisplaySystem.dll	RRefFrame_t	load_vptr?	0x0	4	this:public class TMatrix4_t const & __thiscall RRefFrame_t::GetWorldMatrix(void) const 	1000d73f	FUN_1000d73f
DisplaySystem.dll	RRefFrame_t	vcall	0x44	4	this:public class TMatrix4_t const & __thiscall RRefFrame_t::GetWorldMatrix(void) const 	1000d73f	FUN_1000d73f
DisplaySystem.dll	RRefFrame_t	load	0x230	4	this:public class TMatrix4_t const & __thiscall RRefFrame_t::GetWorldMatrix(void) const 	1000d73f	FUN_1000d73f
DisplaySystem.dll	RRefFrame_t	load	0x22C	4	this:public class TMatrix4_t const & __thiscall RRefFrame_t::GetWorldMatrix(void) const 	1000d73f	FUN_1000d73f
DisplaySystem.dll	RRefFrame_t	load_vptr?	0x0	4	this:public class TMatrix4_t const & __thiscall RRefFrame_t::GetWorldMatrix(void) const 	1000d73f	FUN_1000d73f
DisplaySystem.dll	RRefFrame_t	vcall	0x48	4	this:public class TMatrix4_t const & __thiscall RRefFrame_t::GetWorldMatrix(void) const 	1000d73f	FUN_1000d73f
DisplaySystem.dll	RRefFrame_t	load_vptr?	0x0	4	this:public class TMatrix4_t const & __thiscall RRefFrame_t::GetWorldMatrix(void) const 	1000d73f	FUN_1000d73f
DisplaySystem.dll	RRefFrame_t	vcall	0x48	4	this:public class TMatrix4_t const & __thiscall RRefFrame_t::GetWorldMatrix(void) const 	1000d73f	FUN_1000d73f
DisplaySystem.dll	RDeltaState	new_size	0x16C	0	ctor:public __thiscall RDeltaState::RDeltaState(char const *) 	1000ea4f	GfxVisualCord4::GfxVisualCord4
DisplaySystem.dll	RVisual_t	addr_passed	0x1A8	0	this:public void __thiscall RVisual_t::SetRenderPriority(enum RenderList_e) 	1000ea4f	GfxVisualCord4::GfxVisualCord4
DisplaySystem.dll	RVisual_t	store_vptr?	0x0	4	this:public void __thiscall RVisual_t::SetRenderPriority(enum RenderList_e) 	1000ea4f	GfxVisualCord4::GfxVisualCord4
DisplaySystem.dll	RVisual_t	store	0xA4	4	this:public void __thiscall RVisual_t::SetRenderPriority(enum RenderList_e) 	1000ea4f	GfxVisualCord4::GfxVisualCord4
DisplaySystem.dll	RVisual_t	addr_passed	0x23C	0	this:public void __thiscall RVisual_t::SetRenderPriority(enum RenderList_e) 	1000ea4f	GfxVisualCord4::GfxVisualCord4
DisplaySystem.dll	RVisual_t	addr_passed	0x27C	0	this:public void __thiscall RVisual_t::SetRenderPriority(enum RenderList_e) 	1000ea4f	GfxVisualCord4::GfxVisualCord4
DisplaySystem.dll	RVisual_t	store	0x2BC	4	this:public void __thiscall RVisual_t::SetRenderPriority(enum RenderList_e) 	1000ea4f	GfxVisualCord4::GfxVisualCord4
DisplaySystem.dll	RVisual_t	store	0x2C0	4	this:public void __thiscall RVisual_t::SetRenderPriority(enum RenderList_e) 	1000ea4f	GfxVisualCord4::GfxVisualCord4
DisplaySystem.dll	RVisual_t	store	0x2C4	4	this:public void __thiscall RVisual_t::SetRenderPriority(enum RenderList_e) 	1000ea4f	GfxVisualCord4::GfxVisualCord4
DisplaySystem.dll	RVisual_t	store	0x2C8	4	this:public void __thiscall RVisual_t::SetRenderPriority(enum RenderList_e) 	1000ea4f	GfxVisualCord4::GfxVisualCord4
DisplaySystem.dll	RVisual_t	store	0x2CC	4	this:public void __thiscall RVisual_t::SetRenderPriority(enum RenderList_e) 	1000ea4f	GfxVisualCord4::GfxVisualCord4
DisplaySystem.dll	RVisual_t	store	0x2D0	4	this:public void __thiscall RVisual_t::SetRenderPriority(enum RenderList_e) 	1000ea4f	GfxVisualCord4::GfxVisualCord4
DisplaySystem.dll	RVisual_t	store	0x2E4	1	this:public void __thiscall RVisual_t::SetRenderPriority(enum RenderList_e) 	1000ea4f	GfxVisualCord4::GfxVisualCord4
DisplaySystem.dll	RVisual_t	store	0xB8	4	this:public void __thiscall RVisual_t::SetRenderPriority(enum RenderList_e) 	1000ea4f	GfxVisualCord4::GfxVisualCord4
DisplaySystem.dll	RVisual_t	store	0xB8	4	this:public void __thiscall RVisual_t::SetRenderPriority(enum RenderList_e) 	1000ea4f	GfxVisualCord4::GfxVisualCord4
DisplaySystem.dll	RVisual_t	load	0xB8	4	this:public void __thiscall RVisual_t::SetRenderPriority(enum RenderList_e) 	1000ea4f	GfxVisualCord4::GfxVisualCord4
DisplaySystem.dll	RVisual_t	load	0xB8	4	this:public void __thiscall RVisual_t::SetRenderPriority(enum RenderList_e) 	1000ea4f	GfxVisualCord4::GfxVisualCord4
DisplaySystem.dll	RVisual_t	load	0xB8	4	this:public void __thiscall RVisual_t::SetRenderPriority(enum RenderList_e) 	1000ea4f	GfxVisualCord4::GfxVisualCord4
DisplaySystem.dll	RVisual_t	load	0xB8	4	this:public void __thiscall RVisual_t::SetRenderPriority(enum RenderList_e) 	1000ea4f	GfxVisualCord4::GfxVisualCord4
DisplaySystem.dll	RVisual_t	load	0xB8	4	this:public void __thiscall RVisual_t::SetRenderPriority(enum RenderList_e) 	1000ea4f	GfxVisualCord4::GfxVisualCord4
DisplaySystem.dll	RVisual_t	load	0xB8	4	this:public void __thiscall RVisual_t::SetRenderPriority(enum RenderList_e) 	1000ea4f	GfxVisualCord4::GfxVisualCord4
DisplaySystem.dll	RVisual_t	load	0x17C	4	this:public void __thiscall RVisual_t::SetRenderPriority(enum RenderList_e) 	1000ea4f	GfxVisualCord4::GfxVisualCord4
DisplaySystem.dll	RVisual_t	load	0xB8	4	this:public void __thiscall RVisual_t::SetRenderPriority(enum RenderList_e) 	1000ea4f	GfxVisualCord4::GfxVisualCord4
DisplaySystem.dll	RVisual_t	load	0xB8	4	this:public void __thiscall RVisual_t::SetRenderPriority(enum RenderList_e) 	1000ea4f	GfxVisualCord4::GfxVisualCord4
DisplaySystem.dll	RVisual_t	load	0xB8	4	this:public void __thiscall RVisual_t::SetRenderPriority(enum RenderList_e) 	1000ea4f	GfxVisualCord4::GfxVisualCord4
DisplaySystem.dll	RVisual_t	load	0xB8	4	this:public void __thiscall RVisual_t::SetRenderPriority(enum RenderList_e) 	1000ea4f	GfxVisualCord4::GfxVisualCord4
DisplaySystem.dll	RVisual_t	load	0xB8	4	this:public void __thiscall RVisual_t::SetRenderPriority(enum RenderList_e) 	1000ea4f	GfxVisualCord4::GfxVisualCord4
DisplaySystem.dll	RVisual_t	load	0xB8	4	this:public void __thiscall RVisual_t::SetRenderPriority(enum RenderList_e) 	1000ea4f	GfxVisualCord4::GfxVisualCord4
DisplaySystem.dll	RVisual_t	load	0xB8	4	this:public void __thiscall RVisual_t::SetRenderPriority(enum RenderList_e) 	1000ea4f	GfxVisualCord4::GfxVisualCord4
DisplaySystem.dll	RVisual_t	load	0xB8	4	this:public void __thiscall RVisual_t::SetRenderPriority(enum RenderList_e) 	1000ea4f	GfxVisualCord4::GfxVisualCord4
DisplaySystem.dll	RVisual_t	load	0xB8	4	this:public void __thiscall RVisual_t::SetRenderPriority(enum RenderList_e) 	1000ea4f	GfxVisualCord4::GfxVisualCord4
DisplaySystem.dll	RVisual_t	load	0xB8	4	this:public void __thiscall RVisual_t::SetRenderPriority(enum RenderList_e) 	1000ea4f	GfxVisualCord4::GfxVisualCord4
DisplaySystem.dll	RVisual_t	store	0x224	4	this:public void __thiscall RVisual_t::SetRenderPriority(enum RenderList_e) 	1000ea4f	GfxVisualCord4::GfxVisualCord4
DisplaySystem.dll	RVisual_t	store	0x228	4	this:public void __thiscall RVisual_t::SetRenderPriority(enum RenderList_e) 	1000ea4f	GfxVisualCord4::GfxVisualCord4
DisplaySystem.dll	RVisual_t	store	0x238	4	this:public void __thiscall RVisual_t::SetRenderPriority(enum RenderList_e) 	1000ea4f	GfxVisualCord4::GfxVisualCord4
DisplaySystem.dll	RVisual_t	store	0x2E8	4	this:public void __thiscall RVisual_t::SetRenderPriority(enum RenderList_e) 	1000ea4f	GfxVisualCord4::GfxVisualCord4
DisplaySystem.dll	RVisual_t	store	0x2E0	4	this:public void __thiscall RVisual_t::SetRenderPriority(enum RenderList_e) 	1000ea4f	GfxVisualCord4::GfxVisualCord4
DisplaySystem.dll	RVisual_t	store	0x2DC	4	this:public void __thiscall RVisual_t::SetRenderPriority(enum RenderList_e) 	1000ea4f	GfxVisualCord4::GfxVisualCord4
DisplaySystem.dll	RRefFrame_t	load	0x178	4	this:public class TMatrix4_t const & __thiscall RRefFrame_t::GetWorldMatrix(void) const 	1000f072	FUN_1000f072
DisplaySystem.dll	RRefFrame_t	load	0x17C	4	this:public class TMatrix4_t const & __thiscall RRefFrame_t::GetWorldMatrix(void) const 	1000f072	FUN_1000f072
DisplaySystem.dll	RRefFrame_t	load_vptr?	0x0	4	this:public class TMatrix4_t const & __thiscall RRefFrame_t::GetWorldMatrix(void) const 	1000f072	FUN_1000f072
DisplaySystem.dll	RRefFrame_t	vcall	0x40	4	this:public class TMatrix4_t const & __thiscall RRefFrame_t::GetWorldMatrix(void) const 	1000f072	FUN_1000f072
DisplaySystem.dll	RRefFrame_t	load_vptr?	0x0	4	this:public class TMatrix4_t const & __thiscall RRefFrame_t::GetWorldMatrix(void) const 	1000f072	FUN_1000f072
DisplaySystem.dll	RRefFrame_t	vcall	0x44	4	this:public class TMatrix4_t const & __thiscall RRefFrame_t::GetWorldMatrix(void) const 	1000f072	FUN_1000f072
DisplaySystem.dll	RRefFrame_t	store	0x23C	4	this:public class TMatrix4_t const & __thiscall RRefFrame_t::GetWorldMatrix(void) const 	1000f072	FUN_1000f072
DisplaySystem.dll	RRefFrame_t	store	0x27C	4	this:public class TMatrix4_t const & __thiscall RRefFrame_t::GetWorldMatrix(void) const 	1000f072	FUN_1000f072
DisplaySystem.dll	RRefFrame_t	addr_passed	0x27C	0	this:public class TMatrix4_t const & __thiscall RRefFrame_t::GetWorldMatrix(void) const 	1000f072	FUN_1000f072
DisplaySystem.dll	RRefFrame_t	store	0x2BC	4	this:public class TMatrix4_t const & __thiscall RRefFrame_t::GetWorldMatrix(void) const 	1000f072	FUN_1000f072
DisplaySystem.dll	RRefFrame_t	load	0x27C	4	this:public class TMatrix4_t const & __thiscall RRefFrame_t::GetWorldMatrix(void) const 	1000f072	FUN_1000f072
DisplaySystem.dll	RRefFrame_t	load	0x280	4	this:public class TMatrix4_t const & __thiscall RRefFrame_t::GetWorldMatrix(void) const 	1000f072	FUN_1000f072
DisplaySystem.dll	RRefFrame_t	load	0x284	4	this:public class TMatrix4_t const & __thiscall RRefFrame_t::GetWorldMatrix(void) const 	1000f072	FUN_1000f072
DisplaySystem.dll	RRefFrame_t	store	0x2C0	4	this:public class TMatrix4_t const & __thiscall RRefFrame_t::GetWorldMatrix(void) const 	1000f072	FUN_1000f072
DisplaySystem.dll	RRefFrame_t	load	0x28C	4	this:public class TMatrix4_t const & __thiscall RRefFrame_t::GetWorldMatrix(void) const 	1000f072	FUN_1000f072
DisplaySystem.dll	RRefFrame_t	store	0x2C4	4	this:public class TMatrix4_t const & __thiscall RRefFrame_t::GetWorldMatrix(void) const 	1000f072	FUN_1000f072
DisplaySystem.dll	RRefFrame_t	load	0x290	4	this:public class TMatrix4_t const & __thiscall RRefFrame_t::GetWorldMatrix(void) const 	1000f072	FUN_1000f072
DisplaySystem.dll	RRefFrame_t	store	0x2C8	4	this:public class TMatrix4_t const & __thiscall RRefFrame_t::GetWorldMatrix(void) const 	1000f072	FUN_1000f072
DisplaySystem.dll	RRefFrame_t	load	0x294	4	this:public class TMatrix4_t const & __thiscall RRefFrame_t::GetWorldMatrix(void) const 	1000f072	FUN_1000f072
DisplaySystem.dll	RRefFrame_t	store	0x2CC	4	this:public class TMatrix4_t const & __thiscall RRefFrame_t::GetWorldMatrix(void) const 	1000f072	FUN_1000f072
DisplaySystem.dll	RRefFrame_t	store	0x2D0	4	this:public class TMatrix4_t const & __thiscall RRefFrame_t::GetWorldMatrix(void) const 	1000f072	FUN_1000f072
DisplaySystem.dll	RRefFrame_t	load	0x2E0	4	this:public class TMatrix4_t const & __thiscall RRefFrame_t::GetWorldMatrix(void) const 	1000f072	FUN_1000f072
DisplaySystem.dll	RRefFrame_t	load	0x2DC	4	this:public class TMatrix4_t const & __thiscall RRefFrame_t::GetWorldMatrix(void) const 	1000f072	FUN_1000f072
DisplaySystem.dll	RRefFrame_t	load_vptr?	0x0	4	this:public class TMatrix4_t const & __thiscall RRefFrame_t::GetWorldMatrix(void) const 	1000f072	FUN_1000f072
DisplaySystem.dll	RRefFrame_t	vcall	0x48	4	this:public class TMatrix4_t const & __thiscall RRefFrame_t::GetWorldMatrix(void) const 	1000f072	FUN_1000f072
DisplaySystem.dll	RRefFrame_t	load	0x238	4	this:public class TMatrix4_t const & __thiscall RRefFrame_t::GetWorldMatrix(void) const 	1000f072	FUN_1000f072
DisplaySystem.dll	RDeltaState	new_size	0x16C	0	ctor:public __thiscall RDeltaState::RDeltaState(char const *) 	1000f244	FUN_1000f244
DisplaySystem.dll	RVisual_t	store	0x1B4	4	this:public void __thiscall RVisual_t::SetRenderPriority(enum RenderList_e) 	1000f244	FUN_1000f244
DisplaySystem.dll	RVisual_t	store	0x1B8	4	this:public void __thiscall RVisual_t::SetRenderPriority(enum RenderList_e) 	1000f244	FUN_1000f244
DisplaySystem.dll	RVisual_t	store	0x1A8	4	this:public void __thiscall RVisual_t::SetRenderPriority(enum RenderList_e) 	1000f244	FUN_1000f244
DisplaySystem.dll	RVisual_t	store	0x1BC	4	this:public void __thiscall RVisual_t::SetRenderPriority(enum RenderList_e) 	1000f244	FUN_1000f244
DisplaySystem.dll	RVisual_t	store_vptr?	0x0	4	this:public void __thiscall RVisual_t::SetRenderPriority(enum RenderList_e) 	1000f244	FUN_1000f244
DisplaySystem.dll	RVisual_t	store	0xA4	4	this:public void __thiscall RVisual_t::SetRenderPriority(enum RenderList_e) 	1000f244	FUN_1000f244
DisplaySystem.dll	RVisual_t	store	0x1AC	4	this:public void __thiscall RVisual_t::SetRenderPriority(enum RenderList_e) 	1000f244	FUN_1000f244
DisplaySystem.dll	RVisual_t	load	0x1A8	4	this:public void __thiscall RVisual_t::SetRenderPriority(enum RenderList_e) 	1000f244	FUN_1000f244
DisplaySystem.dll	RVisual_t	store	0x1B0	4	this:public void __thiscall RVisual_t::SetRenderPriority(enum RenderList_e) 	1000f244	FUN_1000f244
DisplaySystem.dll	RVisual_t	load	0x1A8	4	this:public void __thiscall RVisual_t::SetRenderPriority(enum RenderList_e) 	1000f244	FUN_1000f244
DisplaySystem.dll	RVisual_t	load	0x1AC	4	this:public void __thiscall RVisual_t::SetRenderPriority(enum RenderList_e) 	1000f244	FUN_1000f244
DisplaySystem.dll	RVisual_t	load	0x1B0	4	this:public void __thiscall RVisual_t::SetRenderPriority(enum RenderList_e) 	1000f244	FUN_1000f244
DisplaySystem.dll	RVisual_t	load	0x1A8	4	this:public void __thiscall RVisual_t::SetRenderPriority(enum RenderList_e) 	1000f244	FUN_1000f244
DisplaySystem.dll	RVisual_t	load	0xB8	4	this:public void __thiscall RVisual_t::SetRenderPriority(enum RenderList_e) 	1000f244	FUN_1000f244
DisplaySystem.dll	RVisual_t	store	0xB8	4	this:public void __thiscall RVisual_t::SetRenderPriority(enum RenderList_e) 	1000f244	FUN_1000f244
DisplaySystem.dll	RVisual_t	load	0xB8	4	this:public void __thiscall RVisual_t::SetRenderPriority(enum RenderList_e) 	1000f244	FUN_1000f244
DisplaySystem.dll	RVisual_t	load	0xB8	4	this:public void __thiscall RVisual_t::SetRenderPriority(enum RenderList_e) 	1000f244	FUN_1000f244
DisplaySystem.dll	RVisual_t	load	0xB8	4	this:public void __thiscall RVisual_t::SetRenderPriority(enum RenderList_e) 	1000f244	FUN_1000f244
DisplaySystem.dll	RVisual_t	load	0xB8	4	this:public void __thiscall RVisual_t::SetRenderPriority(enum RenderList_e) 	1000f244	FUN_1000f244
DisplaySystem.dll	RVisual_t	load	0xB8	4	this:public void __thiscall RVisual_t::SetRenderPriority(enum RenderList_e) 	1000f244	FUN_1000f244
DisplaySystem.dll	RVisual_t	load	0xB8	4	this:public void __thiscall RVisual_t::SetRenderPriority(enum RenderList_e) 	1000f244	FUN_1000f244
DisplaySystem.dll	RVisual_t	load	0xB8	4	this:public void __thiscall RVisual_t::SetRenderPriority(enum RenderList_e) 	1000f244	FUN_1000f244
DisplaySystem.dll	RVisual_t	load	0x17C	4	this:public void __thiscall RVisual_t::SetRenderPriority(enum RenderList_e) 	1000f244	FUN_1000f244
DisplaySystem.dll	RVisual_t	load	0xB8	4	this:public void __thiscall RVisual_t::SetRenderPriority(enum RenderList_e) 	1000f244	FUN_1000f244
DisplaySystem.dll	RVisual_t	load	0xB8	4	this:public void __thiscall RVisual_t::SetRenderPriority(enum RenderList_e) 	1000f244	FUN_1000f244
DisplaySystem.dll	RVisual_t	load	0xB8	4	this:public void __thiscall RVisual_t::SetRenderPriority(enum RenderList_e) 	1000f244	FUN_1000f244
DisplaySystem.dll	RVisual_t	load	0xB8	4	this:public void __thiscall RVisual_t::SetRenderPriority(enum RenderList_e) 	1000f244	FUN_1000f244
DisplaySystem.dll	RVisual_t	load	0xB8	4	this:public void __thiscall RVisual_t::SetRenderPriority(enum RenderList_e) 	1000f244	FUN_1000f244
DisplaySystem.dll	RVisual_t	load	0xB8	4	this:public void __thiscall RVisual_t::SetRenderPriority(enum RenderList_e) 	1000f244	FUN_1000f244
DisplaySystem.dll	RVisual_t	load	0xB8	4	this:public void __thiscall RVisual_t::SetRenderPriority(enum RenderList_e) 	1000f244	FUN_1000f244
DisplaySystem.dll	RVisual_t	load	0x190	4	this:public void __thiscall RVisual_t::SetRenderPriority(enum RenderList_e) 	1000f244	FUN_1000f244
DisplaySystem.dll	RVisual_t	load	0xB8	4	this:public void __thiscall RVisual_t::SetRenderPriority(enum RenderList_e) 	1000f244	FUN_1000f244
DisplaySystem.dll	RVisual_t	load	0xB8	4	this:public void __thiscall RVisual_t::SetRenderPriority(enum RenderList_e) 	1000f244	FUN_1000f244
DisplaySystem.dll	RVisual_t	load	0xB8	4	this:public void __thiscall RVisual_t::SetRenderPriority(enum RenderList_e) 	1000f244	FUN_1000f244
DisplaySystem.dll	RVisual_t	load	0xB8	4	this:public void __thiscall RVisual_t::SetRenderPriority(enum RenderList_e) 	1000f244	FUN_1000f244
DisplaySystem.dll	RVisual_t	load	0x194	4	this:public void __thiscall RVisual_t::SetRenderPriority(enum RenderList_e) 	1000f244	FUN_1000f244
DisplaySystem.dll	RVisual_t	load	0xB8	4	this:public void __thiscall RVisual_t::SetRenderPriority(enum RenderList_e) 	1000f244	FUN_1000f244
DisplaySystem.dll	RVisual_t	load	0xB8	4	this:public void __thiscall RVisual_t::SetRenderPriority(enum RenderList_e) 	1000f244	FUN_1000f244
DisplaySystem.dll	RVisual_t	load	0xB8	4	this:public void __thiscall RVisual_t::SetRenderPriority(enum RenderList_e) 	1000f244	FUN_1000f244
DisplaySystem.dll	RRefFrame_t	load	0x178	4	this:public class TMatrix4_t const & __thiscall RRefFrame_t::GetWorldMatrix(void) const 	1000f52e	FUN_1000f52e
DisplaySystem.dll	RRefFrame_t	load	0x1A8	4	this:public class TMatrix4_t const & __thiscall RRefFrame_t::GetWorldMatrix(void) const 	1000f52e	FUN_1000f52e
DisplaySystem.dll	RRefFrame_t	load	0x17C	4	this:public class TMatrix4_t const & __thiscall RRefFrame_t::GetWorldMatrix(void) const 	1000f52e	FUN_1000f52e
DisplaySystem.dll	RRefFrame_t	load	0x198	4	this:public class TMatrix4_t const & __thiscall RRefFrame_t::GetWorldMatrix(void) const 	1000f52e	FUN_1000f52e
DisplaySystem.dll	RRefFrame_t	load	0x184	4	this:public class TMatrix4_t const & __thiscall RRefFrame_t::GetWorldMatrix(void) const 	1000f52e	FUN_1000f52e
DisplaySystem.dll	RRefFrame_t	load	0x188	4	this:public class TMatrix4_t const & __thiscall RRefFrame_t::GetWorldMatrix(void) const 	1000f52e	FUN_1000f52e
DisplaySystem.dll	RRefFrame_t	load	0x180	4	this:public class TMatrix4_t const & __thiscall RRefFrame_t::GetWorldMatrix(void) const 	1000f52e	FUN_1000f52e
DisplaySystem.dll	RRefFrame_t	load	0x1B8	4	this:public class TMatrix4_t const & __thiscall RRefFrame_t::GetWorldMatrix(void) const 	1000f52e	FUN_1000f52e
DisplaySystem.dll	RRefFrame_t	load	0x1A8	4	this:public class TMatrix4_t const & __thiscall RRefFrame_t::GetWorldMatrix(void) const 	1000f52e	FUN_1000f52e
DisplaySystem.dll	RRefFrame_t	load	0x1BC	4	this:public class TMatrix4_t const & __thiscall RRefFrame_t::GetWorldMatrix(void) const 	1000f52e	FUN_1000f52e
DisplaySystem.dll	RRefFrame_t	load	0x1BC	4	this:public class TMatrix4_t const & __thiscall RRefFrame_t::GetWorldMatrix(void) const 	1000f52e	FUN_1000f52e
DisplaySystem.dll	RRefFrame_t	load	0x1AC	4	this:public class TMatrix4_t const & __thiscall RRefFrame_t::GetWorldMatrix(void) const 	1000f52e	FUN_1000f52e
DisplaySystem.dll	RRefFrame_t	load	0x1B0	4	this:public class TMatrix4_t const & __thiscall RRefFrame_t::GetWorldMatrix(void) const 	1000f52e	FUN_1000f52e
DisplaySystem.dll	RRefFrame_t	load	0x1B4	4	this:public class TMatrix4_t const & __thiscall RRefFrame_t::GetWorldMatrix(void) const 	1000f52e	FUN_1000f52e
DisplaySystem.dll	RRefFrame_t	load	0x1B4	4	this:public class TMatrix4_t const & __thiscall RRefFrame_t::GetWorldMatrix(void) const 	1000f52e	FUN_1000f52e
DisplaySystem.dll	RRefFrame_t	load	0x18C	4	this:public class TMatrix4_t const & __thiscall RRefFrame_t::GetWorldMatrix(void) const 	1000f52e	FUN_1000f52e
DisplaySystem.dll	RRefFrame_t	load	0x18C	4	this:public class TMatrix4_t const & __thiscall RRefFrame_t::GetWorldMatrix(void) const 	1000f52e	FUN_1000f52e
DisplaySystem.dll	RRefFrame_t	load	0x1A8	4	this:public class TMatrix4_t const & __thiscall RRefFrame_t::GetWorldMatrix(void) const 	1000f52e	FUN_1000f52e
DisplaySystem.dll	RRefFrame_t	load	0x17C	4	this:public class TMatrix4_t const & __thiscall RRefFrame_t::GetWorldMatrix(void) const 	1000f52e	FUN_1000f52e
DisplaySystem.dll	RRefFrame_t	load_vptr?	0x0	4	this:public class TMatrix4_t const & __thiscall RRefFrame_t::GetWorldMatrix(void) const 	1000f52e	FUN_1000f52e
DisplaySystem.dll	RRefFrame_t	vcall	0x40	4	this:public class TMatrix4_t const & __thiscall RRefFrame_t::GetWorldMatrix(void) const 	1000f52e	FUN_1000f52e
DisplaySystem.dll	RRefFrame_t	load_vptr?	0x0	4	this:public class TMatrix4_t const & __thiscall RRefFrame_t::GetWorldMatrix(void) const 	1000f52e	FUN_1000f52e
DisplaySystem.dll	RRefFrame_t	vcall	0x44	4	this:public class TMatrix4_t const & __thiscall RRefFrame_t::GetWorldMatrix(void) const 	1000f52e	FUN_1000f52e
DisplaySystem.dll	RRefFrame_t	load_vptr?	0x0	4	this:public class TMatrix4_t const & __thiscall RRefFrame_t::GetWorldMatrix(void) const 	1000f52e	FUN_1000f52e
DisplaySystem.dll	RRefFrame_t	vcall	0x48	4	this:public class TMatrix4_t const & __thiscall RRefFrame_t::GetWorldMatrix(void) const 	1000f52e	FUN_1000f52e
DisplaySystem.dll	RDeltaState	new_size	0x16C	0	ctor:public __thiscall RDeltaState::RDeltaState(char const *) 	1000f7f0	FUN_1000f7f0
DisplaySystem.dll	RVisual_t	store	0x1B4	4	this:public void __thiscall RVisual_t::SetRenderPriority(enum RenderList_e) 	1000f7f0	FUN_1000f7f0
DisplaySystem.dll	RVisual_t	store	0x1B8	4	this:public void __thiscall RVisual_t::SetRenderPriority(enum RenderList_e) 	1000f7f0	FUN_1000f7f0
DisplaySystem.dll	RVisual_t	store	0x1A8	4	this:public void __thiscall RVisual_t::SetRenderPriority(enum RenderList_e) 	1000f7f0	FUN_1000f7f0
DisplaySystem.dll	RVisual_t	store	0x1BC	4	this:public void __thiscall RVisual_t::SetRenderPriority(enum RenderList_e) 	1000f7f0	FUN_1000f7f0
DisplaySystem.dll	RVisual_t	store_vptr?	0x0	4	this:public void __thiscall RVisual_t::SetRenderPriority(enum RenderList_e) 	1000f7f0	FUN_1000f7f0
DisplaySystem.dll	RVisual_t	store	0xA4	4	this:public void __thiscall RVisual_t::SetRenderPriority(enum RenderList_e) 	1000f7f0	FUN_1000f7f0
DisplaySystem.dll	RVisual_t	store	0x1AC	4	this:public void __thiscall RVisual_t::SetRenderPriority(enum RenderList_e) 	1000f7f0	FUN_1000f7f0
DisplaySystem.dll	RVisual_t	load	0x1A8	4	this:public void __thiscall RVisual_t::SetRenderPriority(enum RenderList_e) 	1000f7f0	FUN_1000f7f0
DisplaySystem.dll	RVisual_t	store	0x1B0	4	this:public void __thiscall RVisual_t::SetRenderPriority(enum RenderList_e) 	1000f7f0	FUN_1000f7f0
DisplaySystem.dll	RVisual_t	load	0x1A8	4	this:public void __thiscall RVisual_t::SetRenderPriority(enum RenderList_e) 	1000f7f0	FUN_1000f7f0
DisplaySystem.dll	RVisual_t	load	0x1AC	4	this:public void __thiscall RVisual_t::SetRenderPriority(enum RenderList_e) 	1000f7f0	FUN_1000f7f0
DisplaySystem.dll	RVisual_t	load	0x1B0	4	this:public void __thiscall RVisual_t::SetRenderPriority(enum RenderList_e) 	1000f7f0	FUN_1000f7f0
DisplaySystem.dll	RVisual_t	load	0x1A8	4	this:public void __thiscall RVisual_t::SetRenderPriority(enum RenderList_e) 	1000f7f0	FUN_1000f7f0
DisplaySystem.dll	RVisual_t	load	0xB8	4	this:public void __thiscall RVisual_t::SetRenderPriority(enum RenderList_e) 	1000f7f0	FUN_1000f7f0
DisplaySystem.dll	RVisual_t	store	0xB8	4	this:public void __thiscall RVisual_t::SetRenderPriority(enum RenderList_e) 	1000f7f0	FUN_1000f7f0
DisplaySystem.dll	RVisual_t	load	0xB8	4	this:public void __thiscall RVisual_t::SetRenderPriority(enum RenderList_e) 	1000f7f0	FUN_1000f7f0
DisplaySystem.dll	RVisual_t	load	0xB8	4	this:public void __thiscall RVisual_t::SetRenderPriority(enum RenderList_e) 	1000f7f0	FUN_1000f7f0
DisplaySystem.dll	RVisual_t	load	0xB8	4	this:public void __thiscall RVisual_t::SetRenderPriority(enum RenderList_e) 	1000f7f0	FUN_1000f7f0
DisplaySystem.dll	RVisual_t	load	0xB8	4	this:public void __thiscall RVisual_t::SetRenderPriority(enum RenderList_e) 	1000f7f0	FUN_1000f7f0
DisplaySystem.dll	RVisual_t	load	0xB8	4	this:public void __thiscall RVisual_t::SetRenderPriority(enum RenderList_e) 	1000f7f0	FUN_1000f7f0
DisplaySystem.dll	RVisual_t	load	0xB8	4	this:public void __thiscall RVisual_t::SetRenderPriority(enum RenderList_e) 	1000f7f0	FUN_1000f7f0
DisplaySystem.dll	RVisual_t	load	0xB8	4	this:public void __thiscall RVisual_t::SetRenderPriority(enum RenderList_e) 	1000f7f0	FUN_1000f7f0
DisplaySystem.dll	RVisual_t	load	0x17C	4	this:public void __thiscall RVisual_t::SetRenderPriority(enum RenderList_e) 	1000f7f0	FUN_1000f7f0
DisplaySystem.dll	RVisual_t	load	0xB8	4	this:public void __thiscall RVisual_t::SetRenderPriority(enum RenderList_e) 	1000f7f0	FUN_1000f7f0
DisplaySystem.dll	RVisual_t	load	0xB8	4	this:public void __thiscall RVisual_t::SetRenderPriority(enum RenderList_e) 	1000f7f0	FUN_1000f7f0
DisplaySystem.dll	RVisual_t	load	0xB8	4	this:public void __thiscall RVisual_t::SetRenderPriority(enum RenderList_e) 	1000f7f0	FUN_1000f7f0
DisplaySystem.dll	RVisual_t	load	0xB8	4	this:public void __thiscall RVisual_t::SetRenderPriority(enum RenderList_e) 	1000f7f0	FUN_1000f7f0
DisplaySystem.dll	RVisual_t	load	0xB8	4	this:public void __thiscall RVisual_t::SetRenderPriority(enum RenderList_e) 	1000f7f0	FUN_1000f7f0
DisplaySystem.dll	RVisual_t	load	0xB8	4	this:public void __thiscall RVisual_t::SetRenderPriority(enum RenderList_e) 	1000f7f0	FUN_1000f7f0
DisplaySystem.dll	RVisual_t	load	0xB8	4	this:public void __thiscall RVisual_t::SetRenderPriority(enum RenderList_e) 	1000f7f0	FUN_1000f7f0
DisplaySystem.dll	RVisual_t	load	0x190	4	this:public void __thiscall RVisual_t::SetRenderPriority(enum RenderList_e) 	1000f7f0	FUN_1000f7f0
DisplaySystem.dll	RVisual_t	load	0xB8	4	this:public void __thiscall RVisual_t::SetRenderPriority(enum RenderList_e) 	1000f7f0	FUN_1000f7f0
DisplaySystem.dll	RVisual_t	load	0xB8	4	this:public void __thiscall RVisual_t::SetRenderPriority(enum RenderList_e) 	1000f7f0	FUN_1000f7f0
DisplaySystem.dll	RVisual_t	load	0xB8	4	this:public void __thiscall RVisual_t::SetRenderPriority(enum RenderList_e) 	1000f7f0	FUN_1000f7f0
DisplaySystem.dll	RVisual_t	load	0xB8	4	this:public void __thiscall RVisual_t::SetRenderPriority(enum RenderList_e) 	1000f7f0	FUN_1000f7f0
DisplaySystem.dll	RVisual_t	load	0x194	4	this:public void __thiscall RVisual_t::SetRenderPriority(enum RenderList_e) 	1000f7f0	FUN_1000f7f0
DisplaySystem.dll	RVisual_t	load	0xB8	4	this:public void __thiscall RVisual_t::SetRenderPriority(enum RenderList_e) 	1000f7f0	FUN_1000f7f0
DisplaySystem.dll	RVisual_t	load	0xB8	4	this:public void __thiscall RVisual_t::SetRenderPriority(enum RenderList_e) 	1000f7f0	FUN_1000f7f0
DisplaySystem.dll	RVisual_t	load	0xB8	4	this:public void __thiscall RVisual_t::SetRenderPriority(enum RenderList_e) 	1000f7f0	FUN_1000f7f0
DisplaySystem.dll	RRefFrame_t	load	0x178	4	this:public class TMatrix4_t const & __thiscall RRefFrame_t::GetWorldMatrix(void) const 	1000fada	FUN_1000fada
DisplaySystem.dll	RRefFrame_t	load	0x1A8	4	this:public class TMatrix4_t const & __thiscall RRefFrame_t::GetWorldMatrix(void) const 	1000fada	FUN_1000fada
DisplaySystem.dll	RRefFrame_t	load	0x17C	4	this:public class TMatrix4_t const & __thiscall RRefFrame_t::GetWorldMatrix(void) const 	1000fada	FUN_1000fada
DisplaySystem.dll	RRefFrame_t	load	0x198	4	this:public class TMatrix4_t const & __thiscall RRefFrame_t::GetWorldMatrix(void) const 	1000fada	FUN_1000fada
DisplaySystem.dll	RRefFrame_t	load	0x180	4	this:public class TMatrix4_t const & __thiscall RRefFrame_t::GetWorldMatrix(void) const 	1000fada	FUN_1000fada
DisplaySystem.dll	RRefFrame_t	load	0x184	4	this:public class TMatrix4_t const & __thiscall RRefFrame_t::GetWorldMatrix(void) const 	1000fada	FUN_1000fada
DisplaySystem.dll	RRefFrame_t	load	0x188	4	this:public class TMatrix4_t const & __thiscall RRefFrame_t::GetWorldMatrix(void) const 	1000fada	FUN_1000fada
DisplaySystem.dll	RRefFrame_t	load	0x1B8	4	this:public class TMatrix4_t const & __thiscall RRefFrame_t::GetWorldMatrix(void) const 	1000fada	FUN_1000fada
DisplaySystem.dll	RRefFrame_t	load	0x1BC	4	this:public class TMatrix4_t const & __thiscall RRefFrame_t::GetWorldMatrix(void) const 	1000fada	FUN_1000fada
DisplaySystem.dll	RRefFrame_t	load	0x1BC	4	this:public class TMatrix4_t const & __thiscall RRefFrame_t::GetWorldMatrix(void) const 	1000fada	FUN_1000fada
DisplaySystem.dll	RRefFrame_t	load	0x1A8	4	this:public class TMatrix4_t const & __thiscall RRefFrame_t::GetWorldMatrix(void) const 	1000fada	FUN_1000fada
DisplaySystem.dll	RRefFrame_t	load	0x1B4	4	this:public class TMatrix4_t const & __thiscall RRefFrame_t::GetWorldMatrix(void) const 	1000fada	FUN_1000fada
DisplaySystem.dll	RRefFrame_t	load	0x1AC	4	this:public class TMatrix4_t const & __thiscall RRefFrame_t::GetWorldMatrix(void) const 	1000fada	FUN_1000fada
DisplaySystem.dll	RRefFrame_t	load	0x1B4	4	this:public class TMatrix4_t const & __thiscall RRefFrame_t::GetWorldMatrix(void) const 	1000fada	FUN_1000fada
DisplaySystem.dll	RRefFrame_t	load	0x1B0	4	this:public class TMatrix4_t const & __thiscall RRefFrame_t::GetWorldMatrix(void) const 	1000fada	FUN_1000fada
DisplaySystem.dll	RRefFrame_t	load	0x1B4	4	this:public class TMatrix4_t const & __thiscall RRefFrame_t::GetWorldMatrix(void) const 	1000fada	FUN_1000fada
DisplaySystem.dll	RRefFrame_t	load	0x18C	4	this:public class TMatrix4_t const & __thiscall RRefFrame_t::GetWorldMatrix(void) const 	1000fada	FUN_1000fada
DisplaySystem.dll	RRefFrame_t	load	0x1AC	4	this:public class TMatrix4_t const & __thiscall RRefFrame_t::GetWorldMatrix(void) const 	1000fada	FUN_1000fada
DisplaySystem.dll	RRefFrame_t	load	0x1B4	4	this:public class TMatrix4_t const & __thiscall RRefFrame_t::GetWorldMatrix(void) const 	1000fada	FUN_1000fada
DisplaySystem.dll	RRefFrame_t	load	0x1B0	4	this:public class TMatrix4_t const & __thiscall RRefFrame_t::GetWorldMatrix(void) const 	1000fada	FUN_1000fada
DisplaySystem.dll	RRefFrame_t	load	0x1B4	4	this:public class TMatrix4_t const & __thiscall RRefFrame_t::GetWorldMatrix(void) const 	1000fada	FUN_1000fada
DisplaySystem.dll	RRefFrame_t	load	0x18C	4	this:public class TMatrix4_t const & __thiscall RRefFrame_t::GetWorldMatrix(void) const 	1000fada	FUN_1000fada
DisplaySystem.dll	RRefFrame_t	load	0x1A8	4	this:public class TMatrix4_t const & __thiscall RRefFrame_t::GetWorldMatrix(void) const 	1000fada	FUN_1000fada
DisplaySystem.dll	RRefFrame_t	load	0x1B4	4	this:public class TMatrix4_t const & __thiscall RRefFrame_t::GetWorldMatrix(void) const 	1000fada	FUN_1000fada
DisplaySystem.dll	RRefFrame_t	load	0x17C	4	this:public class TMatrix4_t const & __thiscall RRefFrame_t::GetWorldMatrix(void) const 	1000fada	FUN_1000fada
DisplaySystem.dll	RRefFrame_t	load_vptr?	0x0	4	this:public class TMatrix4_t const & __thiscall RRefFrame_t::GetWorldMatrix(void) const 	1000fada	FUN_1000fada
DisplaySystem.dll	RRefFrame_t	vcall	0x40	4	this:public class TMatrix4_t const & __thiscall RRefFrame_t::GetWorldMatrix(void) const 	1000fada	FUN_1000fada
DisplaySystem.dll	RRefFrame_t	load_vptr?	0x0	4	this:public class TMatrix4_t const & __thiscall RRefFrame_t::GetWorldMatrix(void) const 	1000fada	FUN_1000fada
DisplaySystem.dll	RRefFrame_t	vcall	0x44	4	this:public class TMatrix4_t const & __thiscall RRefFrame_t::GetWorldMatrix(void) const 	1000fada	FUN_1000fada
DisplaySystem.dll	RRefFrame_t	load_vptr?	0x0	4	this:public class TMatrix4_t const & __thiscall RRefFrame_t::GetWorldMatrix(void) const 	1000fada	FUN_1000fada
DisplaySystem.dll	RRefFrame_t	vcall	0x48	4	this:public class TMatrix4_t const & __thiscall RRefFrame_t::GetWorldMatrix(void) const 	1000fada	FUN_1000fada
DisplaySystem.dll	RDeltaState	new_size	0x16C	0	ctor:public __thiscall RDeltaState::RDeltaState(char const *) 	1000fe87	FUN_1000fe87
DisplaySystem.dll	RVisual_t	store	0x1B4	4	this:public void __thiscall RVisual_t::SetRenderPriority(enum RenderList_e) 	1000fe87	FUN_1000fe87
DisplaySystem.dll	RVisual_t	store	0x1A8	4	this:public void __thiscall RVisual_t::SetRenderPriority(enum RenderList_e) 	1000fe87	FUN_1000fe87
DisplaySystem.dll	RVisual_t	store	0x1C0	4	this:public void __thiscall RVisual_t::SetRenderPriority(enum RenderList_e) 	1000fe87	FUN_1000fe87
DisplaySystem.dll	RVisual_t	store	0x1C4	4	this:public void __thiscall RVisual_t::SetRenderPriority(enum RenderList_e) 	1000fe87	FUN_1000fe87
DisplaySystem.dll	RVisual_t	store_vptr?	0x0	4	this:public void __thiscall RVisual_t::SetRenderPriority(enum RenderList_e) 	1000fe87	FUN_1000fe87
DisplaySystem.dll	RVisual_t	store	0xA4	4	this:public void __thiscall RVisual_t::SetRenderPriority(enum RenderList_e) 	1000fe87	FUN_1000fe87
DisplaySystem.dll	RVisual_t	store	0x1AC	4	this:public void __thiscall RVisual_t::SetRenderPriority(enum RenderList_e) 	1000fe87	FUN_1000fe87
DisplaySystem.dll	RVisual_t	load	0x1A8	4	this:public void __thiscall RVisual_t::SetRenderPriority(enum RenderList_e) 	1000fe87	FUN_1000fe87
DisplaySystem.dll	RVisual_t	store	0x1B0	4	this:public void __thiscall RVisual_t::SetRenderPriority(enum RenderList_e) 	1000fe87	FUN_1000fe87
DisplaySystem.dll	RVisual_t	load	0x1A8	4	this:public void __thiscall RVisual_t::SetRenderPriority(enum RenderList_e) 	1000fe87	FUN_1000fe87
DisplaySystem.dll	RVisual_t	load	0x1AC	4	this:public void __thiscall RVisual_t::SetRenderPriority(enum RenderList_e) 	1000fe87	FUN_1000fe87
DisplaySystem.dll	RVisual_t	load	0x1B0	4	this:public void __thiscall RVisual_t::SetRenderPriority(enum RenderList_e) 	1000fe87	FUN_1000fe87
DisplaySystem.dll	RVisual_t	load	0x1A8	4	this:public void __thiscall RVisual_t::SetRenderPriority(enum RenderList_e) 	1000fe87	FUN_1000fe87
DisplaySystem.dll	RVisual_t	load	0xB8	4	this:public void __thiscall RVisual_t::SetRenderPriority(enum RenderList_e) 	1000fe87	FUN_1000fe87
DisplaySystem.dll	RVisual_t	store	0xB8	4	this:public void __thiscall RVisual_t::SetRenderPriority(enum RenderList_e) 	1000fe87	FUN_1000fe87
DisplaySystem.dll	RVisual_t	load	0xB8	4	this:public void __thiscall RVisual_t::SetRenderPriority(enum RenderList_e) 	1000fe87	FUN_1000fe87
DisplaySystem.dll	RVisual_t	load	0xB8	4	this:public void __thiscall RVisual_t::SetRenderPriority(enum RenderList_e) 	1000fe87	FUN_1000fe87
DisplaySystem.dll	RVisual_t	load	0xB8	4	this:public void __thiscall RVisual_t::SetRenderPriority(enum RenderList_e) 	1000fe87	FUN_1000fe87
DisplaySystem.dll	RVisual_t	load	0xB8	4	this:public void __thiscall RVisual_t::SetRenderPriority(enum RenderList_e) 	1000fe87	FUN_1000fe87
DisplaySystem.dll	RVisual_t	load	0xB8	4	this:public void __thiscall RVisual_t::SetRenderPriority(enum RenderList_e) 	1000fe87	FUN_1000fe87
DisplaySystem.dll	RVisual_t	load	0xB8	4	this:public void __thiscall RVisual_t::SetRenderPriority(enum RenderList_e) 	1000fe87	FUN_1000fe87
DisplaySystem.dll	RVisual_t	load	0xB8	4	this:public void __thiscall RVisual_t::SetRenderPriority(enum RenderList_e) 	1000fe87	FUN_1000fe87
DisplaySystem.dll	RVisual_t	load	0x17C	4	this:public void __thiscall RVisual_t::SetRenderPriority(enum RenderList_e) 	1000fe87	FUN_1000fe87
DisplaySystem.dll	RVisual_t	load	0xB8	4	this:public void __thiscall RVisual_t::SetRenderPriority(enum RenderList_e) 	1000fe87	FUN_1000fe87
DisplaySystem.dll	RVisual_t	load	0xB8	4	this:public void __thiscall RVisual_t::SetRenderPriority(enum RenderList_e) 	1000fe87	FUN_1000fe87
DisplaySystem.dll	RVisual_t	load	0xB8	4	this:public void __thiscall RVisual_t::SetRenderPriority(enum RenderList_e) 	1000fe87	FUN_1000fe87
DisplaySystem.dll	RVisual_t	load	0xB8	4	this:public void __thiscall RVisual_t::SetRenderPriority(enum RenderList_e) 	1000fe87	FUN_1000fe87
DisplaySystem.dll	RVisual_t	load	0xB8	4	this:public void __thiscall RVisual_t::SetRenderPriority(enum RenderList_e) 	1000fe87	FUN_1000fe87
DisplaySystem.dll	RVisual_t	load	0xB8	4	this:public void __thiscall RVisual_t::SetRenderPriority(enum RenderList_e) 	1000fe87	FUN_1000fe87
DisplaySystem.dll	RVisual_t	load	0xB8	4	this:public void __thiscall RVisual_t::SetRenderPriority(enum RenderList_e) 	1000fe87	FUN_1000fe87
DisplaySystem.dll	RVisual_t	load	0x190	4	this:public void __thiscall RVisual_t::SetRenderPriority(enum RenderList_e) 	1000fe87	FUN_1000fe87
DisplaySystem.dll	RVisual_t	load	0xB8	4	this:public void __thiscall RVisual_t::SetRenderPriority(enum RenderList_e) 	1000fe87	FUN_1000fe87
DisplaySystem.dll	RVisual_t	load	0xB8	4	this:public void __thiscall RVisual_t::SetRenderPriority(enum RenderList_e) 	1000fe87	FUN_1000fe87
DisplaySystem.dll	RVisual_t	load	0xB8	4	this:public void __thiscall RVisual_t::SetRenderPriority(enum RenderList_e) 	1000fe87	FUN_1000fe87
DisplaySystem.dll	RVisual_t	load	0xB8	4	this:public void __thiscall RVisual_t::SetRenderPriority(enum RenderList_e) 	1000fe87	FUN_1000fe87
DisplaySystem.dll	RVisual_t	load	0x194	4	this:public void __thiscall RVisual_t::SetRenderPriority(enum RenderList_e) 	1000fe87	FUN_1000fe87
DisplaySystem.dll	RVisual_t	load	0xB8	4	this:public void __thiscall RVisual_t::SetRenderPriority(enum RenderList_e) 	1000fe87	FUN_1000fe87
DisplaySystem.dll	RVisual_t	load	0xB8	4	this:public void __thiscall RVisual_t::SetRenderPriority(enum RenderList_e) 	1000fe87	FUN_1000fe87
DisplaySystem.dll	RVisual_t	load	0xB8	4	this:public void __thiscall RVisual_t::SetRenderPriority(enum RenderList_e) 	1000fe87	FUN_1000fe87
DisplaySystem.dll	RRefFrame_t	load	0x178	4	this:public class TMatrix4_t const & __thiscall RRefFrame_t::GetWorldMatrix(void) const 	10010171	FUN_10010171
DisplaySystem.dll	RRefFrame_t	load	0x1A8	4	this:public class TMatrix4_t const & __thiscall RRefFrame_t::GetWorldMatrix(void) const 	10010171	FUN_10010171
DisplaySystem.dll	RRefFrame_t	load	0x17C	4	this:public class TMatrix4_t const & __thiscall RRefFrame_t::GetWorldMatrix(void) const 	10010171	FUN_10010171
DisplaySystem.dll	RRefFrame_t	load	0x198	4	this:public class TMatrix4_t const & __thiscall RRefFrame_t::GetWorldMatrix(void) const 	10010171	FUN_10010171
DisplaySystem.dll	RRefFrame_t	load	0x184	4	this:public class TMatrix4_t const & __thiscall RRefFrame_t::GetWorldMatrix(void) const 	10010171	FUN_10010171
DisplaySystem.dll	RRefFrame_t	load	0x188	4	this:public class TMatrix4_t const & __thiscall RRefFrame_t::GetWorldMatrix(void) const 	10010171	FUN_10010171
DisplaySystem.dll	RRefFrame_t	load	0x180	4	this:public class TMatrix4_t const & __thiscall RRefFrame_t::GetWorldMatrix(void) const 	10010171	FUN_10010171
DisplaySystem.dll	RRefFrame_t	load	0x1A8	4	this:public class TMatrix4_t const & __thiscall RRefFrame_t::GetWorldMatrix(void) const 	10010171	FUN_10010171
DisplaySystem.dll	RRefFrame_t	load	0x1AC	4	this:public class TMatrix4_t const & __thiscall RRefFrame_t::GetWorldMatrix(void) const 	10010171	FUN_10010171
DisplaySystem.dll	RRefFrame_t	load	0x1B0	4	this:public class TMatrix4_t const & __thiscall RRefFrame_t::GetWorldMatrix(void) const 	10010171	FUN_10010171
DisplaySystem.dll	RRefFrame_t	load	0x1B4	4	this:public class TMatrix4_t const & __thiscall RRefFrame_t::GetWorldMatrix(void) const 	10010171	FUN_10010171
DisplaySystem.dll	RRefFrame_t	load	0x1B4	4	this:public class TMatrix4_t const & __thiscall RRefFrame_t::GetWorldMatrix(void) const 	10010171	FUN_10010171
DisplaySystem.dll	RRefFrame_t	load	0x1C0	4	this:public class TMatrix4_t const & __thiscall RRefFrame_t::GetWorldMatrix(void) const 	10010171	FUN_10010171
DisplaySystem.dll	RRefFrame_t	load	0x18C	4	this:public class TMatrix4_t const & __thiscall RRefFrame_t::GetWorldMatrix(void) const 	10010171	FUN_10010171
DisplaySystem.dll	RRefFrame_t	load	0x1C4	4	this:public class TMatrix4_t const & __thiscall RRefFrame_t::GetWorldMatrix(void) const 	10010171	FUN_10010171
DisplaySystem.dll	RRefFrame_t	load	0x18C	4	this:public class TMatrix4_t const & __thiscall RRefFrame_t::GetWorldMatrix(void) const 	10010171	FUN_10010171
DisplaySystem.dll	RRefFrame_t	load	0x1A8	4	this:public class TMatrix4_t const & __thiscall RRefFrame_t::GetWorldMatrix(void) const 	10010171	FUN_10010171
DisplaySystem.dll	RRefFrame_t	load	0x17C	4	this:public class TMatrix4_t const & __thiscall RRefFrame_t::GetWorldMatrix(void) const 	10010171	FUN_10010171
DisplaySystem.dll	RRefFrame_t	load_vptr?	0x0	4	this:public class TMatrix4_t const & __thiscall RRefFrame_t::GetWorldMatrix(void) const 	10010171	FUN_10010171
DisplaySystem.dll	RRefFrame_t	vcall	0x40	4	this:public class TMatrix4_t const & __thiscall RRefFrame_t::GetWorldMatrix(void) const 	10010171	FUN_10010171
DisplaySystem.dll	RRefFrame_t	load_vptr?	0x0	4	this:public class TMatrix4_t const & __thiscall RRefFrame_t::GetWorldMatrix(void) const 	10010171	FUN_10010171
DisplaySystem.dll	RRefFrame_t	vcall	0x44	4	this:public class TMatrix4_t const & __thiscall RRefFrame_t::GetWorldMatrix(void) const 	10010171	FUN_10010171
DisplaySystem.dll	RRefFrame_t	load_vptr?	0x0	4	this:public class TMatrix4_t const & __thiscall RRefFrame_t::GetWorldMatrix(void) const 	10010171	FUN_10010171
DisplaySystem.dll	RRefFrame_t	vcall	0x48	4	this:public class TMatrix4_t const & __thiscall RRefFrame_t::GetWorldMatrix(void) const 	10010171	FUN_10010171
DisplaySystem.dll	RRefFrame_t	load	0x178	4	this:public class TMatrix4_t const & __thiscall RRefFrame_t::GetWorldMatrix(void) const 	10010472	FUN_10010472
DisplaySystem.dll	RRefFrame_t	load	0x17C	4	this:public class TMatrix4_t const & __thiscall RRefFrame_t::GetWorldMatrix(void) const 	10010472	FUN_10010472
DisplaySystem.dll	RRefFrame_t	load	0x1A8	4	this:public class TMatrix4_t const & __thiscall RRefFrame_t::GetWorldMatrix(void) const 	10010472	FUN_10010472
DisplaySystem.dll	RRefFrame_t	load	0x198	4	this:public class TMatrix4_t const & __thiscall RRefFrame_t::GetWorldMatrix(void) const 	10010472	FUN_10010472
DisplaySystem.dll	RRefFrame_t	load	0x184	4	this:public class TMatrix4_t const & __thiscall RRefFrame_t::GetWorldMatrix(void) const 	10010472	FUN_10010472
DisplaySystem.dll	RRefFrame_t	load	0x188	4	this:public class TMatrix4_t const & __thiscall RRefFrame_t::GetWorldMatrix(void) const 	10010472	FUN_10010472
DisplaySystem.dll	RRefFrame_t	load	0x180	4	this:public class TMatrix4_t const & __thiscall RRefFrame_t::GetWorldMatrix(void) const 	10010472	FUN_10010472
DisplaySystem.dll	RRefFrame_t	load	0x17C	4	this:public class TMatrix4_t const & __thiscall RRefFrame_t::GetWorldMatrix(void) const 	10010472	FUN_10010472
DisplaySystem.dll	RRefFrame_t	load_vptr?	0x0	4	this:public class TMatrix4_t const & __thiscall RRefFrame_t::GetWorldMatrix(void) const 	10010472	FUN_10010472
DisplaySystem.dll	RRefFrame_t	vcall	0x40	4	this:public class TMatrix4_t const & __thiscall RRefFrame_t::GetWorldMatrix(void) const 	10010472	FUN_10010472
DisplaySystem.dll	RRefFrame_t	load_vptr?	0x0	4	this:public class TMatrix4_t const & __thiscall RRefFrame_t::GetWorldMatrix(void) const 	10010472	FUN_10010472
DisplaySystem.dll	RRefFrame_t	vcall	0x44	4	this:public class TMatrix4_t const & __thiscall RRefFrame_t::GetWorldMatrix(void) const 	10010472	FUN_10010472
DisplaySystem.dll	RRefFrame_t	load	0x1C0	4	this:public class TMatrix4_t const & __thiscall RRefFrame_t::GetWorldMatrix(void) const 	10010472	FUN_10010472
DisplaySystem.dll	RRefFrame_t	load	0x1C4	4	this:public class TMatrix4_t const & __thiscall RRefFrame_t::GetWorldMatrix(void) const 	10010472	FUN_10010472
DisplaySystem.dll	RRefFrame_t	load	0x1B8	4	this:public class TMatrix4_t const & __thiscall RRefFrame_t::GetWorldMatrix(void) const 	10010472	FUN_10010472
DisplaySystem.dll	RRefFrame_t	load	0x18C	4	this:public class TMatrix4_t const & __thiscall RRefFrame_t::GetWorldMatrix(void) const 	10010472	FUN_10010472
DisplaySystem.dll	RRefFrame_t	load	0x1BC	4	this:public class TMatrix4_t const & __thiscall RRefFrame_t::GetWorldMatrix(void) const 	10010472	FUN_10010472
DisplaySystem.dll	RRefFrame_t	load	0x1BC	4	this:public class TMatrix4_t const & __thiscall RRefFrame_t::GetWorldMatrix(void) const 	10010472	FUN_10010472
DisplaySystem.dll	RRefFrame_t	load	0x1A8	4	this:public class TMatrix4_t const & __thiscall RRefFrame_t::GetWorldMatrix(void) const 	10010472	FUN_10010472
DisplaySystem.dll	RRefFrame_t	load	0x1B4	4	this:public class TMatrix4_t const & __thiscall RRefFrame_t::GetWorldMatrix(void) const 	10010472	FUN_10010472
DisplaySystem.dll	RRefFrame_t	load	0x1B4	4	this:public class TMatrix4_t const & __thiscall RRefFrame_t::GetWorldMatrix(void) const 	10010472	FUN_10010472
DisplaySystem.dll	RRefFrame_t	load	0x1B4	4	this:public class TMatrix4_t const & __thiscall RRefFrame_t::GetWorldMatrix(void) const 	10010472	FUN_10010472
DisplaySystem.dll	RRefFrame_t	load	0x1B4	4	this:public class TMatrix4_t const & __thiscall RRefFrame_t::GetWorldMatrix(void) const 	10010472	FUN_10010472
DisplaySystem.dll	RRefFrame_t	load	0x1B4	4	this:public class TMatrix4_t const & __thiscall RRefFrame_t::GetWorldMatrix(void) const 	10010472	FUN_10010472
DisplaySystem.dll	RRefFrame_t	load	0x1B4	4	this:public class TMatrix4_t const & __thiscall RRefFrame_t::GetWorldMatrix(void) const 	10010472	FUN_10010472
DisplaySystem.dll	RRefFrame_t	load	0x1B4	4	this:public class TMatrix4_t const & __thiscall RRefFrame_t::GetWorldMatrix(void) const 	10010472	FUN_10010472
DisplaySystem.dll	RRefFrame_t	load	0x1B4	4	this:public class TMatrix4_t const & __thiscall RRefFrame_t::GetWorldMatrix(void) const 	10010472	FUN_10010472
DisplaySystem.dll	RRefFrame_t	load	0x1B4	4	this:public class TMatrix4_t const & __thiscall RRefFrame_t::GetWorldMatrix(void) const 	10010472	FUN_10010472
DisplaySystem.dll	RRefFrame_t	load	0x1B4	4	this:public class TMatrix4_t const & __thiscall RRefFrame_t::GetWorldMatrix(void) const 	10010472	FUN_10010472
DisplaySystem.dll	RRefFrame_t	load	0x1D0	4	this:public class TMatrix4_t const & __thiscall RRefFrame_t::GetWorldMatrix(void) const 	10010472	FUN_10010472
DisplaySystem.dll	RRefFrame_t	load	0x1D0	4	this:public class TMatrix4_t const & __thiscall RRefFrame_t::GetWorldMatrix(void) const 	10010472	FUN_10010472
DisplaySystem.dll	RRefFrame_t	load	0x1D0	4	this:public class TMatrix4_t const & __thiscall RRefFrame_t::GetWorldMatrix(void) const 	10010472	FUN_10010472
DisplaySystem.dll	RRefFrame_t	load	0x1D0	4	this:public class TMatrix4_t const & __thiscall RRefFrame_t::GetWorldMatrix(void) const 	10010472	FUN_10010472
DisplaySystem.dll	RRefFrame_t	load	0x1D4	4	this:public class TMatrix4_t const & __thiscall RRefFrame_t::GetWorldMatrix(void) const 	10010472	FUN_10010472
DisplaySystem.dll	RRefFrame_t	load	0x1D4	4	this:public class TMatrix4_t const & __thiscall RRefFrame_t::GetWorldMatrix(void) const 	10010472	FUN_10010472
DisplaySystem.dll	RRefFrame_t	load	0x1D4	4	this:public class TMatrix4_t const & __thiscall RRefFrame_t::GetWorldMatrix(void) const 	10010472	FUN_10010472
DisplaySystem.dll	RRefFrame_t	load	0x1D4	4	this:public class TMatrix4_t const & __thiscall RRefFrame_t::GetWorldMatrix(void) const 	10010472	FUN_10010472
DisplaySystem.dll	RRefFrame_t	load	0x1A8	4	this:public class TMatrix4_t const & __thiscall RRefFrame_t::GetWorldMatrix(void) const 	10010472	FUN_10010472
DisplaySystem.dll	RRefFrame_t	load	0x1AC	4	this:public class TMatrix4_t const & __thiscall RRefFrame_t::GetWorldMatrix(void) const 	10010472	FUN_10010472
DisplaySystem.dll	RRefFrame_t	load	0x1B0	4	this:public class TMatrix4_t const & __thiscall RRefFrame_t::GetWorldMatrix(void) const 	10010472	FUN_10010472
DisplaySystem.dll	RRefFrame_t	load	0x1CC	4	this:public class TMatrix4_t const & __thiscall RRefFrame_t::GetWorldMatrix(void) const 	10010472	FUN_10010472
DisplaySystem.dll	RRefFrame_t	load	0x1C8	1	this:public class TMatrix4_t const & __thiscall RRefFrame_t::GetWorldMatrix(void) const 	10010472	FUN_10010472
DisplaySystem.dll	RRefFrame_t	load	0x1CC	4	this:public class TMatrix4_t const & __thiscall RRefFrame_t::GetWorldMatrix(void) const 	10010472	FUN_10010472
DisplaySystem.dll	RRefFrame_t	load	0x1CC	4	this:public class TMatrix4_t const & __thiscall RRefFrame_t::GetWorldMatrix(void) const 	10010472	FUN_10010472
DisplaySystem.dll	RRefFrame_t	load	0x1CC	4	this:public class TMatrix4_t const & __thiscall RRefFrame_t::GetWorldMatrix(void) const 	10010472	FUN_10010472
DisplaySystem.dll	RRefFrame_t	load	0x1CC	4	this:public class TMatrix4_t const & __thiscall RRefFrame_t::GetWorldMatrix(void) const 	10010472	FUN_10010472
DisplaySystem.dll	RRefFrame_t	load	0x1CC	4	this:public class TMatrix4_t const & __thiscall RRefFrame_t::GetWorldMatrix(void) const 	10010472	FUN_10010472
DisplaySystem.dll	RRefFrame_t	load	0x1CC	4	this:public class TMatrix4_t const & __thiscall RRefFrame_t::GetWorldMatrix(void) const 	10010472	FUN_10010472
DisplaySystem.dll	RRefFrame_t	load	0x1CC	4	this:public class TMatrix4_t const & __thiscall RRefFrame_t::GetWorldMatrix(void) const 	10010472	FUN_10010472
DisplaySystem.dll	RRefFrame_t	load	0x1D0	4	this:public class TMatrix4_t const & __thiscall RRefFrame_t::GetWorldMatrix(void) const 	10010472	FUN_10010472
DisplaySystem.dll	RRefFrame_t	load	0x1D0	4	this:public class TMatrix4_t const & __thiscall RRefFrame_t::GetWorldMatrix(void) const 	10010472	FUN_10010472
DisplaySystem.dll	RRefFrame_t	load	0x1D0	4	this:public class TMatrix4_t const & __thiscall RRefFrame_t::GetWorldMatrix(void) const 	10010472	FUN_10010472
DisplaySystem.dll	RRefFrame_t	load	0x1D0	4	this:public class TMatrix4_t const & __thiscall RRefFrame_t::GetWorldMatrix(void) const 	10010472	FUN_10010472
DisplaySystem.dll	RRefFrame_t	load	0x1A8	4	this:public class TMatrix4_t const & __thiscall RRefFrame_t::GetWorldMatrix(void) const 	10010472	FUN_10010472
DisplaySystem.dll	RRefFrame_t	load	0x1AC	4	this:public class TMatrix4_t const & __thiscall RRefFrame_t::GetWorldMatrix(void) const 	10010472	FUN_10010472
DisplaySystem.dll	RRefFrame_t	load	0x1B0	4	this:public class TMatrix4_t const & __thiscall RRefFrame_t::GetWorldMatrix(void) const 	10010472	FUN_10010472
DisplaySystem.dll	RRefFrame_t	load	0x1D4	4	this:public class TMatrix4_t const & __thiscall RRefFrame_t::GetWorldMatrix(void) const 	10010472	FUN_10010472
DisplaySystem.dll	RRefFrame_t	load	0x1D4	4	this:public class TMatrix4_t const & __thiscall RRefFrame_t::GetWorldMatrix(void) const 	10010472	FUN_10010472
DisplaySystem.dll	RRefFrame_t	load	0x1D4	4	this:public class TMatrix4_t const & __thiscall RRefFrame_t::GetWorldMatrix(void) const 	10010472	FUN_10010472
DisplaySystem.dll	RRefFrame_t	load	0x1D4	4	this:public class TMatrix4_t const & __thiscall RRefFrame_t::GetWorldMatrix(void) const 	10010472	FUN_10010472
DisplaySystem.dll	RRefFrame_t	load	0x1A8	4	this:public class TMatrix4_t const & __thiscall RRefFrame_t::GetWorldMatrix(void) const 	10010472	FUN_10010472
DisplaySystem.dll	RRefFrame_t	load	0x1CC	4	this:public class TMatrix4_t const & __thiscall RRefFrame_t::GetWorldMatrix(void) const 	10010472	FUN_10010472
DisplaySystem.dll	RRefFrame_t	load	0x1C8	1	this:public class TMatrix4_t const & __thiscall RRefFrame_t::GetWorldMatrix(void) const 	10010472	FUN_10010472
DisplaySystem.dll	RRefFrame_t	load	0x1D0	4	this:public class TMatrix4_t const & __thiscall RRefFrame_t::GetWorldMatrix(void) const 	10010472	FUN_10010472
DisplaySystem.dll	RRefFrame_t	load	0x1D4	4	this:public class TMatrix4_t const & __thiscall RRefFrame_t::GetWorldMatrix(void) const 	10010472	FUN_10010472
DisplaySystem.dll	RRefFrame_t	load	0x1C4	4	this:public class TMatrix4_t const & __thiscall RRefFrame_t::GetWorldMatrix(void) const 	10010472	FUN_10010472
DisplaySystem.dll	RRefFrame_t	load_vptr?	0x0	4	this:public class TMatrix4_t const & __thiscall RRefFrame_t::GetWorldMatrix(void) const 	10010472	FUN_10010472
DisplaySystem.dll	RRefFrame_t	vcall	0x48	4	this:public class TMatrix4_t const & __thiscall RRefFrame_t::GetWorldMatrix(void) const 	10010472	FUN_10010472
DisplaySystem.dll	RDeltaState	new_size	0x16C	0	ctor:public __thiscall RDeltaState::RDeltaState(char const *) 	100109a4	GfxVisualCylinderLaser::GfxVisualCylinderLaser
DisplaySystem.dll	RVisual_t	store	0x1B4	4	this:public void __thiscall RVisual_t::SetRenderPriority(enum RenderList_e) 	100109a4	GfxVisualCylinderLaser::GfxVisualCylinderLaser
DisplaySystem.dll	RVisual_t	store	0x1A8	4	this:public void __thiscall RVisual_t::SetRenderPriority(enum RenderList_e) 	100109a4	GfxVisualCylinderLaser::GfxVisualCylinderLaser
DisplaySystem.dll	RVisual_t	store	0x1B8	4	this:public void __thiscall RVisual_t::SetRenderPriority(enum RenderList_e) 	100109a4	GfxVisualCylinderLaser::GfxVisualCylinderLaser
DisplaySystem.dll	RVisual_t	store	0x1BC	4	this:public void __thiscall RVisual_t::SetRenderPriority(enum RenderList_e) 	100109a4	GfxVisualCylinderLaser::GfxVisualCylinderLaser
DisplaySystem.dll	RVisual_t	store_vptr?	0x0	4	this:public void __thiscall RVisual_t::SetRenderPriority(enum RenderList_e) 	100109a4	GfxVisualCylinderLaser::GfxVisualCylinderLaser
DisplaySystem.dll	RVisual_t	store	0xA4	4	this:public void __thiscall RVisual_t::SetRenderPriority(enum RenderList_e) 	100109a4	GfxVisualCylinderLaser::GfxVisualCylinderLaser
DisplaySystem.dll	RVisual_t	store	0x1C0	4	this:public void __thiscall RVisual_t::SetRenderPriority(enum RenderList_e) 	100109a4	GfxVisualCylinderLaser::GfxVisualCylinderLaser
DisplaySystem.dll	RVisual_t	store	0x1C4	4	this:public void __thiscall RVisual_t::SetRenderPriority(enum RenderList_e) 	100109a4	GfxVisualCylinderLaser::GfxVisualCylinderLaser
DisplaySystem.dll	RVisual_t	store	0x1C8	1	this:public void __thiscall RVisual_t::SetRenderPriority(enum RenderList_e) 	100109a4	GfxVisualCylinderLaser::GfxVisualCylinderLaser
DisplaySystem.dll	RVisual_t	store	0x1AC	4	this:public void __thiscall RVisual_t::SetRenderPriority(enum RenderList_e) 	100109a4	GfxVisualCylinderLaser::GfxVisualCylinderLaser
DisplaySystem.dll	RVisual_t	load	0x1A8	4	this:public void __thiscall RVisual_t::SetRenderPriority(enum RenderList_e) 	100109a4	GfxVisualCylinderLaser::GfxVisualCylinderLaser
DisplaySystem.dll	RVisual_t	store	0x1B0	4	this:public void __thiscall RVisual_t::SetRenderPriority(enum RenderList_e) 	100109a4	GfxVisualCylinderLaser::GfxVisualCylinderLaser
DisplaySystem.dll	RVisual_t	load	0x1A8	4	this:public void __thiscall RVisual_t::SetRenderPriority(enum RenderList_e) 	100109a4	GfxVisualCylinderLaser::GfxVisualCylinderLaser
DisplaySystem.dll	RVisual_t	load	0x1AC	4	this:public void __thiscall RVisual_t::SetRenderPriority(enum RenderList_e) 	100109a4	GfxVisualCylinderLaser::GfxVisualCylinderLaser
DisplaySystem.dll	RVisual_t	load	0x1B0	4	this:public void __thiscall RVisual_t::SetRenderPriority(enum RenderList_e) 	100109a4	GfxVisualCylinderLaser::GfxVisualCylinderLaser
DisplaySystem.dll	RVisual_t	load	0x1A8	4	this:public void __thiscall RVisual_t::SetRenderPriority(enum RenderList_e) 	100109a4	GfxVisualCylinderLaser::GfxVisualCylinderLaser
DisplaySystem.dll	RVisual_t	load	0x1A8	4	this:public void __thiscall RVisual_t::SetRenderPriority(enum RenderList_e) 	100109a4	GfxVisualCylinderLaser::GfxVisualCylinderLaser
DisplaySystem.dll	RVisual_t	load	0x1A8	4	this:public void __thiscall RVisual_t::SetRenderPriority(enum RenderList_e) 	100109a4	GfxVisualCylinderLaser::GfxVisualCylinderLaser
DisplaySystem.dll	RVisual_t	store	0x1CC	4	this:public void __thiscall RVisual_t::SetRenderPriority(enum RenderList_e) 	100109a4	GfxVisualCylinderLaser::GfxVisualCylinderLaser
DisplaySystem.dll	RVisual_t	load	0x1A8	4	this:public void __thiscall RVisual_t::SetRenderPriority(enum RenderList_e) 	100109a4	GfxVisualCylinderLaser::GfxVisualCylinderLaser
DisplaySystem.dll	RVisual_t	store	0x1D0	4	this:public void __thiscall RVisual_t::SetRenderPriority(enum RenderList_e) 	100109a4	GfxVisualCylinderLaser::GfxVisualCylinderLaser
DisplaySystem.dll	RVisual_t	store	0x1D4	4	this:public void __thiscall RVisual_t::SetRenderPriority(enum RenderList_e) 	100109a4	GfxVisualCylinderLaser::GfxVisualCylinderLaser
DisplaySystem.dll	RVisual_t	load	0xB8	4	this:public void __thiscall RVisual_t::SetRenderPriority(enum RenderList_e) 	100109a4	GfxVisualCylinderLaser::GfxVisualCylinderLaser
DisplaySystem.dll	RVisual_t	store	0xB8	4	this:public void __thiscall RVisual_t::SetRenderPriority(enum RenderList_e) 	100109a4	GfxVisualCylinderLaser::GfxVisualCylinderLaser
DisplaySystem.dll	RVisual_t	load	0xB8	4	this:public void __thiscall RVisual_t::SetRenderPriority(enum RenderList_e) 	100109a4	GfxVisualCylinderLaser::GfxVisualCylinderLaser
DisplaySystem.dll	RVisual_t	load	0xB8	4	this:public void __thiscall RVisual_t::SetRenderPriority(enum RenderList_e) 	100109a4	GfxVisualCylinderLaser::GfxVisualCylinderLaser
DisplaySystem.dll	RVisual_t	load	0xB8	4	this:public void __thiscall RVisual_t::SetRenderPriority(enum RenderList_e) 	100109a4	GfxVisualCylinderLaser::GfxVisualCylinderLaser
DisplaySystem.dll	RVisual_t	load	0xB8	4	this:public void __thiscall RVisual_t::SetRenderPriority(enum RenderList_e) 	100109a4	GfxVisualCylinderLaser::GfxVisualCylinderLaser
DisplaySystem.dll	RVisual_t	load	0xB8	4	this:public void __thiscall RVisual_t::SetRenderPriority(enum RenderList_e) 	100109a4	GfxVisualCylinderLaser::GfxVisualCylinderLaser
DisplaySystem.dll	RVisual_t	load	0xB8	4	this:public void __thiscall RVisual_t::SetRenderPriority(enum RenderList_e) 	100109a4	GfxVisualCylinderLaser::GfxVisualCylinderLaser
DisplaySystem.dll	RVisual_t	load	0x17C	4	this:public void __thiscall RVisual_t::SetRenderPriority(enum RenderList_e) 	100109a4	GfxVisualCylinderLaser::GfxVisualCylinderLaser
DisplaySystem.dll	RVisual_t	load	0xB8	4	this:public void __thiscall RVisual_t::SetRenderPriority(enum RenderList_e) 	100109a4	GfxVisualCylinderLaser::GfxVisualCylinderLaser
DisplaySystem.dll	RVisual_t	load	0xB8	4	this:public void __thiscall RVisual_t::SetRenderPriority(enum RenderList_e) 	100109a4	GfxVisualCylinderLaser::GfxVisualCylinderLaser
DisplaySystem.dll	RVisual_t	load	0xB8	4	this:public void __thiscall RVisual_t::SetRenderPriority(enum RenderList_e) 	100109a4	GfxVisualCylinderLaser::GfxVisualCylinderLaser
DisplaySystem.dll	RVisual_t	load	0xB8	4	this:public void __thiscall RVisual_t::SetRenderPriority(enum RenderList_e) 	100109a4	GfxVisualCylinderLaser::GfxVisualCylinderLaser
DisplaySystem.dll	RVisual_t	load	0xB8	4	this:public void __thiscall RVisual_t::SetRenderPriority(enum RenderList_e) 	100109a4	GfxVisualCylinderLaser::GfxVisualCylinderLaser
DisplaySystem.dll	RVisual_t	load	0xB8	4	this:public void __thiscall RVisual_t::SetRenderPriority(enum RenderList_e) 	100109a4	GfxVisualCylinderLaser::GfxVisualCylinderLaser
DisplaySystem.dll	RVisual_t	load	0xB8	4	this:public void __thiscall RVisual_t::SetRenderPriority(enum RenderList_e) 	100109a4	GfxVisualCylinderLaser::GfxVisualCylinderLaser
DisplaySystem.dll	RVisual_t	load	0xB8	4	this:public void __thiscall RVisual_t::SetRenderPriority(enum RenderList_e) 	100109a4	GfxVisualCylinderLaser::GfxVisualCylinderLaser
DisplaySystem.dll	RVisual_t	load	0xB8	4	this:public void __thiscall RVisual_t::SetRenderPriority(enum RenderList_e) 	100109a4	GfxVisualCylinderLaser::GfxVisualCylinderLaser
DisplaySystem.dll	RVisual_t	load	0xB8	4	this:public void __thiscall RVisual_t::SetRenderPriority(enum RenderList_e) 	100109a4	GfxVisualCylinderLaser::GfxVisualCylinderLaser
DisplaySystem.dll	RVisual_t	load	0x194	4	this:public void __thiscall RVisual_t::SetRenderPriority(enum RenderList_e) 	100109a4	GfxVisualCylinderLaser::GfxVisualCylinderLaser
DisplaySystem.dll	RVisual_t	load	0xB8	4	this:public void __thiscall RVisual_t::SetRenderPriority(enum RenderList_e) 	100109a4	GfxVisualCylinderLaser::GfxVisualCylinderLaser
DisplaySystem.dll	RVisual_t	load	0xB8	4	this:public void __thiscall RVisual_t::SetRenderPriority(enum RenderList_e) 	100109a4	GfxVisualCylinderLaser::GfxVisualCylinderLaser
DisplaySystem.dll	RVisual_t	load	0xB8	4	this:public void __thiscall RVisual_t::SetRenderPriority(enum RenderList_e) 	100109a4	GfxVisualCylinderLaser::GfxVisualCylinderLaser
DisplaySystem.dll	RDeltaState	new_size	0x16C	0	ctor:public __thiscall RDeltaState::RDeltaState(char const *) 	10010d70	GfxVisualDiaBill::GfxVisualDiaBill
DisplaySystem.dll	RVisual_t	store_vptr?	0x0	4	this:public void __thiscall RVisual_t::SetRenderPriority(enum RenderList_e) 	10010d70	GfxVisualDiaBill::GfxVisualDiaBill
DisplaySystem.dll	RVisual_t	store	0xA4	4	this:public void __thiscall RVisual_t::SetRenderPriority(enum RenderList_e) 	10010d70	GfxVisualDiaBill::GfxVisualDiaBill
DisplaySystem.dll	RVisual_t	store	0x1AC	4	this:public void __thiscall RVisual_t::SetRenderPriority(enum RenderList_e) 	10010d70	GfxVisualDiaBill::GfxVisualDiaBill
DisplaySystem.dll	RVisual_t	store	0x1B0	1	this:public void __thiscall RVisual_t::SetRenderPriority(enum RenderList_e) 	10010d70	GfxVisualDiaBill::GfxVisualDiaBill
DisplaySystem.dll	RVisual_t	store	0xB8	4	this:public void __thiscall RVisual_t::SetRenderPriority(enum RenderList_e) 	10010d70	GfxVisualDiaBill::GfxVisualDiaBill
DisplaySystem.dll	RVisual_t	store	0xB8	4	this:public void __thiscall RVisual_t::SetRenderPriority(enum RenderList_e) 	10010d70	GfxVisualDiaBill::GfxVisualDiaBill
DisplaySystem.dll	RVisual_t	load	0xB8	4	this:public void __thiscall RVisual_t::SetRenderPriority(enum RenderList_e) 	10010d70	GfxVisualDiaBill::GfxVisualDiaBill
DisplaySystem.dll	RVisual_t	load	0xB8	4	this:public void __thiscall RVisual_t::SetRenderPriority(enum RenderList_e) 	10010d70	GfxVisualDiaBill::GfxVisualDiaBill
DisplaySystem.dll	RVisual_t	load	0xB8	4	this:public void __thiscall RVisual_t::SetRenderPriority(enum RenderList_e) 	10010d70	GfxVisualDiaBill::GfxVisualDiaBill
DisplaySystem.dll	RVisual_t	load	0xB8	4	this:public void __thiscall RVisual_t::SetRenderPriority(enum RenderList_e) 	10010d70	GfxVisualDiaBill::GfxVisualDiaBill
DisplaySystem.dll	RVisual_t	load	0xB8	4	this:public void __thiscall RVisual_t::SetRenderPriority(enum RenderList_e) 	10010d70	GfxVisualDiaBill::GfxVisualDiaBill
DisplaySystem.dll	RVisual_t	load	0xB8	4	this:public void __thiscall RVisual_t::SetRenderPriority(enum RenderList_e) 	10010d70	GfxVisualDiaBill::GfxVisualDiaBill
DisplaySystem.dll	RVisual_t	load	0x17C	4	this:public void __thiscall RVisual_t::SetRenderPriority(enum RenderList_e) 	10010d70	GfxVisualDiaBill::GfxVisualDiaBill
DisplaySystem.dll	RVisual_t	load	0xB8	4	this:public void __thiscall RVisual_t::SetRenderPriority(enum RenderList_e) 	10010d70	GfxVisualDiaBill::GfxVisualDiaBill
DisplaySystem.dll	RVisual_t	load	0xB8	4	this:public void __thiscall RVisual_t::SetRenderPriority(enum RenderList_e) 	10010d70	GfxVisualDiaBill::GfxVisualDiaBill
DisplaySystem.dll	RVisual_t	load	0xB8	4	this:public void __thiscall RVisual_t::SetRenderPriority(enum RenderList_e) 	10010d70	GfxVisualDiaBill::GfxVisualDiaBill
DisplaySystem.dll	RVisual_t	load	0xB8	4	this:public void __thiscall RVisual_t::SetRenderPriority(enum RenderList_e) 	10010d70	GfxVisualDiaBill::GfxVisualDiaBill
DisplaySystem.dll	RVisual_t	load	0xB8	4	this:public void __thiscall RVisual_t::SetRenderPriority(enum RenderList_e) 	10010d70	GfxVisualDiaBill::GfxVisualDiaBill
DisplaySystem.dll	RVisual_t	load	0xB8	4	this:public void __thiscall RVisual_t::SetRenderPriority(enum RenderList_e) 	10010d70	GfxVisualDiaBill::GfxVisualDiaBill
DisplaySystem.dll	RVisual_t	load	0xB8	4	this:public void __thiscall RVisual_t::SetRenderPriority(enum RenderList_e) 	10010d70	GfxVisualDiaBill::GfxVisualDiaBill
DisplaySystem.dll	RVisual_t	load	0xB8	4	this:public void __thiscall RVisual_t::SetRenderPriority(enum RenderList_e) 	10010d70	GfxVisualDiaBill::GfxVisualDiaBill
DisplaySystem.dll	RVisual_t	store	0x184	4	this:public void __thiscall RVisual_t::SetRenderPriority(enum RenderList_e) 	10010d70	GfxVisualDiaBill::GfxVisualDiaBill
DisplaySystem.dll	RVisual_t	store	0x188	4	this:public void __thiscall RVisual_t::SetRenderPriority(enum RenderList_e) 	10010d70	GfxVisualDiaBill::GfxVisualDiaBill
DisplaySystem.dll	RVisual_t	load	0xB8	4	this:public void __thiscall RVisual_t::SetRenderPriority(enum RenderList_e) 	10010d70	GfxVisualDiaBill::GfxVisualDiaBill
DisplaySystem.dll	RVisual_t	load	0xB8	4	this:public void __thiscall RVisual_t::SetRenderPriority(enum RenderList_e) 	10010d70	GfxVisualDiaBill::GfxVisualDiaBill
DisplaySystem.dll	RVisual_t	load	0xB8	4	this:public void __thiscall RVisual_t::SetRenderPriority(enum RenderList_e) 	10010d70	GfxVisualDiaBill::GfxVisualDiaBill
DisplaySystem.dll	RRefFrame_t	load_vptr?	0x0	4	this:public class TMatrix4_t const & __thiscall RRefFrame_t::GetWorldMatrix(void) const 	1001105e	FUN_1001105e
DisplaySystem.dll	RRefFrame_t	vcall	0x48	4	this:public class TMatrix4_t const & __thiscall RRefFrame_t::GetWorldMatrix(void) const 	1001105e	FUN_1001105e
DisplaySystem.dll	RRefFrame_t	load_vptr?	0x0	4	this:public class TMatrix4_t const & __thiscall RRefFrame_t::GetWorldMatrix(void) const 	1001105e	FUN_1001105e
DisplaySystem.dll	RRefFrame_t	vcall	0x48	4	this:public class TMatrix4_t const & __thiscall RRefFrame_t::GetWorldMatrix(void) const 	1001105e	FUN_1001105e
DisplaySystem.dll	RRefFrame_t	load	0x178	4	this:public class TMatrix4_t const & __thiscall RRefFrame_t::GetWorldMatrix(void) const 	1001105e	FUN_1001105e
DisplaySystem.dll	RRefFrame_t	load	0x17C	4	this:public class TMatrix4_t const & __thiscall RRefFrame_t::GetWorldMatrix(void) const 	1001105e	FUN_1001105e
DisplaySystem.dll	RRefFrame_t	load_vptr?	0x0	4	this:public class TMatrix4_t const & __thiscall RRefFrame_t::GetWorldMatrix(void) const 	1001105e	FUN_1001105e
DisplaySystem.dll	RRefFrame_t	vcall	0x40	4	this:public class TMatrix4_t const & __thiscall RRefFrame_t::GetWorldMatrix(void) const 	1001105e	FUN_1001105e
DisplaySystem.dll	RRefFrame_t	load_vptr?	0x0	4	this:public class TMatrix4_t const & __thiscall RRefFrame_t::GetWorldMatrix(void) const 	1001105e	FUN_1001105e
DisplaySystem.dll	RRefFrame_t	vcall	0x44	4	this:public class TMatrix4_t const & __thiscall RRefFrame_t::GetWorldMatrix(void) const 	1001105e	FUN_1001105e
DisplaySystem.dll	RRefFrame_t	load	0x184	4	this:public class TMatrix4_t const & __thiscall RRefFrame_t::GetWorldMatrix(void) const 	1001105e	FUN_1001105e
DisplaySystem.dll	RRefFrame_t	load	0x188	4	this:public class TMatrix4_t const & __thiscall RRefFrame_t::GetWorldMatrix(void) const 	1001105e	FUN_1001105e
DisplaySystem.dll	RRefFrame_t	load	0x1A8	4	this:public class TMatrix4_t const & __thiscall RRefFrame_t::GetWorldMatrix(void) const 	1001105e	FUN_1001105e
DisplaySystem.dll	RRefFrame_t	load	0x1AC	4	this:public class TMatrix4_t const & __thiscall RRefFrame_t::GetWorldMatrix(void) const 	1001105e	FUN_1001105e
DisplaySystem.dll	RRefFrame_t	load	0x1A8	4	this:public class TMatrix4_t const & __thiscall RRefFrame_t::GetWorldMatrix(void) const 	1001105e	FUN_1001105e
DisplaySystem.dll	RRefFrame_t	load_vptr?	0x0	4	this:public class TMatrix4_t const & __thiscall RRefFrame_t::GetWorldMatrix(void) const 	1001105e	FUN_1001105e
DisplaySystem.dll	RRefFrame_t	vcall	0x48	4	this:public class TMatrix4_t const & __thiscall RRefFrame_t::GetWorldMatrix(void) const 	1001105e	FUN_1001105e
DisplaySystem.dll	RRefFrame_t	load_vptr?	0x0	4	this:public class TMatrix4_t const & __thiscall RRefFrame_t::GetWorldMatrix(void) const 	1001105e	FUN_1001105e
DisplaySystem.dll	RRefFrame_t	vcall	0x48	4	this:public class TMatrix4_t const & __thiscall RRefFrame_t::GetWorldMatrix(void) const 	1001105e	FUN_1001105e
DisplaySystem.dll	RDeltaState	new_size	0x16C	0	ctor:public __thiscall RDeltaState::RDeltaState(char const *) 	10011597	GfxVisualDistortion::GfxVisualDistortion
DisplaySystem.dll	RVisual_t	store_vptr?	0x0	4	this:public void __thiscall RVisual_t::SetRenderPriority(enum RenderList_e) 	10011597	GfxVisualDistortion::GfxVisualDistortion
DisplaySystem.dll	RVisual_t	store	0xA4	4	this:public void __thiscall RVisual_t::SetRenderPriority(enum RenderList_e) 	10011597	GfxVisualDistortion::GfxVisualDistortion
DisplaySystem.dll	RVisual_t	load	0xB8	4	this:public void __thiscall RVisual_t::SetRenderPriority(enum RenderList_e) 	10011597	GfxVisualDistortion::GfxVisualDistortion
DisplaySystem.dll	RVisual_t	store	0xB8	4	this:public void __thiscall RVisual_t::SetRenderPriority(enum RenderList_e) 	10011597	GfxVisualDistortion::GfxVisualDistortion
DisplaySystem.dll	RVisual_t	store	0x1AC	4	this:public void __thiscall RVisual_t::SetRenderPriority(enum RenderList_e) 	10011597	GfxVisualDistortion::GfxVisualDistortion
DisplaySystem.dll	RVisual_t	store	0x1A8	4	this:public void __thiscall RVisual_t::SetRenderPriority(enum RenderList_e) 	10011597	GfxVisualDistortion::GfxVisualDistortion
DisplaySystem.dll	RVisual_t	store	0x1B0	4	this:public void __thiscall RVisual_t::SetRenderPriority(enum RenderList_e) 	10011597	GfxVisualDistortion::GfxVisualDistortion
DisplaySystem.dll	RDeltaState	new_size	0x16C	0	ctor:public __thiscall RDeltaState::RDeltaState(char const *) 	100116ba	GfxVisualElectra::GfxVisualElectra
DisplaySystem.dll	RVisual_t	store_vptr?	0x0	4	this:public void __thiscall RVisual_t::SetRenderPriority(enum RenderList_e) 	100116ba	GfxVisualElectra::GfxVisualElectra
DisplaySystem.dll	RVisual_t	store	0xA4	4	this:public void __thiscall RVisual_t::SetRenderPriority(enum RenderList_e) 	100116ba	GfxVisualElectra::GfxVisualElectra
DisplaySystem.dll	RVisual_t	store	0xB8	4	this:public void __thiscall RVisual_t::SetRenderPriority(enum RenderList_e) 	100116ba	GfxVisualElectra::GfxVisualElectra
DisplaySystem.dll	RVisual_t	store	0xB8	4	this:public void __thiscall RVisual_t::SetRenderPriority(enum RenderList_e) 	100116ba	GfxVisualElectra::GfxVisualElectra
DisplaySystem.dll	RVisual_t	load	0xB8	4	this:public void __thiscall RVisual_t::SetRenderPriority(enum RenderList_e) 	100116ba	GfxVisualElectra::GfxVisualElectra
DisplaySystem.dll	RVisual_t	load	0xB8	4	this:public void __thiscall RVisual_t::SetRenderPriority(enum RenderList_e) 	100116ba	GfxVisualElectra::GfxVisualElectra
DisplaySystem.dll	RVisual_t	load	0xB8	4	this:public void __thiscall RVisual_t::SetRenderPriority(enum RenderList_e) 	100116ba	GfxVisualElectra::GfxVisualElectra
DisplaySystem.dll	RVisual_t	load	0xB8	4	this:public void __thiscall RVisual_t::SetRenderPriority(enum RenderList_e) 	100116ba	GfxVisualElectra::GfxVisualElectra
DisplaySystem.dll	RVisual_t	load	0xB8	4	this:public void __thiscall RVisual_t::SetRenderPriority(enum RenderList_e) 	100116ba	GfxVisualElectra::GfxVisualElectra
DisplaySystem.dll	RVisual_t	load	0xB8	4	this:public void __thiscall RVisual_t::SetRenderPriority(enum RenderList_e) 	100116ba	GfxVisualElectra::GfxVisualElectra
DisplaySystem.dll	RVisual_t	load	0x17C	4	this:public void __thiscall RVisual_t::SetRenderPriority(enum RenderList_e) 	100116ba	GfxVisualElectra::GfxVisualElectra
DisplaySystem.dll	RVisual_t	load	0xB8	4	this:public void __thiscall RVisual_t::SetRenderPriority(enum RenderList_e) 	100116ba	GfxVisualElectra::GfxVisualElectra
DisplaySystem.dll	RVisual_t	load	0xB8	4	this:public void __thiscall RVisual_t::SetRenderPriority(enum RenderList_e) 	100116ba	GfxVisualElectra::GfxVisualElectra
DisplaySystem.dll	RVisual_t	load	0xB8	4	this:public void __thiscall RVisual_t::SetRenderPriority(enum RenderList_e) 	100116ba	GfxVisualElectra::GfxVisualElectra
DisplaySystem.dll	RVisual_t	load	0xB8	4	this:public void __thiscall RVisual_t::SetRenderPriority(enum RenderList_e) 	100116ba	GfxVisualElectra::GfxVisualElectra
DisplaySystem.dll	RVisual_t	load	0xB8	4	this:public void __thiscall RVisual_t::SetRenderPriority(enum RenderList_e) 	100116ba	GfxVisualElectra::GfxVisualElectra
DisplaySystem.dll	RVisual_t	load	0xB8	4	this:public void __thiscall RVisual_t::SetRenderPriority(enum RenderList_e) 	100116ba	GfxVisualElectra::GfxVisualElectra
DisplaySystem.dll	RVisual_t	load	0xB8	4	this:public void __thiscall RVisual_t::SetRenderPriority(enum RenderList_e) 	100116ba	GfxVisualElectra::GfxVisualElectra
DisplaySystem.dll	RVisual_t	load	0xB8	4	this:public void __thiscall RVisual_t::SetRenderPriority(enum RenderList_e) 	100116ba	GfxVisualElectra::GfxVisualElectra
DisplaySystem.dll	RVisual_t	store	0x184	4	this:public void __thiscall RVisual_t::SetRenderPriority(enum RenderList_e) 	100116ba	GfxVisualElectra::GfxVisualElectra
DisplaySystem.dll	RVisual_t	store	0x188	4	this:public void __thiscall RVisual_t::SetRenderPriority(enum RenderList_e) 	100116ba	GfxVisualElectra::GfxVisualElectra
DisplaySystem.dll	RVisual_t	load	0xB8	4	this:public void __thiscall RVisual_t::SetRenderPriority(enum RenderList_e) 	100116ba	GfxVisualElectra::GfxVisualElectra
DisplaySystem.dll	RVisual_t	load	0xB8	4	this:public void __thiscall RVisual_t::SetRenderPriority(enum RenderList_e) 	100116ba	GfxVisualElectra::GfxVisualElectra
DisplaySystem.dll	RVisual_t	load	0xB8	4	this:public void __thiscall RVisual_t::SetRenderPriority(enum RenderList_e) 	100116ba	GfxVisualElectra::GfxVisualElectra
DisplaySystem.dll	RVisual_t	store	0x1AC	4	this:public void __thiscall RVisual_t::SetRenderPriority(enum RenderList_e) 	100116ba	GfxVisualElectra::GfxVisualElectra
DisplaySystem.dll	RVisual_t	store	0x1B0	4	this:public void __thiscall RVisual_t::SetRenderPriority(enum RenderList_e) 	100116ba	GfxVisualElectra::GfxVisualElectra
DisplaySystem.dll	RVisual_t	store	0x1B4	4	this:public void __thiscall RVisual_t::SetRenderPriority(enum RenderList_e) 	100116ba	GfxVisualElectra::GfxVisualElectra
DisplaySystem.dll	RVisual_t	store	0x1B8	4	this:public void __thiscall RVisual_t::SetRenderPriority(enum RenderList_e) 	100116ba	GfxVisualElectra::GfxVisualElectra
DisplaySystem.dll	RRefFrame_t	load	0x178	4	this:public class TMatrix4_t const & __thiscall RRefFrame_t::GetWorldMatrix(void) const 	100118d3	FUN_100118d3
DisplaySystem.dll	RRefFrame_t	load	0x17C	4	this:public class TMatrix4_t const & __thiscall RRefFrame_t::GetWorldMatrix(void) const 	100118d3	FUN_100118d3
DisplaySystem.dll	RRefFrame_t	load_vptr?	0x0	4	this:public class TMatrix4_t const & __thiscall RRefFrame_t::GetWorldMatrix(void) const 	100118d3	FUN_100118d3
DisplaySystem.dll	RRefFrame_t	vcall	0x40	4	this:public class TMatrix4_t const & __thiscall RRefFrame_t::GetWorldMatrix(void) const 	100118d3	FUN_100118d3
DisplaySystem.dll	RRefFrame_t	load_vptr?	0x0	4	this:public class TMatrix4_t const & __thiscall RRefFrame_t::GetWorldMatrix(void) const 	100118d3	FUN_100118d3
DisplaySystem.dll	RRefFrame_t	vcall	0x44	4	this:public class TMatrix4_t const & __thiscall RRefFrame_t::GetWorldMatrix(void) const 	100118d3	FUN_100118d3
DisplaySystem.dll	RRefFrame_t	load	0x184	4	this:public class TMatrix4_t const & __thiscall RRefFrame_t::GetWorldMatrix(void) const 	100118d3	FUN_100118d3
DisplaySystem.dll	RRefFrame_t	load	0x188	4	this:public class TMatrix4_t const & __thiscall RRefFrame_t::GetWorldMatrix(void) const 	100118d3	FUN_100118d3
DisplaySystem.dll	RRefFrame_t	load	0x1A8	4	this:public class TMatrix4_t const & __thiscall RRefFrame_t::GetWorldMatrix(void) const 	100118d3	FUN_100118d3
DisplaySystem.dll	RRefFrame_t	load	0x1AC	4	this:public class TMatrix4_t const & __thiscall RRefFrame_t::GetWorldMatrix(void) const 	100118d3	FUN_100118d3
DisplaySystem.dll	RRefFrame_t	load	0x17C	4	this:public class TMatrix4_t const & __thiscall RRefFrame_t::GetWorldMatrix(void) const 	100118d3	FUN_100118d3
DisplaySystem.dll	RRefFrame_t	load	0x184	4	this:public class TMatrix4_t const & __thiscall RRefFrame_t::GetWorldMatrix(void) const 	100118d3	FUN_100118d3
DisplaySystem.dll	RRefFrame_t	load	0x1B4	4	this:public class TMatrix4_t const & __thiscall RRefFrame_t::GetWorldMatrix(void) const 	100118d3	FUN_100118d3
DisplaySystem.dll	RRefFrame_t	load	0x1B4	4	this:public class TMatrix4_t const & __thiscall RRefFrame_t::GetWorldMatrix(void) const 	100118d3	FUN_100118d3
DisplaySystem.dll	RRefFrame_t	load	0x1B4	4	this:public class TMatrix4_t const & __thiscall RRefFrame_t::GetWorldMatrix(void) const 	100118d3	FUN_100118d3
DisplaySystem.dll	RRefFrame_t	load	0x1B4	4	this:public class TMatrix4_t const & __thiscall RRefFrame_t::GetWorldMatrix(void) const 	100118d3	FUN_100118d3
DisplaySystem.dll	RRefFrame_t	load	0x1B4	4	this:public class TMatrix4_t const & __thiscall RRefFrame_t::GetWorldMatrix(void) const 	100118d3	FUN_100118d3
DisplaySystem.dll	RRefFrame_t	load	0x1B4	4	this:public class TMatrix4_t const & __thiscall RRefFrame_t::GetWorldMatrix(void) const 	100118d3	FUN_100118d3
DisplaySystem.dll	RRefFrame_t	load	0x1B0	4	this:public class TMatrix4_t const & __thiscall RRefFrame_t::GetWorldMatrix(void) const 	100118d3	FUN_100118d3
DisplaySystem.dll	RRefFrame_t	load	0x1AC	4	this:public class TMatrix4_t const & __thiscall RRefFrame_t::GetWorldMatrix(void) const 	100118d3	FUN_100118d3
DisplaySystem.dll	RRefFrame_t	load	0x1B0	4	this:public class TMatrix4_t const & __thiscall RRefFrame_t::GetWorldMatrix(void) const 	100118d3	FUN_100118d3
DisplaySystem.dll	RRefFrame_t	load	0x1B0	4	this:public class TMatrix4_t const & __thiscall RRefFrame_t::GetWorldMatrix(void) const 	100118d3	FUN_100118d3
DisplaySystem.dll	RRefFrame_t	load	0x1B0	4	this:public class TMatrix4_t const & __thiscall RRefFrame_t::GetWorldMatrix(void) const 	100118d3	FUN_100118d3
DisplaySystem.dll	RRefFrame_t	load	0x1B0	4	this:public class TMatrix4_t const & __thiscall RRefFrame_t::GetWorldMatrix(void) const 	100118d3	FUN_100118d3
DisplaySystem.dll	RRefFrame_t	load	0x1AC	4	this:public class TMatrix4_t const & __thiscall RRefFrame_t::GetWorldMatrix(void) const 	100118d3	FUN_100118d3
DisplaySystem.dll	RRefFrame_t	load	0x1B0	4	this:public class TMatrix4_t const & __thiscall RRefFrame_t::GetWorldMatrix(void) const 	100118d3	FUN_100118d3
DisplaySystem.dll	RRefFrame_t	load	0x1B0	4	this:public class TMatrix4_t const & __thiscall RRefFrame_t::GetWorldMatrix(void) const 	100118d3	FUN_100118d3
DisplaySystem.dll	RRefFrame_t	load	0x1B0	4	this:public class TMatrix4_t const & __thiscall RRefFrame_t::GetWorldMatrix(void) const 	100118d3	FUN_100118d3
DisplaySystem.dll	RRefFrame_t	load	0x1B0	4	this:public class TMatrix4_t const & __thiscall RRefFrame_t::GetWorldMatrix(void) const 	100118d3	FUN_100118d3
DisplaySystem.dll	RRefFrame_t	load	0x1AC	4	this:public class TMatrix4_t const & __thiscall RRefFrame_t::GetWorldMatrix(void) const 	100118d3	FUN_100118d3
DisplaySystem.dll	RRefFrame_t	load	0x1B0	4	this:public class TMatrix4_t const & __thiscall RRefFrame_t::GetWorldMatrix(void) const 	100118d3	FUN_100118d3
DisplaySystem.dll	RRefFrame_t	load	0x1B0	4	this:public class TMatrix4_t const & __thiscall RRefFrame_t::GetWorldMatrix(void) const 	100118d3	FUN_100118d3
DisplaySystem.dll	RRefFrame_t	load	0x1B0	4	this:public class TMatrix4_t const & __thiscall RRefFrame_t::GetWorldMatrix(void) const 	100118d3	FUN_100118d3
DisplaySystem.dll	RRefFrame_t	load	0x1B0	4	this:public class TMatrix4_t const & __thiscall RRefFrame_t::GetWorldMatrix(void) const 	100118d3	FUN_100118d3
DisplaySystem.dll	RRefFrame_t	load	0x1AC	4	this:public class TMatrix4_t const & __thiscall RRefFrame_t::GetWorldMatrix(void) const 	100118d3	FUN_100118d3
DisplaySystem.dll	RRefFrame_t	load	0x1B0	4	this:public class TMatrix4_t const & __thiscall RRefFrame_t::GetWorldMatrix(void) const 	100118d3	FUN_100118d3
DisplaySystem.dll	RRefFrame_t	load	0x1B0	4	this:public class TMatrix4_t const & __thiscall RRefFrame_t::GetWorldMatrix(void) const 	100118d3	FUN_100118d3
DisplaySystem.dll	RRefFrame_t	load	0x1B0	4	this:public class TMatrix4_t const & __thiscall RRefFrame_t::GetWorldMatrix(void) const 	100118d3	FUN_100118d3
DisplaySystem.dll	RRefFrame_t	load	0x1A8	4	this:public class TMatrix4_t const & __thiscall RRefFrame_t::GetWorldMatrix(void) const 	100118d3	FUN_100118d3
DisplaySystem.dll	RRefFrame_t	load	0x1B4	4	this:public class TMatrix4_t const & __thiscall RRefFrame_t::GetWorldMatrix(void) const 	100118d3	FUN_100118d3
DisplaySystem.dll	RRefFrame_t	load	0x1B0	4	this:public class TMatrix4_t const & __thiscall RRefFrame_t::GetWorldMatrix(void) const 	100118d3	FUN_100118d3
DisplaySystem.dll	RRefFrame_t	load_vptr?	0x0	4	this:public class TMatrix4_t const & __thiscall RRefFrame_t::GetWorldMatrix(void) const 	100118d3	FUN_100118d3
DisplaySystem.dll	RRefFrame_t	vcall	0x48	4	this:public class TMatrix4_t const & __thiscall RRefFrame_t::GetWorldMatrix(void) const 	100118d3	FUN_100118d3
DisplaySystem.dll	RDeltaState	new_size	0x16C	0	ctor:public __thiscall RDeltaState::RDeltaState(char const *) 	1001209b	FUN_1001209b
DisplaySystem.dll	RVisual_t	load	0xB8	4	this:public void __thiscall RVisual_t::SetRenderPriority(enum RenderList_e) 	1001209b	FUN_1001209b
DisplaySystem.dll	RVisual_t	store	0xB8	4	this:public void __thiscall RVisual_t::SetRenderPriority(enum RenderList_e) 	1001209b	FUN_1001209b
DisplaySystem.dll	RVisual_t	load	0xB8	4	this:public void __thiscall RVisual_t::SetRenderPriority(enum RenderList_e) 	1001209b	FUN_1001209b
DisplaySystem.dll	RVisual_t	load	0xB8	4	this:public void __thiscall RVisual_t::SetRenderPriority(enum RenderList_e) 	1001209b	FUN_1001209b
DisplaySystem.dll	RVisual_t	load	0xB8	4	this:public void __thiscall RVisual_t::SetRenderPriority(enum RenderList_e) 	1001209b	FUN_1001209b
DisplaySystem.dll	RVisual_t	load	0xB8	4	this:public void __thiscall RVisual_t::SetRenderPriority(enum RenderList_e) 	1001209b	FUN_1001209b
DisplaySystem.dll	RVisual_t	load	0xB8	4	this:public void __thiscall RVisual_t::SetRenderPriority(enum RenderList_e) 	1001209b	FUN_1001209b
DisplaySystem.dll	RVisual_t	load	0xB8	4	this:public void __thiscall RVisual_t::SetRenderPriority(enum RenderList_e) 	1001209b	FUN_1001209b
DisplaySystem.dll	RVisual_t	load	0xB8	4	this:public void __thiscall RVisual_t::SetRenderPriority(enum RenderList_e) 	1001209b	FUN_1001209b
DisplaySystem.dll	RVisual_t	load	0x17C	4	this:public void __thiscall RVisual_t::SetRenderPriority(enum RenderList_e) 	1001209b	FUN_1001209b
DisplaySystem.dll	RVisual_t	load	0xB8	4	this:public void __thiscall RVisual_t::SetRenderPriority(enum RenderList_e) 	1001209b	FUN_1001209b
DisplaySystem.dll	RVisual_t	load	0xB8	4	this:public void __thiscall RVisual_t::SetRenderPriority(enum RenderList_e) 	1001209b	FUN_1001209b
DisplaySystem.dll	RVisual_t	load	0xB8	4	this:public void __thiscall RVisual_t::SetRenderPriority(enum RenderList_e) 	1001209b	FUN_1001209b
DisplaySystem.dll	RVisual_t	load	0xB8	4	this:public void __thiscall RVisual_t::SetRenderPriority(enum RenderList_e) 	1001209b	FUN_1001209b
DisplaySystem.dll	RVisual_t	load	0xB8	4	this:public void __thiscall RVisual_t::SetRenderPriority(enum RenderList_e) 	1001209b	FUN_1001209b
DisplaySystem.dll	RVisual_t	load	0xB8	4	this:public void __thiscall RVisual_t::SetRenderPriority(enum RenderList_e) 	1001209b	FUN_1001209b
DisplaySystem.dll	RVisual_t	load	0xB8	4	this:public void __thiscall RVisual_t::SetRenderPriority(enum RenderList_e) 	1001209b	FUN_1001209b
DisplaySystem.dll	RVisual_t	load	0x190	4	this:public void __thiscall RVisual_t::SetRenderPriority(enum RenderList_e) 	1001209b	FUN_1001209b
DisplaySystem.dll	RVisual_t	load	0xB8	4	this:public void __thiscall RVisual_t::SetRenderPriority(enum RenderList_e) 	1001209b	FUN_1001209b
DisplaySystem.dll	RVisual_t	load	0xB8	4	this:public void __thiscall RVisual_t::SetRenderPriority(enum RenderList_e) 	1001209b	FUN_1001209b
DisplaySystem.dll	RVisual_t	load	0xB8	4	this:public void __thiscall RVisual_t::SetRenderPriority(enum RenderList_e) 	1001209b	FUN_1001209b
DisplaySystem.dll	RVisual_t	load	0xB8	4	this:public void __thiscall RVisual_t::SetRenderPriority(enum RenderList_e) 	1001209b	FUN_1001209b
DisplaySystem.dll	RVisual_t	load	0x1A8	1	this:public void __thiscall RVisual_t::SetRenderPriority(enum RenderList_e) 	1001209b	FUN_1001209b
DisplaySystem.dll	RVisual_t	load	0xB8	4	this:public void __thiscall RVisual_t::SetRenderPriority(enum RenderList_e) 	1001209b	FUN_1001209b
DisplaySystem.dll	RVisual_t	load	0x194	4	this:public void __thiscall RVisual_t::SetRenderPriority(enum RenderList_e) 	1001209b	FUN_1001209b
DisplaySystem.dll	RVisual_t	load	0xB8	4	this:public void __thiscall RVisual_t::SetRenderPriority(enum RenderList_e) 	1001209b	FUN_1001209b
DisplaySystem.dll	RVisual_t	load	0xB8	4	this:public void __thiscall RVisual_t::SetRenderPriority(enum RenderList_e) 	1001209b	FUN_1001209b
DisplaySystem.dll	RVisual_t	load	0xB8	4	this:public void __thiscall RVisual_t::SetRenderPriority(enum RenderList_e) 	1001209b	FUN_1001209b
DisplaySystem.dll	RRefFrame_t	load	0x178	4	this:public class TMatrix4_t const & __thiscall RRefFrame_t::GetWorldMatrix(void) const 	10012264	FUN_10012264
DisplaySystem.dll	RRefFrame_t	load	0x1E0	1	this:public class TMatrix4_t const & __thiscall RRefFrame_t::GetWorldMatrix(void) const 	10012264	FUN_10012264
DisplaySystem.dll	RRefFrame_t	store	0x1E0	1	this:public class TMatrix4_t const & __thiscall RRefFrame_t::GetWorldMatrix(void) const 	10012264	FUN_10012264
DisplaySystem.dll	RRefFrame_t	load	0x17C	4	this:public class TMatrix4_t const & __thiscall RRefFrame_t::GetWorldMatrix(void) const 	10012264	FUN_10012264
DisplaySystem.dll	RRefFrame_t	load_vptr?	0x0	4	this:public class TMatrix4_t const & __thiscall RRefFrame_t::GetWorldMatrix(void) const 	10012264	FUN_10012264
DisplaySystem.dll	RRefFrame_t	vcall	0x40	4	this:public class TMatrix4_t const & __thiscall RRefFrame_t::GetWorldMatrix(void) const 	10012264	FUN_10012264
DisplaySystem.dll	RRefFrame_t	load_vptr?	0x0	4	this:public class TMatrix4_t const & __thiscall RRefFrame_t::GetWorldMatrix(void) const 	10012264	FUN_10012264
DisplaySystem.dll	RRefFrame_t	vcall	0x44	4	this:public class TMatrix4_t const & __thiscall RRefFrame_t::GetWorldMatrix(void) const 	10012264	FUN_10012264
DisplaySystem.dll	RRefFrame_t	load	0x1AC	4	this:public class TMatrix4_t const & __thiscall RRefFrame_t::GetWorldMatrix(void) const 	10012264	FUN_10012264
DisplaySystem.dll	RRefFrame_t	load	0x1AC	4	this:public class TMatrix4_t const & __thiscall RRefFrame_t::GetWorldMatrix(void) const 	10012264	FUN_10012264
DisplaySystem.dll	RRefFrame_t	load	0x1AC	4	this:public class TMatrix4_t const & __thiscall RRefFrame_t::GetWorldMatrix(void) const 	10012264	FUN_10012264
DisplaySystem.dll	RRefFrame_t	load_vptr?	0x0	4	this:public class TMatrix4_t const & __thiscall RRefFrame_t::GetWorldMatrix(void) const 	10012264	FUN_10012264
DisplaySystem.dll	RRefFrame_t	vcall	0x48	4	this:public class TMatrix4_t const & __thiscall RRefFrame_t::GetWorldMatrix(void) const 	10012264	FUN_10012264
DisplaySystem.dll	RDeltaState	new_size	0x16C	0	ctor:public __thiscall RDeltaState::RDeltaState(char const *) 	10012958	FUN_10012958
DisplaySystem.dll	RVisual_t	store	0x1AC	4	this:public void __thiscall RVisual_t::SetRenderPriority(enum RenderList_e) 	10012958	FUN_10012958
DisplaySystem.dll	RVisual_t	store_vptr?	0x0	4	this:public void __thiscall RVisual_t::SetRenderPriority(enum RenderList_e) 	10012958	FUN_10012958
DisplaySystem.dll	RVisual_t	store	0xA4	4	this:public void __thiscall RVisual_t::SetRenderPriority(enum RenderList_e) 	10012958	FUN_10012958
DisplaySystem.dll	RVisual_t	store	0x1B0	4	this:public void __thiscall RVisual_t::SetRenderPriority(enum RenderList_e) 	10012958	FUN_10012958
DisplaySystem.dll	RVisual_t	store	0x1B4	4	this:public void __thiscall RVisual_t::SetRenderPriority(enum RenderList_e) 	10012958	FUN_10012958
DisplaySystem.dll	RVisual_t	store	0x1B8	4	this:public void __thiscall RVisual_t::SetRenderPriority(enum RenderList_e) 	10012958	FUN_10012958
DisplaySystem.dll	RVisual_t	store	0x1BC	4	this:public void __thiscall RVisual_t::SetRenderPriority(enum RenderList_e) 	10012958	FUN_10012958
DisplaySystem.dll	RVisual_t	store	0x1C0	4	this:public void __thiscall RVisual_t::SetRenderPriority(enum RenderList_e) 	10012958	FUN_10012958
DisplaySystem.dll	RVisual_t	store	0x1C4	4	this:public void __thiscall RVisual_t::SetRenderPriority(enum RenderList_e) 	10012958	FUN_10012958
DisplaySystem.dll	RVisual_t	store	0x1C8	4	this:public void __thiscall RVisual_t::SetRenderPriority(enum RenderList_e) 	10012958	FUN_10012958
DisplaySystem.dll	RVisual_t	store	0x1CC	4	this:public void __thiscall RVisual_t::SetRenderPriority(enum RenderList_e) 	10012958	FUN_10012958
DisplaySystem.dll	RVisual_t	store	0x1DAC	4	this:public void __thiscall RVisual_t::SetRenderPriority(enum RenderList_e) 	10012958	FUN_10012958
DisplaySystem.dll	RVisual_t	load	0xB8	4	this:public void __thiscall RVisual_t::SetRenderPriority(enum RenderList_e) 	10012958	FUN_10012958
DisplaySystem.dll	RVisual_t	store	0xB8	4	this:public void __thiscall RVisual_t::SetRenderPriority(enum RenderList_e) 	10012958	FUN_10012958
DisplaySystem.dll	RVisual_t	load	0xB8	4	this:public void __thiscall RVisual_t::SetRenderPriority(enum RenderList_e) 	10012958	FUN_10012958
DisplaySystem.dll	RVisual_t	load	0xB8	4	this:public void __thiscall RVisual_t::SetRenderPriority(enum RenderList_e) 	10012958	FUN_10012958
DisplaySystem.dll	RVisual_t	load	0xB8	4	this:public void __thiscall RVisual_t::SetRenderPriority(enum RenderList_e) 	10012958	FUN_10012958
DisplaySystem.dll	RVisual_t	load	0xB8	4	this:public void __thiscall RVisual_t::SetRenderPriority(enum RenderList_e) 	10012958	FUN_10012958
DisplaySystem.dll	RVisual_t	load	0xB8	4	this:public void __thiscall RVisual_t::SetRenderPriority(enum RenderList_e) 	10012958	FUN_10012958
DisplaySystem.dll	RVisual_t	load	0xB8	4	this:public void __thiscall RVisual_t::SetRenderPriority(enum RenderList_e) 	10012958	FUN_10012958
DisplaySystem.dll	RVisual_t	load	0xB8	4	this:public void __thiscall RVisual_t::SetRenderPriority(enum RenderList_e) 	10012958	FUN_10012958
DisplaySystem.dll	RVisual_t	load	0x17C	4	this:public void __thiscall RVisual_t::SetRenderPriority(enum RenderList_e) 	10012958	FUN_10012958
DisplaySystem.dll	RVisual_t	load	0xB8	4	this:public void __thiscall RVisual_t::SetRenderPriority(enum RenderList_e) 	10012958	FUN_10012958
DisplaySystem.dll	RVisual_t	load	0xB8	4	this:public void __thiscall RVisual_t::SetRenderPriority(enum RenderList_e) 	10012958	FUN_10012958
DisplaySystem.dll	RVisual_t	load	0xB8	4	this:public void __thiscall RVisual_t::SetRenderPriority(enum RenderList_e) 	10012958	FUN_10012958
DisplaySystem.dll	RVisual_t	load	0xB8	4	this:public void __thiscall RVisual_t::SetRenderPriority(enum RenderList_e) 	10012958	FUN_10012958
DisplaySystem.dll	RVisual_t	load	0xB8	4	this:public void __thiscall RVisual_t::SetRenderPriority(enum RenderList_e) 	10012958	FUN_10012958
DisplaySystem.dll	RVisual_t	load	0xB8	4	this:public void __thiscall RVisual_t::SetRenderPriority(enum RenderList_e) 	10012958	FUN_10012958
DisplaySystem.dll	RVisual_t	load	0xB8	4	this:public void __thiscall RVisual_t::SetRenderPriority(enum RenderList_e) 	10012958	FUN_10012958
DisplaySystem.dll	RVisual_t	load	0x190	4	this:public void __thiscall RVisual_t::SetRenderPriority(enum RenderList_e) 	10012958	FUN_10012958
DisplaySystem.dll	RVisual_t	load	0xB8	4	this:public void __thiscall RVisual_t::SetRenderPriority(enum RenderList_e) 	10012958	FUN_10012958
DisplaySystem.dll	RVisual_t	load	0xB8	4	this:public void __thiscall RVisual_t::SetRenderPriority(enum RenderList_e) 	10012958	FUN_10012958
DisplaySystem.dll	RVisual_t	load	0xB8	4	this:public void __thiscall RVisual_t::SetRenderPriority(enum RenderList_e) 	10012958	FUN_10012958
DisplaySystem.dll	RVisual_t	load	0xB8	4	this:public void __thiscall RVisual_t::SetRenderPriority(enum RenderList_e) 	10012958	FUN_10012958
DisplaySystem.dll	RVisual_t	load	0x194	4	this:public void __thiscall RVisual_t::SetRenderPriority(enum RenderList_e) 	10012958	FUN_10012958
DisplaySystem.dll	RVisual_t	load	0xB8	4	this:public void __thiscall RVisual_t::SetRenderPriority(enum RenderList_e) 	10012958	FUN_10012958
DisplaySystem.dll	RVisual_t	load	0xB8	4	this:public void __thiscall RVisual_t::SetRenderPriority(enum RenderList_e) 	10012958	FUN_10012958
DisplaySystem.dll	RVisual_t	load	0xB8	4	this:public void __thiscall RVisual_t::SetRenderPriority(enum RenderList_e) 	10012958	FUN_10012958
DisplaySystem.dll	RRefFrame_t	load_vptr?	0x0	4	this:public class TMatrix4_t const & __thiscall RRefFrame_t::GetWorldMatrix(void) const 	10012b78	FUN_10012b78
DisplaySystem.dll	RRefFrame_t	vcall	0x48	4	this:public class TMatrix4_t const & __thiscall RRefFrame_t::GetWorldMatrix(void) const 	10012b78	FUN_10012b78
DisplaySystem.dll	RRefFrame_t	load	0x178	4	this:public class TMatrix4_t const & __thiscall RRefFrame_t::GetWorldMatrix(void) const 	10012b78	FUN_10012b78
DisplaySystem.dll	RRefFrame_t	load	0x1DAC	4	this:public class TMatrix4_t const & __thiscall RRefFrame_t::GetWorldMatrix(void) const 	10012b78	FUN_10012b78
DisplaySystem.dll	RRefFrame_t	load	0x17C	4	this:public class TMatrix4_t const & __thiscall RRefFrame_t::GetWorldMatrix(void) const 	10012b78	FUN_10012b78
DisplaySystem.dll	RRefFrame_t	load_vptr?	0x0	4	this:public class TMatrix4_t const & __thiscall RRefFrame_t::GetWorldMatrix(void) const 	10012b78	FUN_10012b78
DisplaySystem.dll	RRefFrame_t	vcall	0x40	4	this:public class TMatrix4_t const & __thiscall RRefFrame_t::GetWorldMatrix(void) const 	10012b78	FUN_10012b78
DisplaySystem.dll	RRefFrame_t	load_vptr?	0x0	4	this:public class TMatrix4_t const & __thiscall RRefFrame_t::GetWorldMatrix(void) const 	10012b78	FUN_10012b78
DisplaySystem.dll	RRefFrame_t	vcall	0x44	4	this:public class TMatrix4_t const & __thiscall RRefFrame_t::GetWorldMatrix(void) const 	10012b78	FUN_10012b78
DisplaySystem.dll	RRefFrame_t	load	0x17C	4	this:public class TMatrix4_t const & __thiscall RRefFrame_t::GetWorldMatrix(void) const 	10012b78	FUN_10012b78
DisplaySystem.dll	RRefFrame_t	load	0x184	4	this:public class TMatrix4_t const & __thiscall RRefFrame_t::GetWorldMatrix(void) const 	10012b78	FUN_10012b78
DisplaySystem.dll	RRefFrame_t	load	0x188	4	this:public class TMatrix4_t const & __thiscall RRefFrame_t::GetWorldMatrix(void) const 	10012b78	FUN_10012b78
DisplaySystem.dll	RRefFrame_t	load	0x198	4	this:public class TMatrix4_t const & __thiscall RRefFrame_t::GetWorldMatrix(void) const 	10012b78	FUN_10012b78
DisplaySystem.dll	RRefFrame_t	load	0x1DAC	4	this:public class TMatrix4_t const & __thiscall RRefFrame_t::GetWorldMatrix(void) const 	10012b78	FUN_10012b78
DisplaySystem.dll	RRefFrame_t	load	0x1E0	1	this:public class TMatrix4_t const & __thiscall RRefFrame_t::GetWorldMatrix(void) const 	10012b78	FUN_10012b78
DisplaySystem.dll	RRefFrame_t	load	0x1D8	4	this:public class TMatrix4_t const & __thiscall RRefFrame_t::GetWorldMatrix(void) const 	10012b78	FUN_10012b78
DisplaySystem.dll	RRefFrame_t	addr_passed	0x1AC	0	this:public class TMatrix4_t const & __thiscall RRefFrame_t::GetWorldMatrix(void) const 	10012b78	FUN_10012b78
DisplaySystem.dll	RRefFrame_t	addr_passed	0x1C4	0	this:public class TMatrix4_t const & __thiscall RRefFrame_t::GetWorldMatrix(void) const 	10012b78	FUN_10012b78
DisplaySystem.dll	RRefFrame_t	addr_passed	0x1AC	0	this:public class TMatrix4_t const & __thiscall RRefFrame_t::GetWorldMatrix(void) const 	10012b78	FUN_10012b78
DisplaySystem.dll	RRefFrame_t	addr_passed	0x1AC	0	this:public class TMatrix4_t const & __thiscall RRefFrame_t::GetWorldMatrix(void) const 	10012b78	FUN_10012b78
DisplaySystem.dll	RRefFrame_t	addr_passed	0x1C4	0	this:public class TMatrix4_t const & __thiscall RRefFrame_t::GetWorldMatrix(void) const 	10012b78	FUN_10012b78
DisplaySystem.dll	RRefFrame_t	addr_passed	0x1C4	0	this:public class TMatrix4_t const & __thiscall RRefFrame_t::GetWorldMatrix(void) const 	10012b78	FUN_10012b78
DisplaySystem.dll	RRefFrame_t	load	0x1D4	4	this:public class TMatrix4_t const & __thiscall RRefFrame_t::GetWorldMatrix(void) const 	10012b78	FUN_10012b78
DisplaySystem.dll	RRefFrame_t	load	0x1D4	4	this:public class TMatrix4_t const & __thiscall RRefFrame_t::GetWorldMatrix(void) const 	10012b78	FUN_10012b78
DisplaySystem.dll	RRefFrame_t	load	0x1D4	4	this:public class TMatrix4_t const & __thiscall RRefFrame_t::GetWorldMatrix(void) const 	10012b78	FUN_10012b78
DisplaySystem.dll	RRefFrame_t	load	0x1D4	4	this:public class TMatrix4_t const & __thiscall RRefFrame_t::GetWorldMatrix(void) const 	10012b78	FUN_10012b78
DisplaySystem.dll	RRefFrame_t	load_vptr?	0x0	4	this:public class TMatrix4_t const & __thiscall RRefFrame_t::GetWorldMatrix(void) const 	10012b78	FUN_10012b78
DisplaySystem.dll	RRefFrame_t	vcall	0x48	4	this:public class TMatrix4_t const & __thiscall RRefFrame_t::GetWorldMatrix(void) const 	10012b78	FUN_10012b78
DisplaySystem.dll	RRefFrame_t	load_vptr?	0x0	4	this:public class TMatrix4_t const & __thiscall RRefFrame_t::GetWorldMatrix(void) const 	10012b78	FUN_10012b78
DisplaySystem.dll	RRefFrame_t	vcall	0x48	4	this:public class TMatrix4_t const & __thiscall RRefFrame_t::GetWorldMatrix(void) const 	10012b78	FUN_10012b78
DisplaySystem.dll	RRefFrame_t	load_vptr?	0x0	4	this:public class TMatrix4_t const & __thiscall RRefFrame_t::GetWorldMatrix(void) const 	10012b78	FUN_10012b78
DisplaySystem.dll	RRefFrame_t	vcall	0x48	4	this:public class TMatrix4_t const & __thiscall RRefFrame_t::GetWorldMatrix(void) const 	10012b78	FUN_10012b78
DisplaySystem.dll	RDeltaState	new_size	0x16C	0	ctor:public __thiscall RDeltaState::RDeltaState(char const *) 	1001346e	GfxVisualFlareType0::GfxVisualFlareType0
DisplaySystem.dll	RVisual_t	addr_passed	0x1A8	0	this:public void __thiscall RVisual_t::SetRenderPriority(enum RenderList_e) 	1001346e	GfxVisualFlareType0::GfxVisualFlareType0
DisplaySystem.dll	RVisual_t	store_vptr?	0x0	4	this:public void __thiscall RVisual_t::SetRenderPriority(enum RenderList_e) 	1001346e	GfxVisualFlareType0::GfxVisualFlareType0
DisplaySystem.dll	RVisual_t	store	0xA4	4	this:public void __thiscall RVisual_t::SetRenderPriority(enum RenderList_e) 	1001346e	GfxVisualFlareType0::GfxVisualFlareType0
DisplaySystem.dll	RVisual_t	store	0xB8	4	this:public void __thiscall RVisual_t::SetRenderPriority(enum RenderList_e) 	1001346e	GfxVisualFlareType0::GfxVisualFlareType0
DisplaySystem.dll	RVisual_t	store	0xB8	4	this:public void __thiscall RVisual_t::SetRenderPriority(enum RenderList_e) 	1001346e	GfxVisualFlareType0::GfxVisualFlareType0
DisplaySystem.dll	RVisual_t	load	0xB8	4	this:public void __thiscall RVisual_t::SetRenderPriority(enum RenderList_e) 	1001346e	GfxVisualFlareType0::GfxVisualFlareType0
DisplaySystem.dll	RVisual_t	load	0xB8	4	this:public void __thiscall RVisual_t::SetRenderPriority(enum RenderList_e) 	1001346e	GfxVisualFlareType0::GfxVisualFlareType0
DisplaySystem.dll	RVisual_t	load	0xB8	4	this:public void __thiscall RVisual_t::SetRenderPriority(enum RenderList_e) 	1001346e	GfxVisualFlareType0::GfxVisualFlareType0
DisplaySystem.dll	RVisual_t	load	0xB8	4	this:public void __thiscall RVisual_t::SetRenderPriority(enum RenderList_e) 	1001346e	GfxVisualFlareType0::GfxVisualFlareType0
DisplaySystem.dll	RVisual_t	load	0xB8	4	this:public void __thiscall RVisual_t::SetRenderPriority(enum RenderList_e) 	1001346e	GfxVisualFlareType0::GfxVisualFlareType0
DisplaySystem.dll	RVisual_t	load	0xB8	4	this:public void __thiscall RVisual_t::SetRenderPriority(enum RenderList_e) 	1001346e	GfxVisualFlareType0::GfxVisualFlareType0
DisplaySystem.dll	RVisual_t	load	0x17C	4	this:public void __thiscall RVisual_t::SetRenderPriority(enum RenderList_e) 	1001346e	GfxVisualFlareType0::GfxVisualFlareType0
DisplaySystem.dll	RVisual_t	load	0xB8	4	this:public void __thiscall RVisual_t::SetRenderPriority(enum RenderList_e) 	1001346e	GfxVisualFlareType0::GfxVisualFlareType0
DisplaySystem.dll	RVisual_t	load	0xB8	4	this:public void __thiscall RVisual_t::SetRenderPriority(enum RenderList_e) 	1001346e	GfxVisualFlareType0::GfxVisualFlareType0
DisplaySystem.dll	RVisual_t	load	0xB8	4	this:public void __thiscall RVisual_t::SetRenderPriority(enum RenderList_e) 	1001346e	GfxVisualFlareType0::GfxVisualFlareType0
DisplaySystem.dll	RVisual_t	load	0xB8	4	this:public void __thiscall RVisual_t::SetRenderPriority(enum RenderList_e) 	1001346e	GfxVisualFlareType0::GfxVisualFlareType0
DisplaySystem.dll	RVisual_t	load	0xB8	4	this:public void __thiscall RVisual_t::SetRenderPriority(enum RenderList_e) 	1001346e	GfxVisualFlareType0::GfxVisualFlareType0
DisplaySystem.dll	RVisual_t	load	0xB8	4	this:public void __thiscall RVisual_t::SetRenderPriority(enum RenderList_e) 	1001346e	GfxVisualFlareType0::GfxVisualFlareType0
DisplaySystem.dll	RVisual_t	load	0xB8	4	this:public void __thiscall RVisual_t::SetRenderPriority(enum RenderList_e) 	1001346e	GfxVisualFlareType0::GfxVisualFlareType0
DisplaySystem.dll	RVisual_t	load	0xB8	4	this:public void __thiscall RVisual_t::SetRenderPriority(enum RenderList_e) 	1001346e	GfxVisualFlareType0::GfxVisualFlareType0
DisplaySystem.dll	RVisual_t	load	0xB8	4	this:public void __thiscall RVisual_t::SetRenderPriority(enum RenderList_e) 	1001346e	GfxVisualFlareType0::GfxVisualFlareType0
DisplaySystem.dll	RVisual_t	load	0xB8	4	this:public void __thiscall RVisual_t::SetRenderPriority(enum RenderList_e) 	1001346e	GfxVisualFlareType0::GfxVisualFlareType0
DisplaySystem.dll	RVisual_t	store	0x220	4	this:public void __thiscall RVisual_t::SetRenderPriority(enum RenderList_e) 	1001346e	GfxVisualFlareType0::GfxVisualFlareType0
DisplaySystem.dll	RVisual_t	store	0x224	4	this:public void __thiscall RVisual_t::SetRenderPriority(enum RenderList_e) 	1001346e	GfxVisualFlareType0::GfxVisualFlareType0
DisplaySystem.dll	RRefFrame_t	load_vptr?	0x0	4	this:public class TMatrix4_t const & __thiscall RRefFrame_t::GetWorldMatrix(void) const 	1001364b	FUN_1001364b
DisplaySystem.dll	RRefFrame_t	vcall	0x48	4	this:public class TMatrix4_t const & __thiscall RRefFrame_t::GetWorldMatrix(void) const 	1001364b	FUN_1001364b
DisplaySystem.dll	RRefFrame_t	load_vptr?	0x0	4	this:public class TMatrix4_t const & __thiscall RRefFrame_t::GetWorldMatrix(void) const 	1001364b	FUN_1001364b
DisplaySystem.dll	RRefFrame_t	vcall	0x48	4	this:public class TMatrix4_t const & __thiscall RRefFrame_t::GetWorldMatrix(void) const 	1001364b	FUN_1001364b
DisplaySystem.dll	RRefFrame_t	load	0x178	4	this:public class TMatrix4_t const & __thiscall RRefFrame_t::GetWorldMatrix(void) const 	1001364b	FUN_1001364b
DisplaySystem.dll	RRefFrame_t	load	0x224	4	this:public class TMatrix4_t const & __thiscall RRefFrame_t::GetWorldMatrix(void) const 	1001364b	FUN_1001364b
DisplaySystem.dll	RRefFrame_t	load	0x17C	4	this:public class TMatrix4_t const & __thiscall RRefFrame_t::GetWorldMatrix(void) const 	1001364b	FUN_1001364b
DisplaySystem.dll	RRefFrame_t	load_vptr?	0x0	4	this:public class TMatrix4_t const & __thiscall RRefFrame_t::GetWorldMatrix(void) const 	1001364b	FUN_1001364b
DisplaySystem.dll	RRefFrame_t	vcall	0x40	4	this:public class TMatrix4_t const & __thiscall RRefFrame_t::GetWorldMatrix(void) const 	1001364b	FUN_1001364b
DisplaySystem.dll	RRefFrame_t	load_vptr?	0x0	4	this:public class TMatrix4_t const & __thiscall RRefFrame_t::GetWorldMatrix(void) const 	1001364b	FUN_1001364b
DisplaySystem.dll	RRefFrame_t	vcall	0x44	4	this:public class TMatrix4_t const & __thiscall RRefFrame_t::GetWorldMatrix(void) const 	1001364b	FUN_1001364b
DisplaySystem.dll	RRefFrame_t	load	0x184	4	this:public class TMatrix4_t const & __thiscall RRefFrame_t::GetWorldMatrix(void) const 	1001364b	FUN_1001364b
DisplaySystem.dll	RRefFrame_t	load	0x188	4	this:public class TMatrix4_t const & __thiscall RRefFrame_t::GetWorldMatrix(void) const 	1001364b	FUN_1001364b
DisplaySystem.dll	RRefFrame_t	load	0x21C	4	this:public class TMatrix4_t const & __thiscall RRefFrame_t::GetWorldMatrix(void) const 	1001364b	FUN_1001364b
DisplaySystem.dll	RRefFrame_t	load_vptr?	0x0	4	this:public class TMatrix4_t const & __thiscall RRefFrame_t::GetWorldMatrix(void) const 	1001364b	FUN_1001364b
DisplaySystem.dll	RRefFrame_t	vcall	0x48	4	this:public class TMatrix4_t const & __thiscall RRefFrame_t::GetWorldMatrix(void) const 	1001364b	FUN_1001364b
DisplaySystem.dll	RRefFrame_t	load_vptr?	0x0	4	this:public class TMatrix4_t const & __thiscall RRefFrame_t::GetWorldMatrix(void) const 	1001364b	FUN_1001364b
DisplaySystem.dll	RRefFrame_t	vcall	0x48	4	this:public class TMatrix4_t const & __thiscall RRefFrame_t::GetWorldMatrix(void) const 	1001364b	FUN_1001364b
DisplaySystem.dll	RRefFrame_t	load_vptr?	0x0	4	this:public class TMatrix4_t const & __thiscall RRefFrame_t::GetWorldMatrix(void) const 	100143e1	FUN_100143e1
DisplaySystem.dll	RRefFrame_t	vcall	0x48	4	this:public class TMatrix4_t const & __thiscall RRefFrame_t::GetWorldMatrix(void) const 	100143e1	FUN_100143e1
DisplaySystem.dll	RRefFrame_t	load_vptr?	0x0	4	this:public class TMatrix4_t const & __thiscall RRefFrame_t::GetWorldMatrix(void) const 	100143e1	FUN_100143e1
DisplaySystem.dll	RRefFrame_t	vcall	0x48	4	this:public class TMatrix4_t const & __thiscall RRefFrame_t::GetWorldMatrix(void) const 	100143e1	FUN_100143e1
DisplaySystem.dll	RRefFrame_t	load	0x178	4	this:public class TMatrix4_t const & __thiscall RRefFrame_t::GetWorldMatrix(void) const 	100143e1	FUN_100143e1
DisplaySystem.dll	RRefFrame_t	load	0x228	4	this:public class TMatrix4_t const & __thiscall RRefFrame_t::GetWorldMatrix(void) const 	100143e1	FUN_100143e1
DisplaySystem.dll	RRefFrame_t	load	0x17C	4	this:public class TMatrix4_t const & __thiscall RRefFrame_t::GetWorldMatrix(void) const 	100143e1	FUN_100143e1
DisplaySystem.dll	RRefFrame_t	load_vptr?	0x0	4	this:public class TMatrix4_t const & __thiscall RRefFrame_t::GetWorldMatrix(void) const 	100143e1	FUN_100143e1
DisplaySystem.dll	RRefFrame_t	vcall	0x40	4	this:public class TMatrix4_t const & __thiscall RRefFrame_t::GetWorldMatrix(void) const 	100143e1	FUN_100143e1
DisplaySystem.dll	RRefFrame_t	load_vptr?	0x0	4	this:public class TMatrix4_t const & __thiscall RRefFrame_t::GetWorldMatrix(void) const 	100143e1	FUN_100143e1
DisplaySystem.dll	RRefFrame_t	vcall	0x44	4	this:public class TMatrix4_t const & __thiscall RRefFrame_t::GetWorldMatrix(void) const 	100143e1	FUN_100143e1
DisplaySystem.dll	RRefFrame_t	load	0x21C	4	this:public class TMatrix4_t const & __thiscall RRefFrame_t::GetWorldMatrix(void) const 	100143e1	FUN_100143e1
DisplaySystem.dll	RRefFrame_t	load	0x188	4	this:public class TMatrix4_t const & __thiscall RRefFrame_t::GetWorldMatrix(void) const 	100143e1	FUN_100143e1
DisplaySystem.dll	RRefFrame_t	load	0x220	4	this:public class TMatrix4_t const & __thiscall RRefFrame_t::GetWorldMatrix(void) const 	100143e1	FUN_100143e1
DisplaySystem.dll	RRefFrame_t	load_vptr?	0x0	4	this:public class TMatrix4_t const & __thiscall RRefFrame_t::GetWorldMatrix(void) const 	100143e1	FUN_100143e1
DisplaySystem.dll	RRefFrame_t	vcall	0x48	4	this:public class TMatrix4_t const & __thiscall RRefFrame_t::GetWorldMatrix(void) const 	100143e1	FUN_100143e1
DisplaySystem.dll	RRefFrame_t	load_vptr?	0x0	4	this:public class TMatrix4_t const & __thiscall RRefFrame_t::GetWorldMatrix(void) const 	100143e1	FUN_100143e1
DisplaySystem.dll	RRefFrame_t	vcall	0x48	4	this:public class TMatrix4_t const & __thiscall RRefFrame_t::GetWorldMatrix(void) const 	100143e1	FUN_100143e1
DisplaySystem.dll	RRefFrame_t	load_vptr?	0x0	4	this:public class TMatrix4_t const & __thiscall RRefFrame_t::GetWorldMatrix(void) const 	10014f8a	FUN_10014f8a
DisplaySystem.dll	RRefFrame_t	vcall	0x48	4	this:public class TMatrix4_t const & __thiscall RRefFrame_t::GetWorldMatrix(void) const 	10014f8a	FUN_10014f8a
DisplaySystem.dll	RRefFrame_t	load	0x178	4	this:public class TMatrix4_t const & __thiscall RRefFrame_t::GetWorldMatrix(void) const 	10014f8a	FUN_10014f8a
DisplaySystem.dll	RRefFrame_t	load	0x228	4	this:public class TMatrix4_t const & __thiscall RRefFrame_t::GetWorldMatrix(void) const 	10014f8a	FUN_10014f8a
DisplaySystem.dll	RRefFrame_t	load	0x17C	4	this:public class TMatrix4_t const & __thiscall RRefFrame_t::GetWorldMatrix(void) const 	10014f8a	FUN_10014f8a
DisplaySystem.dll	RRefFrame_t	load_vptr?	0x0	4	this:public class TMatrix4_t const & __thiscall RRefFrame_t::GetWorldMatrix(void) const 	10014f8a	FUN_10014f8a
DisplaySystem.dll	RRefFrame_t	vcall	0x40	4	this:public class TMatrix4_t const & __thiscall RRefFrame_t::GetWorldMatrix(void) const 	10014f8a	FUN_10014f8a
DisplaySystem.dll	RRefFrame_t	load_vptr?	0x0	4	this:public class TMatrix4_t const & __thiscall RRefFrame_t::GetWorldMatrix(void) const 	10014f8a	FUN_10014f8a
DisplaySystem.dll	RRefFrame_t	vcall	0x44	4	this:public class TMatrix4_t const & __thiscall RRefFrame_t::GetWorldMatrix(void) const 	10014f8a	FUN_10014f8a
DisplaySystem.dll	RRefFrame_t	load	0x220	4	this:public class TMatrix4_t const & __thiscall RRefFrame_t::GetWorldMatrix(void) const 	10014f8a	FUN_10014f8a
DisplaySystem.dll	RRefFrame_t	load_vptr?	0x0	4	this:public class TMatrix4_t const & __thiscall RRefFrame_t::GetWorldMatrix(void) const 	10014f8a	FUN_10014f8a
DisplaySystem.dll	RRefFrame_t	vcall	0x48	4	this:public class TMatrix4_t const & __thiscall RRefFrame_t::GetWorldMatrix(void) const 	10014f8a	FUN_10014f8a
DisplaySystem.dll	RRefFrame_t	load_vptr?	0x0	4	this:public class TMatrix4_t const & __thiscall RRefFrame_t::GetWorldMatrix(void) const 	10014f8a	FUN_10014f8a
DisplaySystem.dll	RRefFrame_t	vcall	0x48	4	this:public class TMatrix4_t const & __thiscall RRefFrame_t::GetWorldMatrix(void) const 	10014f8a	FUN_10014f8a
DisplaySystem.dll	RViewPort_t	load	0xC	4	this:public void __thiscall RViewPort_t::SetMaterial(class RMaterial_t const *) 	10015f21	GfxVisualForceSword_t::Render
DisplaySystem.dll	RDeltaState	new_size	0x16C	0	ctor:public __thiscall RDeltaState::RDeltaState(char const *) 	10016961	FUN_10016961
DisplaySystem.dll	RVisual_t	load	0xB8	4	this:public void __thiscall RVisual_t::SetRenderPriority(enum RenderList_e) 	10016961	FUN_10016961
DisplaySystem.dll	RVisual_t	store	0xB8	4	this:public void __thiscall RVisual_t::SetRenderPriority(enum RenderList_e) 	10016961	FUN_10016961
DisplaySystem.dll	RVisual_t	load	0xB8	4	this:public void __thiscall RVisual_t::SetRenderPriority(enum RenderList_e) 	10016961	FUN_10016961
DisplaySystem.dll	RVisual_t	load	0xB8	4	this:public void __thiscall RVisual_t::SetRenderPriority(enum RenderList_e) 	10016961	FUN_10016961
DisplaySystem.dll	RVisual_t	load	0xB8	4	this:public void __thiscall RVisual_t::SetRenderPriority(enum RenderList_e) 	10016961	FUN_10016961
DisplaySystem.dll	RVisual_t	load	0xB8	4	this:public void __thiscall RVisual_t::SetRenderPriority(enum RenderList_e) 	10016961	FUN_10016961
DisplaySystem.dll	RVisual_t	load	0xB8	4	this:public void __thiscall RVisual_t::SetRenderPriority(enum RenderList_e) 	10016961	FUN_10016961
DisplaySystem.dll	RVisual_t	load	0xB8	4	this:public void __thiscall RVisual_t::SetRenderPriority(enum RenderList_e) 	10016961	FUN_10016961
DisplaySystem.dll	RVisual_t	load	0x17C	4	this:public void __thiscall RVisual_t::SetRenderPriority(enum RenderList_e) 	10016961	FUN_10016961
DisplaySystem.dll	RVisual_t	load	0xB8	4	this:public void __thiscall RVisual_t::SetRenderPriority(enum RenderList_e) 	10016961	FUN_10016961
DisplaySystem.dll	RVisual_t	load	0xB8	4	this:public void __thiscall RVisual_t::SetRenderPriority(enum RenderList_e) 	10016961	FUN_10016961
DisplaySystem.dll	RVisual_t	load	0xB8	4	this:public void __thiscall RVisual_t::SetRenderPriority(enum RenderList_e) 	10016961	FUN_10016961
DisplaySystem.dll	RVisual_t	load	0xB8	4	this:public void __thiscall RVisual_t::SetRenderPriority(enum RenderList_e) 	10016961	FUN_10016961
DisplaySystem.dll	RVisual_t	load	0xB8	4	this:public void __thiscall RVisual_t::SetRenderPriority(enum RenderList_e) 	10016961	FUN_10016961
DisplaySystem.dll	RVisual_t	load	0xB8	4	this:public void __thiscall RVisual_t::SetRenderPriority(enum RenderList_e) 	10016961	FUN_10016961
DisplaySystem.dll	RVisual_t	load	0xB8	4	this:public void __thiscall RVisual_t::SetRenderPriority(enum RenderList_e) 	10016961	FUN_10016961
DisplaySystem.dll	RVisual_t	load	0xB8	4	this:public void __thiscall RVisual_t::SetRenderPriority(enum RenderList_e) 	10016961	FUN_10016961
DisplaySystem.dll	RVisual_t	load	0xB8	4	this:public void __thiscall RVisual_t::SetRenderPriority(enum RenderList_e) 	10016961	FUN_10016961
DisplaySystem.dll	RVisual_t	load	0xB8	4	this:public void __thiscall RVisual_t::SetRenderPriority(enum RenderList_e) 	10016961	FUN_10016961
DisplaySystem.dll	RVisual_t	load	0xB8	4	this:public void __thiscall RVisual_t::SetRenderPriority(enum RenderList_e) 	10016961	FUN_10016961
DisplaySystem.dll	RVisual_t	load	0xB8	4	this:public void __thiscall RVisual_t::SetRenderPriority(enum RenderList_e) 	10016961	FUN_10016961
DisplaySystem.dll	RVisual_t	load	0x190	4	this:public void __thiscall RVisual_t::SetRenderPriority(enum RenderList_e) 	10016961	FUN_10016961
DisplaySystem.dll	RVisual_t	load	0xB8	4	this:public void __thiscall RVisual_t::SetRenderPriority(enum RenderList_e) 	10016961	FUN_10016961
DisplaySystem.dll	RVisual_t	load	0xB8	4	this:public void __thiscall RVisual_t::SetRenderPriority(enum RenderList_e) 	10016961	FUN_10016961
DisplaySystem.dll	RVisual_t	load	0xB8	4	this:public void __thiscall RVisual_t::SetRenderPriority(enum RenderList_e) 	10016961	FUN_10016961
DisplaySystem.dll	RVisual_t	load	0xB8	4	this:public void __thiscall RVisual_t::SetRenderPriority(enum RenderList_e) 	10016961	FUN_10016961
DisplaySystem.dll	RVisual_t	load	0x1A8	1	this:public void __thiscall RVisual_t::SetRenderPriority(enum RenderList_e) 	10016961	FUN_10016961
DisplaySystem.dll	RVisual_t	load	0xB8	4	this:public void __thiscall RVisual_t::SetRenderPriority(enum RenderList_e) 	10016961	FUN_10016961
DisplaySystem.dll	RVisual_t	load	0x194	4	this:public void __thiscall RVisual_t::SetRenderPriority(enum RenderList_e) 	10016961	FUN_10016961
DisplaySystem.dll	RVisual_t	load	0xB8	4	this:public void __thiscall RVisual_t::SetRenderPriority(enum RenderList_e) 	10016961	FUN_10016961
DisplaySystem.dll	RVisual_t	load	0xB8	4	this:public void __thiscall RVisual_t::SetRenderPriority(enum RenderList_e) 	10016961	FUN_10016961
DisplaySystem.dll	RVisual_t	load	0xB8	4	this:public void __thiscall RVisual_t::SetRenderPriority(enum RenderList_e) 	10016961	FUN_10016961
DisplaySystem.dll	RVisual_t	load	0x1C0	4	this:public void __thiscall RVisual_t::SetRenderPriority(enum RenderList_e) 	10016961	FUN_10016961
DisplaySystem.dll	RVisual_t	load	0xB8	4	this:public void __thiscall RVisual_t::SetRenderPriority(enum RenderList_e) 	10016961	FUN_10016961
DisplaySystem.dll	RVisual_t	load	0xB8	4	this:public void __thiscall RVisual_t::SetRenderPriority(enum RenderList_e) 	10016961	FUN_10016961
DisplaySystem.dll	RVisual_t	load	0xB8	4	this:public void __thiscall RVisual_t::SetRenderPriority(enum RenderList_e) 	10016961	FUN_10016961
DisplaySystem.dll	RRefFrame_t	load	0x178	4	this:public class TMatrix4_t const & __thiscall RRefFrame_t::GetWorldMatrix(void) const 	10016b9e	FUN_10016b9e
DisplaySystem.dll	RRefFrame_t	load	0x1B4	4	this:public class TMatrix4_t const & __thiscall RRefFrame_t::GetWorldMatrix(void) const 	10016b9e	FUN_10016b9e
DisplaySystem.dll	RRefFrame_t	load	0x17C	4	this:public class TMatrix4_t const & __thiscall RRefFrame_t::GetWorldMatrix(void) const 	10016b9e	FUN_10016b9e
DisplaySystem.dll	RRefFrame_t	load_vptr?	0x0	4	this:public class TMatrix4_t const & __thiscall RRefFrame_t::GetWorldMatrix(void) const 	10016b9e	FUN_10016b9e
DisplaySystem.dll	RRefFrame_t	vcall	0x40	4	this:public class TMatrix4_t const & __thiscall RRefFrame_t::GetWorldMatrix(void) const 	10016b9e	FUN_10016b9e
DisplaySystem.dll	RRefFrame_t	load_vptr?	0x0	4	this:public class TMatrix4_t const & __thiscall RRefFrame_t::GetWorldMatrix(void) const 	10016b9e	FUN_10016b9e
DisplaySystem.dll	RRefFrame_t	vcall	0x44	4	this:public class TMatrix4_t const & __thiscall RRefFrame_t::GetWorldMatrix(void) const 	10016b9e	FUN_10016b9e
DisplaySystem.dll	RRefFrame_t	load	0x1AC	4	this:public class TMatrix4_t const & __thiscall RRefFrame_t::GetWorldMatrix(void) const 	10016b9e	FUN_10016b9e
DisplaySystem.dll	RRefFrame_t	load	0x1AC	4	this:public class TMatrix4_t const & __thiscall RRefFrame_t::GetWorldMatrix(void) const 	10016b9e	FUN_10016b9e
DisplaySystem.dll	RRefFrame_t	load	0x1B0	4	this:public class TMatrix4_t const & __thiscall RRefFrame_t::GetWorldMatrix(void) const 	10016b9e	FUN_10016b9e
DisplaySystem.dll	RRefFrame_t	load	0x1AC	4	this:public class TMatrix4_t const & __thiscall RRefFrame_t::GetWorldMatrix(void) const 	10016b9e	FUN_10016b9e
DisplaySystem.dll	RRefFrame_t	load_vptr?	0x0	4	this:public class TMatrix4_t const & __thiscall RRefFrame_t::GetWorldMatrix(void) const 	10016b9e	FUN_10016b9e
DisplaySystem.dll	RRefFrame_t	vcall	0x48	4	this:public class TMatrix4_t const & __thiscall RRefFrame_t::GetWorldMatrix(void) const 	10016b9e	FUN_10016b9e
DisplaySystem.dll	RDeltaState	new_size	0x16C	0	ctor:public __thiscall RDeltaState::RDeltaState(char const *) 	10017051	FUN_10017051
DisplaySystem.dll	RVisual_t	load	0xB8	4	this:public void __thiscall RVisual_t::SetRenderPriority(enum RenderList_e) 	10017051	FUN_10017051
DisplaySystem.dll	RVisual_t	store	0xB8	4	this:public void __thiscall RVisual_t::SetRenderPriority(enum RenderList_e) 	10017051	FUN_10017051
DisplaySystem.dll	RVisual_t	load	0xB8	4	this:public void __thiscall RVisual_t::SetRenderPriority(enum RenderList_e) 	10017051	FUN_10017051
DisplaySystem.dll	RVisual_t	load	0xB8	4	this:public void __thiscall RVisual_t::SetRenderPriority(enum RenderList_e) 	10017051	FUN_10017051
DisplaySystem.dll	RVisual_t	load	0xB8	4	this:public void __thiscall RVisual_t::SetRenderPriority(enum RenderList_e) 	10017051	FUN_10017051
DisplaySystem.dll	RVisual_t	load	0xB8	4	this:public void __thiscall RVisual_t::SetRenderPriority(enum RenderList_e) 	10017051	FUN_10017051
DisplaySystem.dll	RVisual_t	load	0xB8	4	this:public void __thiscall RVisual_t::SetRenderPriority(enum RenderList_e) 	10017051	FUN_10017051
DisplaySystem.dll	RVisual_t	load	0xB8	4	this:public void __thiscall RVisual_t::SetRenderPriority(enum RenderList_e) 	10017051	FUN_10017051
DisplaySystem.dll	RVisual_t	load	0xB8	4	this:public void __thiscall RVisual_t::SetRenderPriority(enum RenderList_e) 	10017051	FUN_10017051
DisplaySystem.dll	RVisual_t	load	0x17C	4	this:public void __thiscall RVisual_t::SetRenderPriority(enum RenderList_e) 	10017051	FUN_10017051
DisplaySystem.dll	RVisual_t	load	0xB8	4	this:public void __thiscall RVisual_t::SetRenderPriority(enum RenderList_e) 	10017051	FUN_10017051
DisplaySystem.dll	RVisual_t	load	0xB8	4	this:public void __thiscall RVisual_t::SetRenderPriority(enum RenderList_e) 	10017051	FUN_10017051
DisplaySystem.dll	RVisual_t	load	0xB8	4	this:public void __thiscall RVisual_t::SetRenderPriority(enum RenderList_e) 	10017051	FUN_10017051
DisplaySystem.dll	RVisual_t	load	0xB8	4	this:public void __thiscall RVisual_t::SetRenderPriority(enum RenderList_e) 	10017051	FUN_10017051
DisplaySystem.dll	RVisual_t	load	0xB8	4	this:public void __thiscall RVisual_t::SetRenderPriority(enum RenderList_e) 	10017051	FUN_10017051
DisplaySystem.dll	RVisual_t	load	0xB8	4	this:public void __thiscall RVisual_t::SetRenderPriority(enum RenderList_e) 	10017051	FUN_10017051
DisplaySystem.dll	RVisual_t	load	0xB8	4	this:public void __thiscall RVisual_t::SetRenderPriority(enum RenderList_e) 	10017051	FUN_10017051
DisplaySystem.dll	RVisual_t	load	0x190	4	this:public void __thiscall RVisual_t::SetRenderPriority(enum RenderList_e) 	10017051	FUN_10017051
DisplaySystem.dll	RVisual_t	load	0xB8	4	this:public void __thiscall RVisual_t::SetRenderPriority(enum RenderList_e) 	10017051	FUN_10017051
DisplaySystem.dll	RVisual_t	load	0xB8	4	this:public void __thiscall RVisual_t::SetRenderPriority(enum RenderList_e) 	10017051	FUN_10017051
DisplaySystem.dll	RVisual_t	load	0xB8	4	this:public void __thiscall RVisual_t::SetRenderPriority(enum RenderList_e) 	10017051	FUN_10017051
DisplaySystem.dll	RVisual_t	load	0xB8	4	this:public void __thiscall RVisual_t::SetRenderPriority(enum RenderList_e) 	10017051	FUN_10017051
DisplaySystem.dll	RVisual_t	load	0x1B5	1	this:public void __thiscall RVisual_t::SetRenderPriority(enum RenderList_e) 	10017051	FUN_10017051
DisplaySystem.dll	RVisual_t	load	0xB8	4	this:public void __thiscall RVisual_t::SetRenderPriority(enum RenderList_e) 	10017051	FUN_10017051
DisplaySystem.dll	RVisual_t	load	0x194	4	this:public void __thiscall RVisual_t::SetRenderPriority(enum RenderList_e) 	10017051	FUN_10017051
DisplaySystem.dll	RVisual_t	load	0xB8	4	this:public void __thiscall RVisual_t::SetRenderPriority(enum RenderList_e) 	10017051	FUN_10017051
DisplaySystem.dll	RVisual_t	load	0xB8	4	this:public void __thiscall RVisual_t::SetRenderPriority(enum RenderList_e) 	10017051	FUN_10017051
DisplaySystem.dll	RVisual_t	load	0xB8	4	this:public void __thiscall RVisual_t::SetRenderPriority(enum RenderList_e) 	10017051	FUN_10017051
DisplaySystem.dll	RRefFrame_t	load	0x178	4	this:public class TMatrix4_t const & __thiscall RRefFrame_t::GetWorldMatrix(void) const 	10017223	FUN_10017223
DisplaySystem.dll	RRefFrame_t	load	0x1BC	4	this:public class TMatrix4_t const & __thiscall RRefFrame_t::GetWorldMatrix(void) const 	10017223	FUN_10017223
DisplaySystem.dll	RRefFrame_t	load	0x17C	4	this:public class TMatrix4_t const & __thiscall RRefFrame_t::GetWorldMatrix(void) const 	10017223	FUN_10017223
DisplaySystem.dll	RRefFrame_t	load_vptr?	0x0	4	this:public class TMatrix4_t const & __thiscall RRefFrame_t::GetWorldMatrix(void) const 	10017223	FUN_10017223
DisplaySystem.dll	RRefFrame_t	vcall	0x40	4	this:public class TMatrix4_t const & __thiscall RRefFrame_t::GetWorldMatrix(void) const 	10017223	FUN_10017223
DisplaySystem.dll	RRefFrame_t	load_vptr?	0x0	4	this:public class TMatrix4_t const & __thiscall RRefFrame_t::GetWorldMatrix(void) const 	10017223	FUN_10017223
DisplaySystem.dll	RRefFrame_t	vcall	0x44	4	this:public class TMatrix4_t const & __thiscall RRefFrame_t::GetWorldMatrix(void) const 	10017223	FUN_10017223
DisplaySystem.dll	RRefFrame_t	load	0x1BC	4	this:public class TMatrix4_t const & __thiscall RRefFrame_t::GetWorldMatrix(void) const 	10017223	FUN_10017223
DisplaySystem.dll	RRefFrame_t	load	0x1B8	4	this:public class TMatrix4_t const & __thiscall RRefFrame_t::GetWorldMatrix(void) const 	10017223	FUN_10017223
DisplaySystem.dll	RRefFrame_t	load_vptr?	0x0	4	this:public class TMatrix4_t const & __thiscall RRefFrame_t::GetWorldMatrix(void) const 	10017223	FUN_10017223
DisplaySystem.dll	RRefFrame_t	vcall	0x48	4	this:public class TMatrix4_t const & __thiscall RRefFrame_t::GetWorldMatrix(void) const 	10017223	FUN_10017223
DisplaySystem.dll	RDeltaState	new_size	0x16C	0	ctor:public __thiscall RDeltaState::RDeltaState(char const *) 	1001819f	FUN_1001819f
DisplaySystem.dll	RVisual_t	store_vptr?	0x0	4	this:public void __thiscall RVisual_t::SetRenderPriority(enum RenderList_e) 	1001819f	FUN_1001819f
DisplaySystem.dll	RVisual_t	store	0xA4	4	this:public void __thiscall RVisual_t::SetRenderPriority(enum RenderList_e) 	1001819f	FUN_1001819f
DisplaySystem.dll	RVisual_t	load	0xB8	4	this:public void __thiscall RVisual_t::SetRenderPriority(enum RenderList_e) 	1001819f	FUN_1001819f
DisplaySystem.dll	RVisual_t	store	0xB8	4	this:public void __thiscall RVisual_t::SetRenderPriority(enum RenderList_e) 	1001819f	FUN_1001819f
DisplaySystem.dll	RVisual_t	load	0xB8	4	this:public void __thiscall RVisual_t::SetRenderPriority(enum RenderList_e) 	1001819f	FUN_1001819f
DisplaySystem.dll	RVisual_t	load	0xB8	4	this:public void __thiscall RVisual_t::SetRenderPriority(enum RenderList_e) 	1001819f	FUN_1001819f
DisplaySystem.dll	RVisual_t	load	0xB8	4	this:public void __thiscall RVisual_t::SetRenderPriority(enum RenderList_e) 	1001819f	FUN_1001819f
DisplaySystem.dll	RVisual_t	load	0xB8	4	this:public void __thiscall RVisual_t::SetRenderPriority(enum RenderList_e) 	1001819f	FUN_1001819f
DisplaySystem.dll	RVisual_t	load	0xB8	4	this:public void __thiscall RVisual_t::SetRenderPriority(enum RenderList_e) 	1001819f	FUN_1001819f
DisplaySystem.dll	RVisual_t	load	0xB8	4	this:public void __thiscall RVisual_t::SetRenderPriority(enum RenderList_e) 	1001819f	FUN_1001819f
DisplaySystem.dll	RVisual_t	load	0xB8	4	this:public void __thiscall RVisual_t::SetRenderPriority(enum RenderList_e) 	1001819f	FUN_1001819f
DisplaySystem.dll	RVisual_t	load	0xB8	4	this:public void __thiscall RVisual_t::SetRenderPriority(enum RenderList_e) 	1001819f	FUN_1001819f
DisplaySystem.dll	RVisual_t	load	0xB8	4	this:public void __thiscall RVisual_t::SetRenderPriority(enum RenderList_e) 	1001819f	FUN_1001819f
DisplaySystem.dll	RVisual_t	load	0x17C	4	this:public void __thiscall RVisual_t::SetRenderPriority(enum RenderList_e) 	1001819f	FUN_1001819f
DisplaySystem.dll	RVisual_t	load	0xB8	4	this:public void __thiscall RVisual_t::SetRenderPriority(enum RenderList_e) 	1001819f	FUN_1001819f
DisplaySystem.dll	RVisual_t	load	0xB8	4	this:public void __thiscall RVisual_t::SetRenderPriority(enum RenderList_e) 	1001819f	FUN_1001819f
DisplaySystem.dll	RVisual_t	load	0xB8	4	this:public void __thiscall RVisual_t::SetRenderPriority(enum RenderList_e) 	1001819f	FUN_1001819f
DisplaySystem.dll	RVisual_t	load	0xB8	4	this:public void __thiscall RVisual_t::SetRenderPriority(enum RenderList_e) 	1001819f	FUN_1001819f
DisplaySystem.dll	RVisual_t	load	0xB8	4	this:public void __thiscall RVisual_t::SetRenderPriority(enum RenderList_e) 	1001819f	FUN_1001819f
DisplaySystem.dll	RVisual_t	load	0xB8	4	this:public void __thiscall RVisual_t::SetRenderPriority(enum RenderList_e) 	1001819f	FUN_1001819f
DisplaySystem.dll	RVisual_t	load	0x190	4	this:public void __thiscall RVisual_t::SetRenderPriority(enum RenderList_e) 	1001819f	FUN_1001819f
DisplaySystem.dll	RVisual_t	load	0xB8	4	this:public void __thiscall RVisual_t::SetRenderPriority(enum RenderList_e) 	1001819f	FUN_1001819f
DisplaySystem.dll	RVisual_t	load	0xB8	4	this:public void __thiscall RVisual_t::SetRenderPriority(enum RenderList_e) 	1001819f	FUN_1001819f
DisplaySystem.dll	RVisual_t	load	0xB8	4	this:public void __thiscall RVisual_t::SetRenderPriority(enum RenderList_e) 	1001819f	FUN_1001819f
DisplaySystem.dll	RVisual_t	load	0xB8	4	this:public void __thiscall RVisual_t::SetRenderPriority(enum RenderList_e) 	1001819f	FUN_1001819f
DisplaySystem.dll	RVisual_t	load	0x194	4	this:public void __thiscall RVisual_t::SetRenderPriority(enum RenderList_e) 	1001819f	FUN_1001819f
DisplaySystem.dll	RVisual_t	load	0xB8	4	this:public void __thiscall RVisual_t::SetRenderPriority(enum RenderList_e) 	1001819f	FUN_1001819f
DisplaySystem.dll	RVisual_t	load	0xB8	4	this:public void __thiscall RVisual_t::SetRenderPriority(enum RenderList_e) 	1001819f	FUN_1001819f
DisplaySystem.dll	RVisual_t	load	0xB8	4	this:public void __thiscall RVisual_t::SetRenderPriority(enum RenderList_e) 	1001819f	FUN_1001819f
DisplaySystem.dll	RVisual_t	store	0x1C8	4	this:public void __thiscall RVisual_t::SetRenderPriority(enum RenderList_e) 	1001819f	FUN_1001819f
DisplaySystem.dll	RVisual_t	store	0x1D4	4	this:public void __thiscall RVisual_t::SetRenderPriority(enum RenderList_e) 	1001819f	FUN_1001819f
DisplaySystem.dll	RVisual_t	store	0x1CC	4	this:public void __thiscall RVisual_t::SetRenderPriority(enum RenderList_e) 	1001819f	FUN_1001819f
DisplaySystem.dll	RVisual_t	store	0x1D8	4	this:public void __thiscall RVisual_t::SetRenderPriority(enum RenderList_e) 	1001819f	FUN_1001819f
DisplaySystem.dll	RVisual_t	store	0x1D0	4	this:public void __thiscall RVisual_t::SetRenderPriority(enum RenderList_e) 	1001819f	FUN_1001819f
DisplaySystem.dll	RVisual_t	store	0x1DC	4	this:public void __thiscall RVisual_t::SetRenderPriority(enum RenderList_e) 	1001819f	FUN_1001819f
DisplaySystem.dll	RVisual_t	store	0x1E8	4	this:public void __thiscall RVisual_t::SetRenderPriority(enum RenderList_e) 	1001819f	FUN_1001819f
DisplaySystem.dll	RVisual_t	store	0x1EC	4	this:public void __thiscall RVisual_t::SetRenderPriority(enum RenderList_e) 	1001819f	FUN_1001819f
DisplaySystem.dll	RVisual_t	store	0x1F0	4	this:public void __thiscall RVisual_t::SetRenderPriority(enum RenderList_e) 	1001819f	FUN_1001819f
DisplaySystem.dll	RVisual_t	store	0x1F4	4	this:public void __thiscall RVisual_t::SetRenderPriority(enum RenderList_e) 	1001819f	FUN_1001819f
DisplaySystem.dll	RVisual_t	store	0x1F8	4	this:public void __thiscall RVisual_t::SetRenderPriority(enum RenderList_e) 	1001819f	FUN_1001819f
DisplaySystem.dll	RVisual_t	store	0x1FC	4	this:public void __thiscall RVisual_t::SetRenderPriority(enum RenderList_e) 	1001819f	FUN_1001819f
DisplaySystem.dll	RRefFrame_t	load	0x178	4	this:public class TMatrix4_t const & __thiscall RRefFrame_t::GetWorldMatrix(void) const 	10018404	FUN_10018404
DisplaySystem.dll	RRefFrame_t	load	0x17C	4	this:public class TMatrix4_t const & __thiscall RRefFrame_t::GetWorldMatrix(void) const 	10018404	FUN_10018404
DisplaySystem.dll	RRefFrame_t	load_vptr?	0x0	4	this:public class TMatrix4_t const & __thiscall RRefFrame_t::GetWorldMatrix(void) const 	10018404	FUN_10018404
DisplaySystem.dll	RRefFrame_t	vcall	0x40	4	this:public class TMatrix4_t const & __thiscall RRefFrame_t::GetWorldMatrix(void) const 	10018404	FUN_10018404
DisplaySystem.dll	RRefFrame_t	load_vptr?	0x0	4	this:public class TMatrix4_t const & __thiscall RRefFrame_t::GetWorldMatrix(void) const 	10018404	FUN_10018404
DisplaySystem.dll	RRefFrame_t	vcall	0x44	4	this:public class TMatrix4_t const & __thiscall RRefFrame_t::GetWorldMatrix(void) const 	10018404	FUN_10018404
DisplaySystem.dll	RRefFrame_t	load_vptr?	0x0	4	this:public class TMatrix4_t const & __thiscall RRefFrame_t::GetWorldMatrix(void) const 	10018404	FUN_10018404
DisplaySystem.dll	RRefFrame_t	vcall	0x48	4	this:public class TMatrix4_t const & __thiscall RRefFrame_t::GetWorldMatrix(void) const 	10018404	FUN_10018404
DisplaySystem.dll	RTriMesh_t	store	0x1C0	4	this:public __thiscall RTriMesh_t::RTriMesh_t(class RTriMeshData_t const *,class RRefFrame_t *,class RAnimation_t *) 	100184a3	FUN_100184a3
DisplaySystem.dll	RTriMesh_t	store	0x1C4	4	this:public __thiscall RTriMesh_t::RTriMesh_t(class RTriMeshData_t const *,class RRefFrame_t *,class RAnimation_t *) 	100184a3	FUN_100184a3
DisplaySystem.dll	RTriMesh_t	store	0x1C8	4	this:public __thiscall RTriMesh_t::RTriMesh_t(class RTriMeshData_t const *,class RRefFrame_t *,class RAnimation_t *) 	100184a3	FUN_100184a3
DisplaySystem.dll	RTriMesh_t	store	0x1CC	4	this:public __thiscall RTriMesh_t::RTriMesh_t(class RTriMeshData_t const *,class RRefFrame_t *,class RAnimation_t *) 	100184a3	FUN_100184a3
DisplaySystem.dll	RTriMesh_t	store	0x1D0	4	this:public __thiscall RTriMesh_t::RTriMesh_t(class RTriMeshData_t const *,class RRefFrame_t *,class RAnimation_t *) 	100184a3	FUN_100184a3
DisplaySystem.dll	RTriMesh_t	store	0x1D4	4	this:public __thiscall RTriMesh_t::RTriMesh_t(class RTriMeshData_t const *,class RRefFrame_t *,class RAnimation_t *) 	100184a3	FUN_100184a3
DisplaySystem.dll	RTriMesh_t	store_vptr?	0x0	4	this:public __thiscall RTriMesh_t::RTriMesh_t(class RTriMeshData_t const *,class RRefFrame_t *,class RAnimation_t *) 	100184a3	FUN_100184a3
DisplaySystem.dll	RTriMesh_t	store	0xA4	4	this:public __thiscall RTriMesh_t::RTriMesh_t(class RTriMeshData_t const *,class RRefFrame_t *,class RAnimation_t *) 	100184a3	FUN_100184a3
DisplaySystem.dll	RTriMesh_t	store	0x1D8	1	this:public __thiscall RTriMesh_t::RTriMesh_t(class RTriMeshData_t const *,class RRefFrame_t *,class RAnimation_t *) 	100184a3	FUN_100184a3
DisplaySystem.dll	RTriMesh_t	store	0x1D9	1	this:public __thiscall RTriMesh_t::RTriMesh_t(class RTriMeshData_t const *,class RRefFrame_t *,class RAnimation_t *) 	100184a3	FUN_100184a3
DisplaySystem.dll	RTriMesh_t	store	0x1E0	4	this:public __thiscall RTriMesh_t::RTriMesh_t(class RTriMeshData_t const *,class RRefFrame_t *,class RAnimation_t *) 	100184a3	FUN_100184a3
DisplaySystem.dll	RTriMesh_t	store	0x1E4	4	this:public __thiscall RTriMesh_t::RTriMesh_t(class RTriMeshData_t const *,class RRefFrame_t *,class RAnimation_t *) 	100184a3	FUN_100184a3
DisplaySystem.dll	RTriMesh_t	store	0x1E8	4	this:public __thiscall RTriMesh_t::RTriMesh_t(class RTriMeshData_t const *,class RRefFrame_t *,class RAnimation_t *) 	100184a3	FUN_100184a3
DisplaySystem.dll	RTriMesh_t	store	0x1EC	4	this:public __thiscall RTriMesh_t::RTriMesh_t(class RTriMeshData_t const *,class RRefFrame_t *,class RAnimation_t *) 	100184a3	FUN_100184a3
DisplaySystem.dll	RTriMesh_t	addr_passed	0x1F8	0	this:public __thiscall RTriMesh_t::RTriMesh_t(class RTriMeshData_t const *,class RRefFrame_t *,class RAnimation_t *) 	100184a3	FUN_100184a3
DisplaySystem.dll	RTriMesh_t	store	0x1F0	1	this:public __thiscall RTriMesh_t::RTriMesh_t(class RTriMeshData_t const *,class RRefFrame_t *,class RAnimation_t *) 	100184a3	FUN_100184a3
DisplaySystem.dll	RTriMesh_t	addr_passed	0x27C	0	this:public __thiscall RTriMesh_t::RTriMesh_t(class RTriMeshData_t const *,class RRefFrame_t *,class RAnimation_t *) 	100184a3	FUN_100184a3
DisplaySystem.dll	RTriMesh_t	store	0x30C	4	this:public __thiscall RTriMesh_t::RTriMesh_t(class RTriMeshData_t const *,class RRefFrame_t *,class RAnimation_t *) 	100184a3	FUN_100184a3
DisplaySystem.dll	RTriMesh_t	addr_passed	0x1E0	0	this:public __thiscall RTriMesh_t::RTriMesh_t(class RTriMeshData_t const *,class RRefFrame_t *,class RAnimation_t *) 	100184a3	FUN_100184a3
DisplaySystem.dll	RTriMesh_t	store	0x1F4	4	this:public __thiscall RTriMesh_t::RTriMesh_t(class RTriMeshData_t const *,class RRefFrame_t *,class RAnimation_t *) 	100184a3	FUN_100184a3
DisplaySystem.dll	RDeltaState	new_size	0x16C	0	ctor:public __thiscall RDeltaState::RDeltaState(char const *) 	10018733	FUN_10018733
DisplaySystem.dll	RVisual_t	store_vptr?	0x0	4	this:public void __thiscall RVisual_t::SetRenderPriority(enum RenderList_e) 	10018733	FUN_10018733
DisplaySystem.dll	RVisual_t	store	0xA4	4	this:public void __thiscall RVisual_t::SetRenderPriority(enum RenderList_e) 	10018733	FUN_10018733
DisplaySystem.dll	RVisual_t	store	0x1A8	4	this:public void __thiscall RVisual_t::SetRenderPriority(enum RenderList_e) 	10018733	FUN_10018733
DisplaySystem.dll	RVisual_t	load	0xB8	4	this:public void __thiscall RVisual_t::SetRenderPriority(enum RenderList_e) 	10018733	FUN_10018733
DisplaySystem.dll	RVisual_t	store	0xB8	4	this:public void __thiscall RVisual_t::SetRenderPriority(enum RenderList_e) 	10018733	FUN_10018733
DisplaySystem.dll	RVisual_t	load	0xB8	4	this:public void __thiscall RVisual_t::SetRenderPriority(enum RenderList_e) 	10018733	FUN_10018733
DisplaySystem.dll	RVisual_t	load	0xB8	4	this:public void __thiscall RVisual_t::SetRenderPriority(enum RenderList_e) 	10018733	FUN_10018733
DisplaySystem.dll	RVisual_t	load	0xB8	4	this:public void __thiscall RVisual_t::SetRenderPriority(enum RenderList_e) 	10018733	FUN_10018733
DisplaySystem.dll	RVisual_t	load	0xB8	4	this:public void __thiscall RVisual_t::SetRenderPriority(enum RenderList_e) 	10018733	FUN_10018733
DisplaySystem.dll	RVisual_t	load	0xB8	4	this:public void __thiscall RVisual_t::SetRenderPriority(enum RenderList_e) 	10018733	FUN_10018733
DisplaySystem.dll	RVisual_t	load	0xB8	4	this:public void __thiscall RVisual_t::SetRenderPriority(enum RenderList_e) 	10018733	FUN_10018733
DisplaySystem.dll	RVisual_t	load	0xB8	4	this:public void __thiscall RVisual_t::SetRenderPriority(enum RenderList_e) 	10018733	FUN_10018733
DisplaySystem.dll	RVisual_t	load	0xB8	4	this:public void __thiscall RVisual_t::SetRenderPriority(enum RenderList_e) 	10018733	FUN_10018733
DisplaySystem.dll	RVisual_t	load	0x17C	4	this:public void __thiscall RVisual_t::SetRenderPriority(enum RenderList_e) 	10018733	FUN_10018733
DisplaySystem.dll	RVisual_t	load	0xB8	4	this:public void __thiscall RVisual_t::SetRenderPriority(enum RenderList_e) 	10018733	FUN_10018733
DisplaySystem.dll	RVisual_t	load	0xB8	4	this:public void __thiscall RVisual_t::SetRenderPriority(enum RenderList_e) 	10018733	FUN_10018733
DisplaySystem.dll	RVisual_t	load	0xB8	4	this:public void __thiscall RVisual_t::SetRenderPriority(enum RenderList_e) 	10018733	FUN_10018733
DisplaySystem.dll	RVisual_t	load	0xB8	4	this:public void __thiscall RVisual_t::SetRenderPriority(enum RenderList_e) 	10018733	FUN_10018733
DisplaySystem.dll	RVisual_t	load	0xB8	4	this:public void __thiscall RVisual_t::SetRenderPriority(enum RenderList_e) 	10018733	FUN_10018733
DisplaySystem.dll	RVisual_t	load	0xB8	4	this:public void __thiscall RVisual_t::SetRenderPriority(enum RenderList_e) 	10018733	FUN_10018733
DisplaySystem.dll	RVisual_t	load	0xB8	4	this:public void __thiscall RVisual_t::SetRenderPriority(enum RenderList_e) 	10018733	FUN_10018733
DisplaySystem.dll	RVisual_t	load	0x190	4	this:public void __thiscall RVisual_t::SetRenderPriority(enum RenderList_e) 	10018733	FUN_10018733
DisplaySystem.dll	RVisual_t	load	0xB8	4	this:public void __thiscall RVisual_t::SetRenderPriority(enum RenderList_e) 	10018733	FUN_10018733
DisplaySystem.dll	RVisual_t	load	0xB8	4	this:public void __thiscall RVisual_t::SetRenderPriority(enum RenderList_e) 	10018733	FUN_10018733
DisplaySystem.dll	RVisual_t	load	0xB8	4	this:public void __thiscall RVisual_t::SetRenderPriority(enum RenderList_e) 	10018733	FUN_10018733
DisplaySystem.dll	RVisual_t	load	0xB8	4	this:public void __thiscall RVisual_t::SetRenderPriority(enum RenderList_e) 	10018733	FUN_10018733
DisplaySystem.dll	RVisual_t	load	0x194	4	this:public void __thiscall RVisual_t::SetRenderPriority(enum RenderList_e) 	10018733	FUN_10018733
DisplaySystem.dll	RVisual_t	load	0xB8	4	this:public void __thiscall RVisual_t::SetRenderPriority(enum RenderList_e) 	10018733	FUN_10018733
DisplaySystem.dll	RVisual_t	load	0xB8	4	this:public void __thiscall RVisual_t::SetRenderPriority(enum RenderList_e) 	10018733	FUN_10018733
DisplaySystem.dll	RVisual_t	load	0xB8	4	this:public void __thiscall RVisual_t::SetRenderPriority(enum RenderList_e) 	10018733	FUN_10018733
DisplaySystem.dll	RVisual_t	store_vptr?	0x0	4	this:public void __thiscall RVisual_t::SetRenderPriority(enum RenderList_e) 	10018934	FUN_10018934
DisplaySystem.dll	RVisual_t	store	0xA4	4	this:public void __thiscall RVisual_t::SetRenderPriority(enum RenderList_e) 	10018934	FUN_10018934
DisplaySystem.dll	RVisual_t	store	0x1A8	4	this:public void __thiscall RVisual_t::SetRenderPriority(enum RenderList_e) 	10018934	FUN_10018934
DisplaySystem.dll	RVisual_t	store	0xB8	4	this:public void __thiscall RVisual_t::SetRenderPriority(enum RenderList_e) 	10018934	FUN_10018934
DisplaySystem.dll	RTriMesh_t	store_vptr?	0x0	4	this:public virtual __thiscall RTriMesh_t::~RTriMesh_t(void) 	100189b2	FUN_100189b2
DisplaySystem.dll	RTriMesh_t	store	0xA4	4	this:public virtual __thiscall RTriMesh_t::~RTriMesh_t(void) 	100189b2	FUN_100189b2
DisplaySystem.dll	RTriMesh_t	load	0x30C	4	this:public virtual __thiscall RTriMesh_t::~RTriMesh_t(void) 	100189b2	FUN_100189b2
DisplaySystem.dll	RTriMesh_t	load	0x30C	4	this:public virtual __thiscall RTriMesh_t::~RTriMesh_t(void) 	100189b2	FUN_100189b2
DisplaySystem.dll	RTriMesh_t	load	0x30C	4	this:public virtual __thiscall RTriMesh_t::~RTriMesh_t(void) 	100189b2	FUN_100189b2
DisplaySystem.dll	RTriMesh_t	store	0x30C	4	this:public virtual __thiscall RTriMesh_t::~RTriMesh_t(void) 	100189b2	FUN_100189b2
DisplaySystem.dll	RTriMesh_t	load	0x1CC	4	this:public virtual __thiscall RTriMesh_t::~RTriMesh_t(void) 	100189b2	FUN_100189b2
DisplaySystem.dll	RTriMesh_t	store	0x1CC	4	this:public virtual __thiscall RTriMesh_t::~RTriMesh_t(void) 	100189b2	FUN_100189b2
DisplaySystem.dll	RTriMesh_t	load	0x1D0	4	this:public virtual __thiscall RTriMesh_t::~RTriMesh_t(void) 	100189b2	FUN_100189b2
DisplaySystem.dll	RTriMesh_t	store	0x1D0	4	this:public virtual __thiscall RTriMesh_t::~RTriMesh_t(void) 	100189b2	FUN_100189b2
DisplaySystem.dll	RTriMesh_t	load	0x1F4	4	this:public virtual __thiscall RTriMesh_t::~RTriMesh_t(void) 	100189b2	FUN_100189b2
DisplaySystem.dll	RTriMesh_t	store	0x1F4	4	this:public virtual __thiscall RTriMesh_t::~RTriMesh_t(void) 	100189b2	FUN_100189b2
DisplaySystem.dll	RTriMesh_t	addr_passed	0x27C	0	this:public virtual __thiscall RTriMesh_t::~RTriMesh_t(void) 	100189b2	FUN_100189b2
DisplaySystem.dll	RTriMesh_t	addr_passed	0x1F8	0	this:public virtual __thiscall RTriMesh_t::~RTriMesh_t(void) 	100189b2	FUN_100189b2
DisplaySystem.dll	RVisual_t	store_vptr?	0x0	4	this:public void __thiscall RVisual_t::SetRenderPriority(enum RenderList_e) 	10018ac3	FUN_10018ac3
DisplaySystem.dll	RVisual_t	store	0xA4	4	this:public void __thiscall RVisual_t::SetRenderPriority(enum RenderList_e) 	10018ac3	FUN_10018ac3
DisplaySystem.dll	RVisual_t	store	0x308	4	this:public void __thiscall RVisual_t::SetRenderPriority(enum RenderList_e) 	10018ac3	FUN_10018ac3
DisplaySystem.dll	RVisual_t	store	0x300	4	this:public void __thiscall RVisual_t::SetRenderPriority(enum RenderList_e) 	10018ac3	FUN_10018ac3
DisplaySystem.dll	RVisual_t	load_vptr?	0x0	4	this:public void __thiscall RVisual_t::SetRenderPriority(enum RenderList_e) 	10018ac3	FUN_10018ac3
DisplaySystem.dll	RVisual_t	vcall	0x68	4	this:public void __thiscall RVisual_t::SetRenderPriority(enum RenderList_e) 	10018ac3	FUN_10018ac3
DisplaySystem.dll	RDeltaState	new_size	0x16C	0	ctor:public __thiscall RDeltaState::RDeltaState(char const *) 	10018c08	GfxVisualNano2::GfxVisualNano2
DisplaySystem.dll	RVisual_t	store_vptr?	0x0	4	this:public void __thiscall RVisual_t::SetRenderPriority(enum RenderList_e) 	10018c08	GfxVisualNano2::GfxVisualNano2
DisplaySystem.dll	RVisual_t	store	0xA4	4	this:public void __thiscall RVisual_t::SetRenderPriority(enum RenderList_e) 	10018c08	GfxVisualNano2::GfxVisualNano2
DisplaySystem.dll	RVisual_t	addr_passed	0x1A8	0	this:public void __thiscall RVisual_t::SetRenderPriority(enum RenderList_e) 	10018c08	GfxVisualNano2::GfxVisualNano2
DisplaySystem.dll	RVisual_t	store	0x1AAC	4	this:public void __thiscall RVisual_t::SetRenderPriority(enum RenderList_e) 	10018c08	GfxVisualNano2::GfxVisualNano2
DisplaySystem.dll	RVisual_t	store	0x1AB0	4	this:public void __thiscall RVisual_t::SetRenderPriority(enum RenderList_e) 	10018c08	GfxVisualNano2::GfxVisualNano2
DisplaySystem.dll	RVisual_t	store	0x1AB4	4	this:public void __thiscall RVisual_t::SetRenderPriority(enum RenderList_e) 	10018c08	GfxVisualNano2::GfxVisualNano2
DisplaySystem.dll	RVisual_t	store	0xB8	4	this:public void __thiscall RVisual_t::SetRenderPriority(enum RenderList_e) 	10018c08	GfxVisualNano2::GfxVisualNano2
DisplaySystem.dll	RVisual_t	store	0xB8	4	this:public void __thiscall RVisual_t::SetRenderPriority(enum RenderList_e) 	10018c08	GfxVisualNano2::GfxVisualNano2
DisplaySystem.dll	RVisual_t	load	0xB8	4	this:public void __thiscall RVisual_t::SetRenderPriority(enum RenderList_e) 	10018c08	GfxVisualNano2::GfxVisualNano2
DisplaySystem.dll	RVisual_t	load	0xB8	4	this:public void __thiscall RVisual_t::SetRenderPriority(enum RenderList_e) 	10018c08	GfxVisualNano2::GfxVisualNano2
DisplaySystem.dll	RVisual_t	load	0xB8	4	this:public void __thiscall RVisual_t::SetRenderPriority(enum RenderList_e) 	10018c08	GfxVisualNano2::GfxVisualNano2
DisplaySystem.dll	RVisual_t	load	0xB8	4	this:public void __thiscall RVisual_t::SetRenderPriority(enum RenderList_e) 	10018c08	GfxVisualNano2::GfxVisualNano2
DisplaySystem.dll	RVisual_t	load	0xB8	4	this:public void __thiscall RVisual_t::SetRenderPriority(enum RenderList_e) 	10018c08	GfxVisualNano2::GfxVisualNano2
DisplaySystem.dll	RVisual_t	load	0xB8	4	this:public void __thiscall RVisual_t::SetRenderPriority(enum RenderList_e) 	10018c08	GfxVisualNano2::GfxVisualNano2
DisplaySystem.dll	RVisual_t	load	0x17C	4	this:public void __thiscall RVisual_t::SetRenderPriority(enum RenderList_e) 	10018c08	GfxVisualNano2::GfxVisualNano2
DisplaySystem.dll	RVisual_t	load	0xB8	4	this:public void __thiscall RVisual_t::SetRenderPriority(enum RenderList_e) 	10018c08	GfxVisualNano2::GfxVisualNano2
DisplaySystem.dll	RVisual_t	load	0xB8	4	this:public void __thiscall RVisual_t::SetRenderPriority(enum RenderList_e) 	10018c08	GfxVisualNano2::GfxVisualNano2
DisplaySystem.dll	RVisual_t	load	0xB8	4	this:public void __thiscall RVisual_t::SetRenderPriority(enum RenderList_e) 	10018c08	GfxVisualNano2::GfxVisualNano2
DisplaySystem.dll	RVisual_t	load	0xB8	4	this:public void __thiscall RVisual_t::SetRenderPriority(enum RenderList_e) 	10018c08	GfxVisualNano2::GfxVisualNano2
DisplaySystem.dll	RVisual_t	load	0xB8	4	this:public void __thiscall RVisual_t::SetRenderPriority(enum RenderList_e) 	10018c08	GfxVisualNano2::GfxVisualNano2
DisplaySystem.dll	RVisual_t	load	0xB8	4	this:public void __thiscall RVisual_t::SetRenderPriority(enum RenderList_e) 	10018c08	GfxVisualNano2::GfxVisualNano2
DisplaySystem.dll	RVisual_t	load	0xB8	4	this:public void __thiscall RVisual_t::SetRenderPriority(enum RenderList_e) 	10018c08	GfxVisualNano2::GfxVisualNano2
DisplaySystem.dll	RVisual_t	load	0xB8	4	this:public void __thiscall RVisual_t::SetRenderPriority(enum RenderList_e) 	10018c08	GfxVisualNano2::GfxVisualNano2
DisplaySystem.dll	RVisual_t	load	0xB8	4	this:public void __thiscall RVisual_t::SetRenderPriority(enum RenderList_e) 	10018c08	GfxVisualNano2::GfxVisualNano2
DisplaySystem.dll	RVisual_t	load	0xB8	4	this:public void __thiscall RVisual_t::SetRenderPriority(enum RenderList_e) 	10018c08	GfxVisualNano2::GfxVisualNano2
DisplaySystem.dll	RVisual_t	store	0x1AA8	4	this:public void __thiscall RVisual_t::SetRenderPriority(enum RenderList_e) 	10018c08	GfxVisualNano2::GfxVisualNano2
DisplaySystem.dll	RRefFrame_t	load	0x178	4	this:public class TMatrix4_t const & __thiscall RRefFrame_t::GetWorldMatrix(void) const 	10018de7	FUN_10018de7
DisplaySystem.dll	RRefFrame_t	load	0x1AA8	4	this:public class TMatrix4_t const & __thiscall RRefFrame_t::GetWorldMatrix(void) const 	10018de7	FUN_10018de7
DisplaySystem.dll	RRefFrame_t	load	0x17C	4	this:public class TMatrix4_t const & __thiscall RRefFrame_t::GetWorldMatrix(void) const 	10018de7	FUN_10018de7
DisplaySystem.dll	RRefFrame_t	load_vptr?	0x0	4	this:public class TMatrix4_t const & __thiscall RRefFrame_t::GetWorldMatrix(void) const 	10018de7	FUN_10018de7
DisplaySystem.dll	RRefFrame_t	vcall	0x40	4	this:public class TMatrix4_t const & __thiscall RRefFrame_t::GetWorldMatrix(void) const 	10018de7	FUN_10018de7
DisplaySystem.dll	RRefFrame_t	load_vptr?	0x0	4	this:public class TMatrix4_t const & __thiscall RRefFrame_t::GetWorldMatrix(void) const 	10018de7	FUN_10018de7
DisplaySystem.dll	RRefFrame_t	vcall	0x44	4	this:public class TMatrix4_t const & __thiscall RRefFrame_t::GetWorldMatrix(void) const 	10018de7	FUN_10018de7
DisplaySystem.dll	RRefFrame_t	load	0x184	4	this:public class TMatrix4_t const & __thiscall RRefFrame_t::GetWorldMatrix(void) const 	10018de7	FUN_10018de7
DisplaySystem.dll	RRefFrame_t	load	0x188	4	this:public class TMatrix4_t const & __thiscall RRefFrame_t::GetWorldMatrix(void) const 	10018de7	FUN_10018de7
DisplaySystem.dll	RRefFrame_t	load	0x1AA8	4	this:public class TMatrix4_t const & __thiscall RRefFrame_t::GetWorldMatrix(void) const 	10018de7	FUN_10018de7
DisplaySystem.dll	RRefFrame_t	load_vptr?	0x0	4	this:public class TMatrix4_t const & __thiscall RRefFrame_t::GetWorldMatrix(void) const 	10018de7	FUN_10018de7
DisplaySystem.dll	RRefFrame_t	vcall	0x48	4	this:public class TMatrix4_t const & __thiscall RRefFrame_t::GetWorldMatrix(void) const 	10018de7	FUN_10018de7
DisplaySystem.dll	RDeltaState	new_size	0x16C	0	ctor:public __thiscall RDeltaState::RDeltaState(char const *) 	1001b8f7	GfxVisualPlasma::GfxVisualPlasma
DisplaySystem.dll	RVisual_t	store_vptr?	0x0	4	this:public void __thiscall RVisual_t::SetRenderPriority(enum RenderList_e) 	1001b8f7	GfxVisualPlasma::GfxVisualPlasma
DisplaySystem.dll	RVisual_t	store	0xA4	4	this:public void __thiscall RVisual_t::SetRenderPriority(enum RenderList_e) 	1001b8f7	GfxVisualPlasma::GfxVisualPlasma
DisplaySystem.dll	RVisual_t	store	0x1C8	4	this:public void __thiscall RVisual_t::SetRenderPriority(enum RenderList_e) 	1001b8f7	GfxVisualPlasma::GfxVisualPlasma
DisplaySystem.dll	RVisual_t	store	0x1CC	4	this:public void __thiscall RVisual_t::SetRenderPriority(enum RenderList_e) 	1001b8f7	GfxVisualPlasma::GfxVisualPlasma
DisplaySystem.dll	RVisual_t	store	0x1F0	4	this:public void __thiscall RVisual_t::SetRenderPriority(enum RenderList_e) 	1001b8f7	GfxVisualPlasma::GfxVisualPlasma
DisplaySystem.dll	RVisual_t	load	0x1F0	4	this:public void __thiscall RVisual_t::SetRenderPriority(enum RenderList_e) 	1001b8f7	GfxVisualPlasma::GfxVisualPlasma
DisplaySystem.dll	RVisual_t	store	0x1F0	4	this:public void __thiscall RVisual_t::SetRenderPriority(enum RenderList_e) 	1001b8f7	GfxVisualPlasma::GfxVisualPlasma
DisplaySystem.dll	RVisual_t	store	0x1D0	4	this:public void __thiscall RVisual_t::SetRenderPriority(enum RenderList_e) 	1001b8f7	GfxVisualPlasma::GfxVisualPlasma
DisplaySystem.dll	RVisual_t	store	0x1A8	4	this:public void __thiscall RVisual_t::SetRenderPriority(enum RenderList_e) 	1001b8f7	GfxVisualPlasma::GfxVisualPlasma
DisplaySystem.dll	RVisual_t	store	0x1BC	4	this:public void __thiscall RVisual_t::SetRenderPriority(enum RenderList_e) 	1001b8f7	GfxVisualPlasma::GfxVisualPlasma
DisplaySystem.dll	RVisual_t	store	0x1AC	4	this:public void __thiscall RVisual_t::SetRenderPriority(enum RenderList_e) 	1001b8f7	GfxVisualPlasma::GfxVisualPlasma
DisplaySystem.dll	RVisual_t	store	0x1B0	4	this:public void __thiscall RVisual_t::SetRenderPriority(enum RenderList_e) 	1001b8f7	GfxVisualPlasma::GfxVisualPlasma
DisplaySystem.dll	RVisual_t	store	0x1B4	4	this:public void __thiscall RVisual_t::SetRenderPriority(enum RenderList_e) 	1001b8f7	GfxVisualPlasma::GfxVisualPlasma
DisplaySystem.dll	RVisual_t	store	0x1B8	4	this:public void __thiscall RVisual_t::SetRenderPriority(enum RenderList_e) 	1001b8f7	GfxVisualPlasma::GfxVisualPlasma
DisplaySystem.dll	RVisual_t	store	0x1C0	4	this:public void __thiscall RVisual_t::SetRenderPriority(enum RenderList_e) 	1001b8f7	GfxVisualPlasma::GfxVisualPlasma
DisplaySystem.dll	RVisual_t	store	0x1C4	4	this:public void __thiscall RVisual_t::SetRenderPriority(enum RenderList_e) 	1001b8f7	GfxVisualPlasma::GfxVisualPlasma
DisplaySystem.dll	RVisual_t	store	0x1D8	4	this:public void __thiscall RVisual_t::SetRenderPriority(enum RenderList_e) 	1001b8f7	GfxVisualPlasma::GfxVisualPlasma
DisplaySystem.dll	RVisual_t	store	0x1DC	4	this:public void __thiscall RVisual_t::SetRenderPriority(enum RenderList_e) 	1001b8f7	GfxVisualPlasma::GfxVisualPlasma
DisplaySystem.dll	RVisual_t	store	0x1E0	4	this:public void __thiscall RVisual_t::SetRenderPriority(enum RenderList_e) 	1001b8f7	GfxVisualPlasma::GfxVisualPlasma
DisplaySystem.dll	RVisual_t	store	0x200	4	this:public void __thiscall RVisual_t::SetRenderPriority(enum RenderList_e) 	1001b8f7	GfxVisualPlasma::GfxVisualPlasma
DisplaySystem.dll	RVisual_t	store	0x210	4	this:public void __thiscall RVisual_t::SetRenderPriority(enum RenderList_e) 	1001b8f7	GfxVisualPlasma::GfxVisualPlasma
DisplaySystem.dll	RVisual_t	store	0x214	4	this:public void __thiscall RVisual_t::SetRenderPriority(enum RenderList_e) 	1001b8f7	GfxVisualPlasma::GfxVisualPlasma
DisplaySystem.dll	RVisual_t	store	0x1E4	4	this:public void __thiscall RVisual_t::SetRenderPriority(enum RenderList_e) 	1001b8f7	GfxVisualPlasma::GfxVisualPlasma
DisplaySystem.dll	RVisual_t	store	0x1F4	4	this:public void __thiscall RVisual_t::SetRenderPriority(enum RenderList_e) 	1001b8f7	GfxVisualPlasma::GfxVisualPlasma
DisplaySystem.dll	RVisual_t	store	0x204	4	this:public void __thiscall RVisual_t::SetRenderPriority(enum RenderList_e) 	1001b8f7	GfxVisualPlasma::GfxVisualPlasma
DisplaySystem.dll	RVisual_t	store	0x1E8	4	this:public void __thiscall RVisual_t::SetRenderPriority(enum RenderList_e) 	1001b8f7	GfxVisualPlasma::GfxVisualPlasma
DisplaySystem.dll	RVisual_t	store	0x1F8	4	this:public void __thiscall RVisual_t::SetRenderPriority(enum RenderList_e) 	1001b8f7	GfxVisualPlasma::GfxVisualPlasma
DisplaySystem.dll	RVisual_t	store	0x208	4	this:public void __thiscall RVisual_t::SetRenderPriority(enum RenderList_e) 	1001b8f7	GfxVisualPlasma::GfxVisualPlasma
DisplaySystem.dll	RVisual_t	store	0x218	4	this:public void __thiscall RVisual_t::SetRenderPriority(enum RenderList_e) 	1001b8f7	GfxVisualPlasma::GfxVisualPlasma
DisplaySystem.dll	RVisual_t	store	0x1EC	4	this:public void __thiscall RVisual_t::SetRenderPriority(enum RenderList_e) 	1001b8f7	GfxVisualPlasma::GfxVisualPlasma
DisplaySystem.dll	RVisual_t	store	0x1FC	4	this:public void __thiscall RVisual_t::SetRenderPriority(enum RenderList_e) 	1001b8f7	GfxVisualPlasma::GfxVisualPlasma
DisplaySystem.dll	RVisual_t	store	0x20C	4	this:public void __thiscall RVisual_t::SetRenderPriority(enum RenderList_e) 	1001b8f7	GfxVisualPlasma::GfxVisualPlasma
DisplaySystem.dll	RVisual_t	store	0x21C	4	this:public void __thiscall RVisual_t::SetRenderPriority(enum RenderList_e) 	1001b8f7	GfxVisualPlasma::GfxVisualPlasma
DisplaySystem.dll	RVisual_t	load	0x1BC	4	this:public void __thiscall RVisual_t::SetRenderPriority(enum RenderList_e) 	1001b8f7	GfxVisualPlasma::GfxVisualPlasma
DisplaySystem.dll	RVisual_t	store	0x220	4	this:public void __thiscall RVisual_t::SetRenderPriority(enum RenderList_e) 	1001b8f7	GfxVisualPlasma::GfxVisualPlasma
DisplaySystem.dll	RVisual_t	store	0x224	4	this:public void __thiscall RVisual_t::SetRenderPriority(enum RenderList_e) 	1001b8f7	GfxVisualPlasma::GfxVisualPlasma
DisplaySystem.dll	RVisual_t	load	0xB8	4	this:public void __thiscall RVisual_t::SetRenderPriority(enum RenderList_e) 	1001b8f7	GfxVisualPlasma::GfxVisualPlasma
DisplaySystem.dll	RVisual_t	store	0xB8	4	this:public void __thiscall RVisual_t::SetRenderPriority(enum RenderList_e) 	1001b8f7	GfxVisualPlasma::GfxVisualPlasma
DisplaySystem.dll	RVisual_t	load	0xB8	4	this:public void __thiscall RVisual_t::SetRenderPriority(enum RenderList_e) 	1001b8f7	GfxVisualPlasma::GfxVisualPlasma
DisplaySystem.dll	RVisual_t	load	0xB8	4	this:public void __thiscall RVisual_t::SetRenderPriority(enum RenderList_e) 	1001b8f7	GfxVisualPlasma::GfxVisualPlasma
DisplaySystem.dll	RVisual_t	load	0xB8	4	this:public void __thiscall RVisual_t::SetRenderPriority(enum RenderList_e) 	1001b8f7	GfxVisualPlasma::GfxVisualPlasma
DisplaySystem.dll	RVisual_t	load	0xB8	4	this:public void __thiscall RVisual_t::SetRenderPriority(enum RenderList_e) 	1001b8f7	GfxVisualPlasma::GfxVisualPlasma
DisplaySystem.dll	RVisual_t	load	0xB8	4	this:public void __thiscall RVisual_t::SetRenderPriority(enum RenderList_e) 	1001b8f7	GfxVisualPlasma::GfxVisualPlasma
DisplaySystem.dll	RVisual_t	load	0xB8	4	this:public void __thiscall RVisual_t::SetRenderPriority(enum RenderList_e) 	1001b8f7	GfxVisualPlasma::GfxVisualPlasma
DisplaySystem.dll	RVisual_t	load	0xB8	4	this:public void __thiscall RVisual_t::SetRenderPriority(enum RenderList_e) 	1001b8f7	GfxVisualPlasma::GfxVisualPlasma
DisplaySystem.dll	RVisual_t	load	0xB8	4	this:public void __thiscall RVisual_t::SetRenderPriority(enum RenderList_e) 	1001b8f7	GfxVisualPlasma::GfxVisualPlasma
DisplaySystem.dll	RVisual_t	load	0xB8	4	this:public void __thiscall RVisual_t::SetRenderPriority(enum RenderList_e) 	1001b8f7	GfxVisualPlasma::GfxVisualPlasma
DisplaySystem.dll	RVisual_t	load	0xB8	4	this:public void __thiscall RVisual_t::SetRenderPriority(enum RenderList_e) 	1001b8f7	GfxVisualPlasma::GfxVisualPlasma
DisplaySystem.dll	RVisual_t	load	0xB8	4	this:public void __thiscall RVisual_t::SetRenderPriority(enum RenderList_e) 	1001b8f7	GfxVisualPlasma::GfxVisualPlasma
DisplaySystem.dll	RVisual_t	load	0xB8	4	this:public void __thiscall RVisual_t::SetRenderPriority(enum RenderList_e) 	1001b8f7	GfxVisualPlasma::GfxVisualPlasma
DisplaySystem.dll	RVisual_t	load	0xB8	4	this:public void __thiscall RVisual_t::SetRenderPriority(enum RenderList_e) 	1001b8f7	GfxVisualPlasma::GfxVisualPlasma
DisplaySystem.dll	RVisual_t	load	0xB8	4	this:public void __thiscall RVisual_t::SetRenderPriority(enum RenderList_e) 	1001b8f7	GfxVisualPlasma::GfxVisualPlasma
DisplaySystem.dll	RVisual_t	load	0xB8	4	this:public void __thiscall RVisual_t::SetRenderPriority(enum RenderList_e) 	1001b8f7	GfxVisualPlasma::GfxVisualPlasma
DisplaySystem.dll	RRefFrame_t	load	0x178	4	this:public class TMatrix4_t const & __thiscall RRefFrame_t::GetWorldMatrix(void) const 	1001bbf2	FUN_1001bbf2
DisplaySystem.dll	RRefFrame_t	load	0x1BC	4	this:public class TMatrix4_t const & __thiscall RRefFrame_t::GetWorldMatrix(void) const 	1001bbf2	FUN_1001bbf2
DisplaySystem.dll	RRefFrame_t	addr_passed	0x1C8	0	this:public class TMatrix4_t const & __thiscall RRefFrame_t::GetWorldMatrix(void) const 	1001bbf2	FUN_1001bbf2
DisplaySystem.dll	RRefFrame_t	load	0x17C	4	this:public class TMatrix4_t const & __thiscall RRefFrame_t::GetWorldMatrix(void) const 	1001bbf2	FUN_1001bbf2
DisplaySystem.dll	RRefFrame_t	load	0x198	4	this:public class TMatrix4_t const & __thiscall RRefFrame_t::GetWorldMatrix(void) const 	1001bbf2	FUN_1001bbf2
DisplaySystem.dll	RRefFrame_t	load	0x1BC	4	this:public class TMatrix4_t const & __thiscall RRefFrame_t::GetWorldMatrix(void) const 	1001bbf2	FUN_1001bbf2
DisplaySystem.dll	RRefFrame_t	load	0x200	4	this:public class TMatrix4_t const & __thiscall RRefFrame_t::GetWorldMatrix(void) const 	1001bbf2	FUN_1001bbf2
DisplaySystem.dll	RRefFrame_t	load	0x1F0	4	this:public class TMatrix4_t const & __thiscall RRefFrame_t::GetWorldMatrix(void) const 	1001bbf2	FUN_1001bbf2
DisplaySystem.dll	RRefFrame_t	load	0x210	4	this:public class TMatrix4_t const & __thiscall RRefFrame_t::GetWorldMatrix(void) const 	1001bbf2	FUN_1001bbf2
DisplaySystem.dll	RRefFrame_t	load	0x1E0	4	this:public class TMatrix4_t const & __thiscall RRefFrame_t::GetWorldMatrix(void) const 	1001bbf2	FUN_1001bbf2
DisplaySystem.dll	RRefFrame_t	load	0x1D4	4	this:public class TMatrix4_t const & __thiscall RRefFrame_t::GetWorldMatrix(void) const 	1001bbf2	FUN_1001bbf2
DisplaySystem.dll	RRefFrame_t	load	0x220	4	this:public class TMatrix4_t const & __thiscall RRefFrame_t::GetWorldMatrix(void) const 	1001bbf2	FUN_1001bbf2
DisplaySystem.dll	RRefFrame_t	load	0x220	4	this:public class TMatrix4_t const & __thiscall RRefFrame_t::GetWorldMatrix(void) const 	1001bbf2	FUN_1001bbf2
DisplaySystem.dll	RRefFrame_t	load	0x18C	4	this:public class TMatrix4_t const & __thiscall RRefFrame_t::GetWorldMatrix(void) const 	1001bbf2	FUN_1001bbf2
DisplaySystem.dll	RRefFrame_t	load	0x220	4	this:public class TMatrix4_t const & __thiscall RRefFrame_t::GetWorldMatrix(void) const 	1001bbf2	FUN_1001bbf2
DisplaySystem.dll	RRefFrame_t	load	0x220	4	this:public class TMatrix4_t const & __thiscall RRefFrame_t::GetWorldMatrix(void) const 	1001bbf2	FUN_1001bbf2
DisplaySystem.dll	RRefFrame_t	load	0x220	4	this:public class TMatrix4_t const & __thiscall RRefFrame_t::GetWorldMatrix(void) const 	1001bbf2	FUN_1001bbf2
DisplaySystem.dll	RRefFrame_t	load	0x220	4	this:public class TMatrix4_t const & __thiscall RRefFrame_t::GetWorldMatrix(void) const 	1001bbf2	FUN_1001bbf2
DisplaySystem.dll	RRefFrame_t	load	0x18C	4	this:public class TMatrix4_t const & __thiscall RRefFrame_t::GetWorldMatrix(void) const 	1001bbf2	FUN_1001bbf2
DisplaySystem.dll	RRefFrame_t	load	0x220	4	this:public class TMatrix4_t const & __thiscall RRefFrame_t::GetWorldMatrix(void) const 	1001bbf2	FUN_1001bbf2
DisplaySystem.dll	RRefFrame_t	load	0x220	4	this:public class TMatrix4_t const & __thiscall RRefFrame_t::GetWorldMatrix(void) const 	1001bbf2	FUN_1001bbf2
DisplaySystem.dll	RRefFrame_t	load	0x1BC	4	this:public class TMatrix4_t const & __thiscall RRefFrame_t::GetWorldMatrix(void) const 	1001bbf2	FUN_1001bbf2
DisplaySystem.dll	RRefFrame_t	load	0x17C	4	this:public class TMatrix4_t const & __thiscall RRefFrame_t::GetWorldMatrix(void) const 	1001bbf2	FUN_1001bbf2
DisplaySystem.dll	RRefFrame_t	load_vptr?	0x0	4	this:public class TMatrix4_t const & __thiscall RRefFrame_t::GetWorldMatrix(void) const 	1001bbf2	FUN_1001bbf2
DisplaySystem.dll	RRefFrame_t	vcall	0x40	4	this:public class TMatrix4_t const & __thiscall RRefFrame_t::GetWorldMatrix(void) const 	1001bbf2	FUN_1001bbf2
DisplaySystem.dll	RRefFrame_t	load_vptr?	0x0	4	this:public class TMatrix4_t const & __thiscall RRefFrame_t::GetWorldMatrix(void) const 	1001bbf2	FUN_1001bbf2
DisplaySystem.dll	RRefFrame_t	vcall	0x44	4	this:public class TMatrix4_t const & __thiscall RRefFrame_t::GetWorldMatrix(void) const 	1001bbf2	FUN_1001bbf2
DisplaySystem.dll	RRefFrame_t	load	0x220	4	this:public class TMatrix4_t const & __thiscall RRefFrame_t::GetWorldMatrix(void) const 	1001bbf2	FUN_1001bbf2
DisplaySystem.dll	RRefFrame_t	load_vptr?	0x0	4	this:public class TMatrix4_t const & __thiscall RRefFrame_t::GetWorldMatrix(void) const 	1001bbf2	FUN_1001bbf2
DisplaySystem.dll	RRefFrame_t	vcall	0x48	4	this:public class TMatrix4_t const & __thiscall RRefFrame_t::GetWorldMatrix(void) const 	1001bbf2	FUN_1001bbf2
DisplaySystem.dll	RDeltaState	new_size	0x16C	0	ctor:public __thiscall RDeltaState::RDeltaState(char const *) 	1001c6e1	FUN_1001c6e1
DisplaySystem.dll	RVisual_t	load	0xB8	4	this:public void __thiscall RVisual_t::SetRenderPriority(enum RenderList_e) 	1001c6e1	FUN_1001c6e1
DisplaySystem.dll	RVisual_t	store	0xB8	4	this:public void __thiscall RVisual_t::SetRenderPriority(enum RenderList_e) 	1001c6e1	FUN_1001c6e1
DisplaySystem.dll	RVisual_t	load	0xB8	4	this:public void __thiscall RVisual_t::SetRenderPriority(enum RenderList_e) 	1001c6e1	FUN_1001c6e1
DisplaySystem.dll	RVisual_t	load	0xB8	4	this:public void __thiscall RVisual_t::SetRenderPriority(enum RenderList_e) 	1001c6e1	FUN_1001c6e1
DisplaySystem.dll	RVisual_t	load	0xB8	4	this:public void __thiscall RVisual_t::SetRenderPriority(enum RenderList_e) 	1001c6e1	FUN_1001c6e1
DisplaySystem.dll	RVisual_t	load	0xB8	4	this:public void __thiscall RVisual_t::SetRenderPriority(enum RenderList_e) 	1001c6e1	FUN_1001c6e1
DisplaySystem.dll	RVisual_t	load	0xB8	4	this:public void __thiscall RVisual_t::SetRenderPriority(enum RenderList_e) 	1001c6e1	FUN_1001c6e1
DisplaySystem.dll	RVisual_t	load	0x1F0	4	this:public void __thiscall RVisual_t::SetRenderPriority(enum RenderList_e) 	1001c6e1	FUN_1001c6e1
DisplaySystem.dll	RVisual_t	load	0xB8	4	this:public void __thiscall RVisual_t::SetRenderPriority(enum RenderList_e) 	1001c6e1	FUN_1001c6e1
DisplaySystem.dll	RVisual_t	load	0xB8	4	this:public void __thiscall RVisual_t::SetRenderPriority(enum RenderList_e) 	1001c6e1	FUN_1001c6e1
DisplaySystem.dll	RVisual_t	load	0xB8	4	this:public void __thiscall RVisual_t::SetRenderPriority(enum RenderList_e) 	1001c6e1	FUN_1001c6e1
DisplaySystem.dll	RVisual_t	load	0xB8	4	this:public void __thiscall RVisual_t::SetRenderPriority(enum RenderList_e) 	1001c6e1	FUN_1001c6e1
DisplaySystem.dll	RVisual_t	load	0xB8	4	this:public void __thiscall RVisual_t::SetRenderPriority(enum RenderList_e) 	1001c6e1	FUN_1001c6e1
DisplaySystem.dll	RVisual_t	load	0x17C	4	this:public void __thiscall RVisual_t::SetRenderPriority(enum RenderList_e) 	1001c6e1	FUN_1001c6e1
DisplaySystem.dll	RVisual_t	load	0xB8	4	this:public void __thiscall RVisual_t::SetRenderPriority(enum RenderList_e) 	1001c6e1	FUN_1001c6e1
DisplaySystem.dll	RVisual_t	load	0xB8	4	this:public void __thiscall RVisual_t::SetRenderPriority(enum RenderList_e) 	1001c6e1	FUN_1001c6e1
DisplaySystem.dll	RVisual_t	load	0xB8	4	this:public void __thiscall RVisual_t::SetRenderPriority(enum RenderList_e) 	1001c6e1	FUN_1001c6e1
DisplaySystem.dll	RVisual_t	load	0xB8	4	this:public void __thiscall RVisual_t::SetRenderPriority(enum RenderList_e) 	1001c6e1	FUN_1001c6e1
DisplaySystem.dll	RVisual_t	load	0xB8	4	this:public void __thiscall RVisual_t::SetRenderPriority(enum RenderList_e) 	1001c6e1	FUN_1001c6e1
DisplaySystem.dll	RVisual_t	load	0xB8	4	this:public void __thiscall RVisual_t::SetRenderPriority(enum RenderList_e) 	1001c6e1	FUN_1001c6e1
DisplaySystem.dll	RVisual_t	load	0xB8	4	this:public void __thiscall RVisual_t::SetRenderPriority(enum RenderList_e) 	1001c6e1	FUN_1001c6e1
DisplaySystem.dll	RVisual_t	load	0x190	4	this:public void __thiscall RVisual_t::SetRenderPriority(enum RenderList_e) 	1001c6e1	FUN_1001c6e1
DisplaySystem.dll	RVisual_t	load	0xB8	4	this:public void __thiscall RVisual_t::SetRenderPriority(enum RenderList_e) 	1001c6e1	FUN_1001c6e1
DisplaySystem.dll	RVisual_t	load	0xB8	4	this:public void __thiscall RVisual_t::SetRenderPriority(enum RenderList_e) 	1001c6e1	FUN_1001c6e1
DisplaySystem.dll	RVisual_t	load	0xB8	4	this:public void __thiscall RVisual_t::SetRenderPriority(enum RenderList_e) 	1001c6e1	FUN_1001c6e1
DisplaySystem.dll	RVisual_t	load	0xB8	4	this:public void __thiscall RVisual_t::SetRenderPriority(enum RenderList_e) 	1001c6e1	FUN_1001c6e1
DisplaySystem.dll	RRefFrame_t	load	0x178	4	this:public class TMatrix4_t const & __thiscall RRefFrame_t::GetWorldMatrix(void) const 	1001c8a5	FUN_1001c8a5
DisplaySystem.dll	RRefFrame_t	load	0x1FC	4	this:public class TMatrix4_t const & __thiscall RRefFrame_t::GetWorldMatrix(void) const 	1001c8a5	FUN_1001c8a5
DisplaySystem.dll	RRefFrame_t	load	0x17C	4	this:public class TMatrix4_t const & __thiscall RRefFrame_t::GetWorldMatrix(void) const 	1001c8a5	FUN_1001c8a5
DisplaySystem.dll	RRefFrame_t	load_vptr?	0x0	4	this:public class TMatrix4_t const & __thiscall RRefFrame_t::GetWorldMatrix(void) const 	1001c8a5	FUN_1001c8a5
DisplaySystem.dll	RRefFrame_t	vcall	0x40	4	this:public class TMatrix4_t const & __thiscall RRefFrame_t::GetWorldMatrix(void) const 	1001c8a5	FUN_1001c8a5
DisplaySystem.dll	RRefFrame_t	load_vptr?	0x0	4	this:public class TMatrix4_t const & __thiscall RRefFrame_t::GetWorldMatrix(void) const 	1001c8a5	FUN_1001c8a5
DisplaySystem.dll	RRefFrame_t	vcall	0x44	4	this:public class TMatrix4_t const & __thiscall RRefFrame_t::GetWorldMatrix(void) const 	1001c8a5	FUN_1001c8a5
DisplaySystem.dll	RRefFrame_t	load	0x204	4	this:public class TMatrix4_t const & __thiscall RRefFrame_t::GetWorldMatrix(void) const 	1001c8a5	FUN_1001c8a5
DisplaySystem.dll	RRefFrame_t	load	0x20C	4	this:public class TMatrix4_t const & __thiscall RRefFrame_t::GetWorldMatrix(void) const 	1001c8a5	FUN_1001c8a5
DisplaySystem.dll	RRefFrame_t	load	0x1FC	4	this:public class TMatrix4_t const & __thiscall RRefFrame_t::GetWorldMatrix(void) const 	1001c8a5	FUN_1001c8a5
DisplaySystem.dll	RRefFrame_t	load	0x208	4	this:public class TMatrix4_t const & __thiscall RRefFrame_t::GetWorldMatrix(void) const 	1001c8a5	FUN_1001c8a5
DisplaySystem.dll	RRefFrame_t	load_vptr?	0x0	4	this:public class TMatrix4_t const & __thiscall RRefFrame_t::GetWorldMatrix(void) const 	1001c8a5	FUN_1001c8a5
DisplaySystem.dll	RRefFrame_t	vcall	0x48	4	this:public class TMatrix4_t const & __thiscall RRefFrame_t::GetWorldMatrix(void) const 	1001c8a5	FUN_1001c8a5
DisplaySystem.dll	RDeltaState	new_size	0x16C	0	ctor:public __thiscall RDeltaState::RDeltaState(char const *) 	1001d17b	FUN_1001d17b
DisplaySystem.dll	RVisual_t	load	0xB8	4	this:public void __thiscall RVisual_t::SetRenderPriority(enum RenderList_e) 	1001d17b	FUN_1001d17b
DisplaySystem.dll	RVisual_t	store	0xB8	4	this:public void __thiscall RVisual_t::SetRenderPriority(enum RenderList_e) 	1001d17b	FUN_1001d17b
DisplaySystem.dll	RVisual_t	load	0xB8	4	this:public void __thiscall RVisual_t::SetRenderPriority(enum RenderList_e) 	1001d17b	FUN_1001d17b
DisplaySystem.dll	RVisual_t	load	0xB8	4	this:public void __thiscall RVisual_t::SetRenderPriority(enum RenderList_e) 	1001d17b	FUN_1001d17b
DisplaySystem.dll	RVisual_t	load	0xB8	4	this:public void __thiscall RVisual_t::SetRenderPriority(enum RenderList_e) 	1001d17b	FUN_1001d17b
DisplaySystem.dll	RVisual_t	load	0xB8	4	this:public void __thiscall RVisual_t::SetRenderPriority(enum RenderList_e) 	1001d17b	FUN_1001d17b
DisplaySystem.dll	RVisual_t	load	0x1D0	4	this:public void __thiscall RVisual_t::SetRenderPriority(enum RenderList_e) 	1001d17b	FUN_1001d17b
DisplaySystem.dll	RVisual_t	load	0xB8	4	this:public void __thiscall RVisual_t::SetRenderPriority(enum RenderList_e) 	1001d17b	FUN_1001d17b
DisplaySystem.dll	RVisual_t	load	0xB8	4	this:public void __thiscall RVisual_t::SetRenderPriority(enum RenderList_e) 	1001d17b	FUN_1001d17b
DisplaySystem.dll	RVisual_t	load	0xB8	4	this:public void __thiscall RVisual_t::SetRenderPriority(enum RenderList_e) 	1001d17b	FUN_1001d17b
DisplaySystem.dll	RVisual_t	load	0xB8	4	this:public void __thiscall RVisual_t::SetRenderPriority(enum RenderList_e) 	1001d17b	FUN_1001d17b
DisplaySystem.dll	RVisual_t	load	0x17C	4	this:public void __thiscall RVisual_t::SetRenderPriority(enum RenderList_e) 	1001d17b	FUN_1001d17b
DisplaySystem.dll	RVisual_t	load	0xB8	4	this:public void __thiscall RVisual_t::SetRenderPriority(enum RenderList_e) 	1001d17b	FUN_1001d17b
DisplaySystem.dll	RVisual_t	load	0xB8	4	this:public void __thiscall RVisual_t::SetRenderPriority(enum RenderList_e) 	1001d17b	FUN_1001d17b
DisplaySystem.dll	RVisual_t	load	0xB8	4	this:public void __thiscall RVisual_t::SetRenderPriority(enum RenderList_e) 	1001d17b	FUN_1001d17b
DisplaySystem.dll	RVisual_t	load	0xB8	4	this:public void __thiscall RVisual_t::SetRenderPriority(enum RenderList_e) 	1001d17b	FUN_1001d17b
DisplaySystem.dll	RVisual_t	load	0x1B4	4	this:public void __thiscall RVisual_t::SetRenderPriority(enum RenderList_e) 	1001d17b	FUN_1001d17b
DisplaySystem.dll	RVisual_t	load	0xB8	4	this:public void __thiscall RVisual_t::SetRenderPriority(enum RenderList_e) 	1001d17b	FUN_1001d17b
DisplaySystem.dll	RVisual_t	load	0xB8	4	this:public void __thiscall RVisual_t::SetRenderPriority(enum RenderList_e) 	1001d17b	FUN_1001d17b
DisplaySystem.dll	RVisual_t	load	0xB8	4	this:public void __thiscall RVisual_t::SetRenderPriority(enum RenderList_e) 	1001d17b	FUN_1001d17b
DisplaySystem.dll	RVisual_t	load	0xB8	4	this:public void __thiscall RVisual_t::SetRenderPriority(enum RenderList_e) 	1001d17b	FUN_1001d17b
DisplaySystem.dll	RVisual_t	load	0xB8	4	this:public void __thiscall RVisual_t::SetRenderPriority(enum RenderList_e) 	1001d17b	FUN_1001d17b
DisplaySystem.dll	RVisual_t	load	0xB8	4	this:public void __thiscall RVisual_t::SetRenderPriority(enum RenderList_e) 	1001d17b	FUN_1001d17b
DisplaySystem.dll	RVisual_t	load	0xB8	4	this:public void __thiscall RVisual_t::SetRenderPriority(enum RenderList_e) 	1001d17b	FUN_1001d17b
DisplaySystem.dll	RVisual_t	load	0xB8	4	this:public void __thiscall RVisual_t::SetRenderPriority(enum RenderList_e) 	1001d17b	FUN_1001d17b
DisplaySystem.dll	RVisual_t	load	0xB8	4	this:public void __thiscall RVisual_t::SetRenderPriority(enum RenderList_e) 	1001d17b	FUN_1001d17b
DisplaySystem.dll	RVisual_t	load	0xB8	4	this:public void __thiscall RVisual_t::SetRenderPriority(enum RenderList_e) 	1001d17b	FUN_1001d17b
DisplaySystem.dll	RVisual_t	load	0xB8	4	this:public void __thiscall RVisual_t::SetRenderPriority(enum RenderList_e) 	1001d17b	FUN_1001d17b
DisplaySystem.dll	RVisual_t	load	0xB8	4	this:public void __thiscall RVisual_t::SetRenderPriority(enum RenderList_e) 	1001d17b	FUN_1001d17b
DisplaySystem.dll	RVisual_t	load	0xB8	4	this:public void __thiscall RVisual_t::SetRenderPriority(enum RenderList_e) 	1001d17b	FUN_1001d17b
DisplaySystem.dll	RVisual_t	load	0xB8	4	this:public void __thiscall RVisual_t::SetRenderPriority(enum RenderList_e) 	1001d17b	FUN_1001d17b
DisplaySystem.dll	RVisual_t	load	0x190	4	this:public void __thiscall RVisual_t::SetRenderPriority(enum RenderList_e) 	1001d17b	FUN_1001d17b
DisplaySystem.dll	RVisual_t	load	0xB8	4	this:public void __thiscall RVisual_t::SetRenderPriority(enum RenderList_e) 	1001d17b	FUN_1001d17b
DisplaySystem.dll	RVisual_t	load	0xB8	4	this:public void __thiscall RVisual_t::SetRenderPriority(enum RenderList_e) 	1001d17b	FUN_1001d17b
DisplaySystem.dll	RVisual_t	load	0xB8	4	this:public void __thiscall RVisual_t::SetRenderPriority(enum RenderList_e) 	1001d17b	FUN_1001d17b
DisplaySystem.dll	RVisual_t	load	0xB8	4	this:public void __thiscall RVisual_t::SetRenderPriority(enum RenderList_e) 	1001d17b	FUN_1001d17b
DisplaySystem.dll	RViewPort_t	load	0xC	4	this:public void __thiscall RViewPort_t::SetMaterial(class RMaterial_t const *) 	1001d3ee	FUN_1001d3ee
DisplaySystem.dll	RRefFrame_t	load	0x178	4	this:public class TMatrix4_t const & __thiscall RRefFrame_t::GetWorldMatrix(void) const 	1001d3ee	FUN_1001d3ee
DisplaySystem.dll	RRefFrame_t	load	0x1E4	4	this:public class TMatrix4_t const & __thiscall RRefFrame_t::GetWorldMatrix(void) const 	1001d3ee	FUN_1001d3ee
DisplaySystem.dll	RRefFrame_t	load	0x1FC	4	this:public class TMatrix4_t const & __thiscall RRefFrame_t::GetWorldMatrix(void) const 	1001d3ee	FUN_1001d3ee
DisplaySystem.dll	RRefFrame_t	load	0x1E0	4	this:public class TMatrix4_t const & __thiscall RRefFrame_t::GetWorldMatrix(void) const 	1001d3ee	FUN_1001d3ee
DisplaySystem.dll	RRefFrame_t	load	0x216	1	this:public class TMatrix4_t const & __thiscall RRefFrame_t::GetWorldMatrix(void) const 	1001d3ee	FUN_1001d3ee
DisplaySystem.dll	RRefFrame_t	load	0x17C	4	this:public class TMatrix4_t const & __thiscall RRefFrame_t::GetWorldMatrix(void) const 	1001d3ee	FUN_1001d3ee
DisplaySystem.dll	RRefFrame_t	store	0x21C	4	this:public class TMatrix4_t const & __thiscall RRefFrame_t::GetWorldMatrix(void) const 	1001d3ee	FUN_1001d3ee
DisplaySystem.dll	RRefFrame_t	load_vptr?	0x0	4	this:public class TMatrix4_t const & __thiscall RRefFrame_t::GetWorldMatrix(void) const 	1001d3ee	FUN_1001d3ee
DisplaySystem.dll	RRefFrame_t	vcall	0x40	4	this:public class TMatrix4_t const & __thiscall RRefFrame_t::GetWorldMatrix(void) const 	1001d3ee	FUN_1001d3ee
DisplaySystem.dll	RRefFrame_t	load_vptr?	0x0	4	this:public class TMatrix4_t const & __thiscall RRefFrame_t::GetWorldMatrix(void) const 	1001d3ee	FUN_1001d3ee
DisplaySystem.dll	RRefFrame_t	vcall	0x44	4	this:public class TMatrix4_t const & __thiscall RRefFrame_t::GetWorldMatrix(void) const 	1001d3ee	FUN_1001d3ee
DisplaySystem.dll	RRefFrame_t	load	0x20	4	this:public class TMatrix4_t const & __thiscall RRefFrame_t::GetWorldMatrix(void) const 	1001d3ee	FUN_1001d3ee
DisplaySystem.dll	RRefFrame_t	load	0x24	4	this:public class TMatrix4_t const & __thiscall RRefFrame_t::GetWorldMatrix(void) const 	1001d3ee	FUN_1001d3ee
DisplaySystem.dll	RRefFrame_t	load	0x28	4	this:public class TMatrix4_t const & __thiscall RRefFrame_t::GetWorldMatrix(void) const 	1001d3ee	FUN_1001d3ee
DisplaySystem.dll	RRefFrame_t	load	0x1A8	4	this:public class TMatrix4_t const & __thiscall RRefFrame_t::GetWorldMatrix(void) const 	1001d3ee	FUN_1001d3ee
DisplaySystem.dll	RRefFrame_t	load	0x1A8	4	this:public class TMatrix4_t const & __thiscall RRefFrame_t::GetWorldMatrix(void) const 	1001d3ee	FUN_1001d3ee
DisplaySystem.dll	RRefFrame_t	load	0x1C8	4	this:public class TMatrix4_t const & __thiscall RRefFrame_t::GetWorldMatrix(void) const 	1001d3ee	FUN_1001d3ee
DisplaySystem.dll	RRefFrame_t	load	0x1FC	4	this:public class TMatrix4_t const & __thiscall RRefFrame_t::GetWorldMatrix(void) const 	1001d3ee	FUN_1001d3ee
DisplaySystem.dll	RRefFrame_t	load	0x1EC	4	this:public class TMatrix4_t const & __thiscall RRefFrame_t::GetWorldMatrix(void) const 	1001d3ee	FUN_1001d3ee
DisplaySystem.dll	RRefFrame_t	load	0x1F4	4	this:public class TMatrix4_t const & __thiscall RRefFrame_t::GetWorldMatrix(void) const 	1001d3ee	FUN_1001d3ee
DisplaySystem.dll	RRefFrame_t	load	0x1E4	4	this:public class TMatrix4_t const & __thiscall RRefFrame_t::GetWorldMatrix(void) const 	1001d3ee	FUN_1001d3ee
DisplaySystem.dll	RRefFrame_t	load	0x1F0	4	this:public class TMatrix4_t const & __thiscall RRefFrame_t::GetWorldMatrix(void) const 	1001d3ee	FUN_1001d3ee
DisplaySystem.dll	RRefFrame_t	load	0x1A8	4	this:public class TMatrix4_t const & __thiscall RRefFrame_t::GetWorldMatrix(void) const 	1001d3ee	FUN_1001d3ee
DisplaySystem.dll	RRefFrame_t	load_vptr?	0x0	4	this:public class TMatrix4_t const & __thiscall RRefFrame_t::GetWorldMatrix(void) const 	1001d3ee	FUN_1001d3ee
DisplaySystem.dll	RRefFrame_t	vcall	0x48	4	this:public class TMatrix4_t const & __thiscall RRefFrame_t::GetWorldMatrix(void) const 	1001d3ee	FUN_1001d3ee
DisplaySystem.dll	RDeltaState	new_size	0x16C	0	ctor:public __thiscall RDeltaState::RDeltaState(char const *) 	1001e659	FUN_1001e659
DisplaySystem.dll	RVisual_t	load	0xB8	4	this:public void __thiscall RVisual_t::SetRenderPriority(enum RenderList_e) 	1001e659	FUN_1001e659
DisplaySystem.dll	RVisual_t	store	0xB8	4	this:public void __thiscall RVisual_t::SetRenderPriority(enum RenderList_e) 	1001e659	FUN_1001e659
DisplaySystem.dll	RVisual_t	load	0xB8	4	this:public void __thiscall RVisual_t::SetRenderPriority(enum RenderList_e) 	1001e659	FUN_1001e659
DisplaySystem.dll	RVisual_t	load	0xB8	4	this:public void __thiscall RVisual_t::SetRenderPriority(enum RenderList_e) 	1001e659	FUN_1001e659
DisplaySystem.dll	RVisual_t	load	0xB8	4	this:public void __thiscall RVisual_t::SetRenderPriority(enum RenderList_e) 	1001e659	FUN_1001e659
DisplaySystem.dll	RVisual_t	load	0xB8	4	this:public void __thiscall RVisual_t::SetRenderPriority(enum RenderList_e) 	1001e659	FUN_1001e659
DisplaySystem.dll	RVisual_t	load	0xB8	4	this:public void __thiscall RVisual_t::SetRenderPriority(enum RenderList_e) 	1001e659	FUN_1001e659
DisplaySystem.dll	RVisual_t	load	0xB8	4	this:public void __thiscall RVisual_t::SetRenderPriority(enum RenderList_e) 	1001e659	FUN_1001e659
DisplaySystem.dll	RVisual_t	load	0xB8	4	this:public void __thiscall RVisual_t::SetRenderPriority(enum RenderList_e) 	1001e659	FUN_1001e659
DisplaySystem.dll	RVisual_t	load	0xB8	4	this:public void __thiscall RVisual_t::SetRenderPriority(enum RenderList_e) 	1001e659	FUN_1001e659
DisplaySystem.dll	RVisual_t	load	0xB8	4	this:public void __thiscall RVisual_t::SetRenderPriority(enum RenderList_e) 	1001e659	FUN_1001e659
DisplaySystem.dll	RVisual_t	load	0xB8	4	this:public void __thiscall RVisual_t::SetRenderPriority(enum RenderList_e) 	1001e659	FUN_1001e659
DisplaySystem.dll	RVisual_t	load	0xB8	4	this:public void __thiscall RVisual_t::SetRenderPriority(enum RenderList_e) 	1001e659	FUN_1001e659
DisplaySystem.dll	RVisual_t	load	0xB8	4	this:public void __thiscall RVisual_t::SetRenderPriority(enum RenderList_e) 	1001e659	FUN_1001e659
DisplaySystem.dll	RRefFrame_t	load	0x178	4	this:public class TMatrix4_t const & __thiscall RRefFrame_t::GetWorldMatrix(void) const 	1001e90e	FUN_1001e90e
DisplaySystem.dll	RRefFrame_t	addr_passed	0x1F0	0	this:public class TMatrix4_t const & __thiscall RRefFrame_t::GetWorldMatrix(void) const 	1001e90e	FUN_1001e90e
DisplaySystem.dll	RRefFrame_t	load	0x1C8	4	this:public class TMatrix4_t const & __thiscall RRefFrame_t::GetWorldMatrix(void) const 	1001e90e	FUN_1001e90e
DisplaySystem.dll	RRefFrame_t	load	0x1FC	4	this:public class TMatrix4_t const & __thiscall RRefFrame_t::GetWorldMatrix(void) const 	1001e90e	FUN_1001e90e
DisplaySystem.dll	RRefFrame_t	load	0x1F0	4	this:public class TMatrix4_t const & __thiscall RRefFrame_t::GetWorldMatrix(void) const 	1001e90e	FUN_1001e90e
DisplaySystem.dll	RRefFrame_t	load	0x200	4	this:public class TMatrix4_t const & __thiscall RRefFrame_t::GetWorldMatrix(void) const 	1001e90e	FUN_1001e90e
DisplaySystem.dll	RRefFrame_t	load	0x1F4	4	this:public class TMatrix4_t const & __thiscall RRefFrame_t::GetWorldMatrix(void) const 	1001e90e	FUN_1001e90e
DisplaySystem.dll	RRefFrame_t	load	0x1FC	4	this:public class TMatrix4_t const & __thiscall RRefFrame_t::GetWorldMatrix(void) const 	1001e90e	FUN_1001e90e
DisplaySystem.dll	RRefFrame_t	load	0x1F0	4	this:public class TMatrix4_t const & __thiscall RRefFrame_t::GetWorldMatrix(void) const 	1001e90e	FUN_1001e90e
DisplaySystem.dll	RRefFrame_t	load	0x200	4	this:public class TMatrix4_t const & __thiscall RRefFrame_t::GetWorldMatrix(void) const 	1001e90e	FUN_1001e90e
DisplaySystem.dll	RRefFrame_t	load	0x1F4	4	this:public class TMatrix4_t const & __thiscall RRefFrame_t::GetWorldMatrix(void) const 	1001e90e	FUN_1001e90e
DisplaySystem.dll	RRefFrame_t	addr_passed	0x214	0	this:public class TMatrix4_t const & __thiscall RRefFrame_t::GetWorldMatrix(void) const 	1001e90e	FUN_1001e90e
DisplaySystem.dll	RRefFrame_t	load	0x1A8	4	this:public class TMatrix4_t const & __thiscall RRefFrame_t::GetWorldMatrix(void) const 	1001e90e	FUN_1001e90e
DisplaySystem.dll	RRefFrame_t	load	0x20C	4	this:public class TMatrix4_t const & __thiscall RRefFrame_t::GetWorldMatrix(void) const 	1001e90e	FUN_1001e90e
DisplaySystem.dll	RRefFrame_t	load	0x230	4	this:public class TMatrix4_t const & __thiscall RRefFrame_t::GetWorldMatrix(void) const 	1001e90e	FUN_1001e90e
DisplaySystem.dll	RRefFrame_t	load	0x22C	4	this:public class TMatrix4_t const & __thiscall RRefFrame_t::GetWorldMatrix(void) const 	1001e90e	FUN_1001e90e
DisplaySystem.dll	RRefFrame_t	load	0x208	4	this:public class TMatrix4_t const & __thiscall RRefFrame_t::GetWorldMatrix(void) const 	1001e90e	FUN_1001e90e
DisplaySystem.dll	RRefFrame_t	load	0x210	4	this:public class TMatrix4_t const & __thiscall RRefFrame_t::GetWorldMatrix(void) const 	1001e90e	FUN_1001e90e
DisplaySystem.dll	RRefFrame_t	load	0x234	4	this:public class TMatrix4_t const & __thiscall RRefFrame_t::GetWorldMatrix(void) const 	1001e90e	FUN_1001e90e
DisplaySystem.dll	RRefFrame_t	load	0x1AC	4	this:public class TMatrix4_t const & __thiscall RRefFrame_t::GetWorldMatrix(void) const 	1001e90e	FUN_1001e90e
DisplaySystem.dll	RRefFrame_t	load	0x224	4	this:public class TMatrix4_t const & __thiscall RRefFrame_t::GetWorldMatrix(void) const 	1001e90e	FUN_1001e90e
DisplaySystem.dll	RRefFrame_t	load	0x230	4	this:public class TMatrix4_t const & __thiscall RRefFrame_t::GetWorldMatrix(void) const 	1001e90e	FUN_1001e90e
DisplaySystem.dll	RRefFrame_t	load	0x220	4	this:public class TMatrix4_t const & __thiscall RRefFrame_t::GetWorldMatrix(void) const 	1001e90e	FUN_1001e90e
DisplaySystem.dll	RRefFrame_t	load	0x22C	4	this:public class TMatrix4_t const & __thiscall RRefFrame_t::GetWorldMatrix(void) const 	1001e90e	FUN_1001e90e
DisplaySystem.dll	RRefFrame_t	addr_passed	0x1E4	0	this:public class TMatrix4_t const & __thiscall RRefFrame_t::GetWorldMatrix(void) const 	1001e90e	FUN_1001e90e
DisplaySystem.dll	RRefFrame_t	load	0x228	4	this:public class TMatrix4_t const & __thiscall RRefFrame_t::GetWorldMatrix(void) const 	1001e90e	FUN_1001e90e
DisplaySystem.dll	RRefFrame_t	load	0x234	4	this:public class TMatrix4_t const & __thiscall RRefFrame_t::GetWorldMatrix(void) const 	1001e90e	FUN_1001e90e
DisplaySystem.dll	RRefFrame_t	addr_passed	0x1D8	0	this:public class TMatrix4_t const & __thiscall RRefFrame_t::GetWorldMatrix(void) const 	1001e90e	FUN_1001e90e
DisplaySystem.dll	RRefFrame_t	store	0x1B4	4	this:public class TMatrix4_t const & __thiscall RRefFrame_t::GetWorldMatrix(void) const 	1001e90e	FUN_1001e90e
DisplaySystem.dll	RRefFrame_t	addr_passed	0x1B4	0	this:public class TMatrix4_t const & __thiscall RRefFrame_t::GetWorldMatrix(void) const 	1001e90e	FUN_1001e90e
DisplaySystem.dll	RRefFrame_t	store	0x1B8	4	this:public class TMatrix4_t const & __thiscall RRefFrame_t::GetWorldMatrix(void) const 	1001e90e	FUN_1001e90e
DisplaySystem.dll	RRefFrame_t	addr_passed	0x22C	0	this:public class TMatrix4_t const & __thiscall RRefFrame_t::GetWorldMatrix(void) const 	1001e90e	FUN_1001e90e
DisplaySystem.dll	RRefFrame_t	store	0x1BC	4	this:public class TMatrix4_t const & __thiscall RRefFrame_t::GetWorldMatrix(void) const 	1001e90e	FUN_1001e90e
DisplaySystem.dll	RRefFrame_t	addr_passed	0x208	0	this:public class TMatrix4_t const & __thiscall RRefFrame_t::GetWorldMatrix(void) const 	1001e90e	FUN_1001e90e
DisplaySystem.dll	RRefFrame_t	addr_passed	0x1B4	0	this:public class TMatrix4_t const & __thiscall RRefFrame_t::GetWorldMatrix(void) const 	1001e90e	FUN_1001e90e
DisplaySystem.dll	RRefFrame_t	load	0x1A8	4	this:public class TMatrix4_t const & __thiscall RRefFrame_t::GetWorldMatrix(void) const 	1001e90e	FUN_1001e90e
DisplaySystem.dll	RRefFrame_t	load	0x1A8	4	this:public class TMatrix4_t const & __thiscall RRefFrame_t::GetWorldMatrix(void) const 	1001e90e	FUN_1001e90e
DisplaySystem.dll	RRefFrame_t	addr_passed	0x1E4	0	this:public class TMatrix4_t const & __thiscall RRefFrame_t::GetWorldMatrix(void) const 	1001e90e	FUN_1001e90e
DisplaySystem.dll	RRefFrame_t	addr_passed	0x1D8	0	this:public class TMatrix4_t const & __thiscall RRefFrame_t::GetWorldMatrix(void) const 	1001e90e	FUN_1001e90e
DisplaySystem.dll	RRefFrame_t	addr_passed	0x208	0	this:public class TMatrix4_t const & __thiscall RRefFrame_t::GetWorldMatrix(void) const 	1001e90e	FUN_1001e90e
DisplaySystem.dll	RRefFrame_t	addr_passed	0x208	0	this:public class TMatrix4_t const & __thiscall RRefFrame_t::GetWorldMatrix(void) const 	1001e90e	FUN_1001e90e
DisplaySystem.dll	RRefFrame_t	addr_passed	0x1B4	0	this:public class TMatrix4_t const & __thiscall RRefFrame_t::GetWorldMatrix(void) const 	1001e90e	FUN_1001e90e
DisplaySystem.dll	RRefFrame_t	addr_passed	0x1B4	0	this:public class TMatrix4_t const & __thiscall RRefFrame_t::GetWorldMatrix(void) const 	1001e90e	FUN_1001e90e
DisplaySystem.dll	RRefFrame_t	addr_passed	0x1B4	0	this:public class TMatrix4_t const & __thiscall RRefFrame_t::GetWorldMatrix(void) const 	1001e90e	FUN_1001e90e
DisplaySystem.dll	RRefFrame_t	addr_passed	0x1B4	0	this:public class TMatrix4_t const & __thiscall RRefFrame_t::GetWorldMatrix(void) const 	1001e90e	FUN_1001e90e
DisplaySystem.dll	RRefFrame_t	load	0x1A8	4	this:public class TMatrix4_t const & __thiscall RRefFrame_t::GetWorldMatrix(void) const 	1001e90e	FUN_1001e90e
DisplaySystem.dll	RRefFrame_t	load	0x1C4	4	this:public class TMatrix4_t const & __thiscall RRefFrame_t::GetWorldMatrix(void) const 	1001e90e	FUN_1001e90e
DisplaySystem.dll	RRefFrame_t	load	0x1C0	4	this:public class TMatrix4_t const & __thiscall RRefFrame_t::GetWorldMatrix(void) const 	1001e90e	FUN_1001e90e
DisplaySystem.dll	RRefFrame_t	load	0x17C	4	this:public class TMatrix4_t const & __thiscall RRefFrame_t::GetWorldMatrix(void) const 	1001e90e	FUN_1001e90e
DisplaySystem.dll	RRefFrame_t	load_vptr?	0x0	4	this:public class TMatrix4_t const & __thiscall RRefFrame_t::GetWorldMatrix(void) const 	1001e90e	FUN_1001e90e
DisplaySystem.dll	RRefFrame_t	vcall	0x40	4	this:public class TMatrix4_t const & __thiscall RRefFrame_t::GetWorldMatrix(void) const 	1001e90e	FUN_1001e90e
DisplaySystem.dll	RRefFrame_t	load_vptr?	0x0	4	this:public class TMatrix4_t const & __thiscall RRefFrame_t::GetWorldMatrix(void) const 	1001e90e	FUN_1001e90e
DisplaySystem.dll	RRefFrame_t	vcall	0x44	4	this:public class TMatrix4_t const & __thiscall RRefFrame_t::GetWorldMatrix(void) const 	1001e90e	FUN_1001e90e
DisplaySystem.dll	RRefFrame_t	load	0x1A8	4	this:public class TMatrix4_t const & __thiscall RRefFrame_t::GetWorldMatrix(void) const 	1001e90e	FUN_1001e90e
DisplaySystem.dll	RRefFrame_t	load	0x1A8	4	this:public class TMatrix4_t const & __thiscall RRefFrame_t::GetWorldMatrix(void) const 	1001e90e	FUN_1001e90e
DisplaySystem.dll	RRefFrame_t	load	0x1A8	4	this:public class TMatrix4_t const & __thiscall RRefFrame_t::GetWorldMatrix(void) const 	1001e90e	FUN_1001e90e
DisplaySystem.dll	RRefFrame_t	load	0x1A8	4	this:public class TMatrix4_t const & __thiscall RRefFrame_t::GetWorldMatrix(void) const 	1001e90e	FUN_1001e90e
DisplaySystem.dll	RRefFrame_t	load	0x1A8	4	this:public class TMatrix4_t const & __thiscall RRefFrame_t::GetWorldMatrix(void) const 	1001e90e	FUN_1001e90e
DisplaySystem.dll	RRefFrame_t	load	0x1A8	2	this:public class TMatrix4_t const & __thiscall RRefFrame_t::GetWorldMatrix(void) const 	1001e90e	FUN_1001e90e
DisplaySystem.dll	RRefFrame_t	load	0x1A8	4	this:public class TMatrix4_t const & __thiscall RRefFrame_t::GetWorldMatrix(void) const 	1001e90e	FUN_1001e90e
DisplaySystem.dll	RRefFrame_t	load	0x1A8	2	this:public class TMatrix4_t const & __thiscall RRefFrame_t::GetWorldMatrix(void) const 	1001e90e	FUN_1001e90e
DisplaySystem.dll	RRefFrame_t	load	0x1A8	4	this:public class TMatrix4_t const & __thiscall RRefFrame_t::GetWorldMatrix(void) const 	1001e90e	FUN_1001e90e
DisplaySystem.dll	RRefFrame_t	load	0x1A8	2	this:public class TMatrix4_t const & __thiscall RRefFrame_t::GetWorldMatrix(void) const 	1001e90e	FUN_1001e90e
DisplaySystem.dll	RRefFrame_t	load	0x1A8	4	this:public class TMatrix4_t const & __thiscall RRefFrame_t::GetWorldMatrix(void) const 	1001e90e	FUN_1001e90e
DisplaySystem.dll	RRefFrame_t	load_vptr?	0x0	4	this:public class TMatrix4_t const & __thiscall RRefFrame_t::GetWorldMatrix(void) const 	1001e90e	FUN_1001e90e
DisplaySystem.dll	RRefFrame_t	vcall	0x48	4	this:public class TMatrix4_t const & __thiscall RRefFrame_t::GetWorldMatrix(void) const 	1001e90e	FUN_1001e90e
DisplaySystem.dll	RDeltaState	new_size	0x16C	0	ctor:public __thiscall RDeltaState::RDeltaState(char const *) 	1001f95d	FUN_1001f95d
DisplaySystem.dll	RVisual_t	load	0xB8	4	this:public void __thiscall RVisual_t::SetRenderPriority(enum RenderList_e) 	1001f95d	FUN_1001f95d
DisplaySystem.dll	RVisual_t	store	0xB8	4	this:public void __thiscall RVisual_t::SetRenderPriority(enum RenderList_e) 	1001f95d	FUN_1001f95d
DisplaySystem.dll	RVisual_t	load	0xB8	4	this:public void __thiscall RVisual_t::SetRenderPriority(enum RenderList_e) 	1001f95d	FUN_1001f95d
DisplaySystem.dll	RVisual_t	load	0xB8	4	this:public void __thiscall RVisual_t::SetRenderPriority(enum RenderList_e) 	1001f95d	FUN_1001f95d
DisplaySystem.dll	RVisual_t	load	0xB8	4	this:public void __thiscall RVisual_t::SetRenderPriority(enum RenderList_e) 	1001f95d	FUN_1001f95d
DisplaySystem.dll	RVisual_t	load	0xB8	4	this:public void __thiscall RVisual_t::SetRenderPriority(enum RenderList_e) 	1001f95d	FUN_1001f95d
DisplaySystem.dll	RVisual_t	load	0xB8	4	this:public void __thiscall RVisual_t::SetRenderPriority(enum RenderList_e) 	1001f95d	FUN_1001f95d
DisplaySystem.dll	RVisual_t	load	0xB8	4	this:public void __thiscall RVisual_t::SetRenderPriority(enum RenderList_e) 	1001f95d	FUN_1001f95d
DisplaySystem.dll	RVisual_t	load	0xB8	4	this:public void __thiscall RVisual_t::SetRenderPriority(enum RenderList_e) 	1001f95d	FUN_1001f95d
DisplaySystem.dll	RVisual_t	load	0x17C	4	this:public void __thiscall RVisual_t::SetRenderPriority(enum RenderList_e) 	1001f95d	FUN_1001f95d
DisplaySystem.dll	RVisual_t	load	0xB8	4	this:public void __thiscall RVisual_t::SetRenderPriority(enum RenderList_e) 	1001f95d	FUN_1001f95d
DisplaySystem.dll	RVisual_t	load	0xB8	4	this:public void __thiscall RVisual_t::SetRenderPriority(enum RenderList_e) 	1001f95d	FUN_1001f95d
DisplaySystem.dll	RVisual_t	load	0xB8	4	this:public void __thiscall RVisual_t::SetRenderPriority(enum RenderList_e) 	1001f95d	FUN_1001f95d
DisplaySystem.dll	RVisual_t	load	0xB8	4	this:public void __thiscall RVisual_t::SetRenderPriority(enum RenderList_e) 	1001f95d	FUN_1001f95d
DisplaySystem.dll	RVisual_t	load	0xB8	4	this:public void __thiscall RVisual_t::SetRenderPriority(enum RenderList_e) 	1001f95d	FUN_1001f95d
DisplaySystem.dll	RVisual_t	load	0xB8	4	this:public void __thiscall RVisual_t::SetRenderPriority(enum RenderList_e) 	1001f95d	FUN_1001f95d
DisplaySystem.dll	RVisual_t	load	0xB8	4	this:public void __thiscall RVisual_t::SetRenderPriority(enum RenderList_e) 	1001f95d	FUN_1001f95d
DisplaySystem.dll	RVisual_t	load	0x190	4	this:public void __thiscall RVisual_t::SetRenderPriority(enum RenderList_e) 	1001f95d	FUN_1001f95d
DisplaySystem.dll	RVisual_t	load	0xB8	4	this:public void __thiscall RVisual_t::SetRenderPriority(enum RenderList_e) 	1001f95d	FUN_1001f95d
DisplaySystem.dll	RVisual_t	load	0xB8	4	this:public void __thiscall RVisual_t::SetRenderPriority(enum RenderList_e) 	1001f95d	FUN_1001f95d
DisplaySystem.dll	RVisual_t	load	0xB8	4	this:public void __thiscall RVisual_t::SetRenderPriority(enum RenderList_e) 	1001f95d	FUN_1001f95d
DisplaySystem.dll	RVisual_t	load	0xB8	4	this:public void __thiscall RVisual_t::SetRenderPriority(enum RenderList_e) 	1001f95d	FUN_1001f95d
DisplaySystem.dll	RVisual_t	load	0x1A8	1	this:public void __thiscall RVisual_t::SetRenderPriority(enum RenderList_e) 	1001f95d	FUN_1001f95d
DisplaySystem.dll	RVisual_t	load	0xB8	4	this:public void __thiscall RVisual_t::SetRenderPriority(enum RenderList_e) 	1001f95d	FUN_1001f95d
DisplaySystem.dll	RVisual_t	load	0x194	4	this:public void __thiscall RVisual_t::SetRenderPriority(enum RenderList_e) 	1001f95d	FUN_1001f95d
DisplaySystem.dll	RVisual_t	load	0xB8	4	this:public void __thiscall RVisual_t::SetRenderPriority(enum RenderList_e) 	1001f95d	FUN_1001f95d
DisplaySystem.dll	RVisual_t	load	0xB8	4	this:public void __thiscall RVisual_t::SetRenderPriority(enum RenderList_e) 	1001f95d	FUN_1001f95d
DisplaySystem.dll	RVisual_t	load	0xB8	4	this:public void __thiscall RVisual_t::SetRenderPriority(enum RenderList_e) 	1001f95d	FUN_1001f95d
DisplaySystem.dll	RRefFrame_t	load	0x178	4	this:public class TMatrix4_t const & __thiscall RRefFrame_t::GetWorldMatrix(void) const 	1002016d	FUN_1002016d
DisplaySystem.dll	RRefFrame_t	load	0x17C	4	this:public class TMatrix4_t const & __thiscall RRefFrame_t::GetWorldMatrix(void) const 	1002016d	FUN_1002016d
DisplaySystem.dll	RRefFrame_t	load_vptr?	0x0	4	this:public class TMatrix4_t const & __thiscall RRefFrame_t::GetWorldMatrix(void) const 	1002016d	FUN_1002016d
DisplaySystem.dll	RRefFrame_t	vcall	0x40	4	this:public class TMatrix4_t const & __thiscall RRefFrame_t::GetWorldMatrix(void) const 	1002016d	FUN_1002016d
DisplaySystem.dll	RRefFrame_t	load_vptr?	0x0	4	this:public class TMatrix4_t const & __thiscall RRefFrame_t::GetWorldMatrix(void) const 	1002016d	FUN_1002016d
DisplaySystem.dll	RRefFrame_t	vcall	0x44	4	this:public class TMatrix4_t const & __thiscall RRefFrame_t::GetWorldMatrix(void) const 	1002016d	FUN_1002016d
DisplaySystem.dll	RRefFrame_t	load	0x1E0	4	this:public class TMatrix4_t const & __thiscall RRefFrame_t::GetWorldMatrix(void) const 	1002016d	FUN_1002016d
DisplaySystem.dll	RRefFrame_t	load	0x1DC	1	this:public class TMatrix4_t const & __thiscall RRefFrame_t::GetWorldMatrix(void) const 	1002016d	FUN_1002016d
DisplaySystem.dll	RRefFrame_t	load	0x1BC	1	this:public class TMatrix4_t const & __thiscall RRefFrame_t::GetWorldMatrix(void) const 	1002016d	FUN_1002016d
DisplaySystem.dll	RRefFrame_t	load	0x1B8	4	this:public class TMatrix4_t const & __thiscall RRefFrame_t::GetWorldMatrix(void) const 	1002016d	FUN_1002016d
DisplaySystem.dll	RRefFrame_t	load	0x1B4	4	this:public class TMatrix4_t const & __thiscall RRefFrame_t::GetWorldMatrix(void) const 	1002016d	FUN_1002016d
DisplaySystem.dll	RRefFrame_t	load	0x1C4	4	this:public class TMatrix4_t const & __thiscall RRefFrame_t::GetWorldMatrix(void) const 	1002016d	FUN_1002016d
DisplaySystem.dll	RRefFrame_t	load	0x1B8	4	this:public class TMatrix4_t const & __thiscall RRefFrame_t::GetWorldMatrix(void) const 	1002016d	FUN_1002016d
DisplaySystem.dll	RRefFrame_t	load	0x1B4	4	this:public class TMatrix4_t const & __thiscall RRefFrame_t::GetWorldMatrix(void) const 	1002016d	FUN_1002016d
DisplaySystem.dll	RRefFrame_t	load	0x1D8	4	this:public class TMatrix4_t const & __thiscall RRefFrame_t::GetWorldMatrix(void) const 	1002016d	FUN_1002016d
DisplaySystem.dll	RRefFrame_t	load	0x220	4	this:public class TMatrix4_t const & __thiscall RRefFrame_t::GetWorldMatrix(void) const 	1002016d	FUN_1002016d
DisplaySystem.dll	RRefFrame_t	load	0x21C	4	this:public class TMatrix4_t const & __thiscall RRefFrame_t::GetWorldMatrix(void) const 	1002016d	FUN_1002016d
DisplaySystem.dll	RRefFrame_t	load	0x1D8	4	this:public class TMatrix4_t const & __thiscall RRefFrame_t::GetWorldMatrix(void) const 	1002016d	FUN_1002016d
DisplaySystem.dll	RRefFrame_t	load	0x1DC	1	this:public class TMatrix4_t const & __thiscall RRefFrame_t::GetWorldMatrix(void) const 	1002016d	FUN_1002016d
DisplaySystem.dll	RRefFrame_t	load	0x1E4	4	this:public class TMatrix4_t const & __thiscall RRefFrame_t::GetWorldMatrix(void) const 	1002016d	FUN_1002016d
DisplaySystem.dll	RRefFrame_t	load	0x1BC	1	this:public class TMatrix4_t const & __thiscall RRefFrame_t::GetWorldMatrix(void) const 	1002016d	FUN_1002016d
DisplaySystem.dll	RRefFrame_t	load	0x1B4	4	this:public class TMatrix4_t const & __thiscall RRefFrame_t::GetWorldMatrix(void) const 	1002016d	FUN_1002016d
DisplaySystem.dll	RRefFrame_t	load	0x1B8	4	this:public class TMatrix4_t const & __thiscall RRefFrame_t::GetWorldMatrix(void) const 	1002016d	FUN_1002016d
DisplaySystem.dll	RRefFrame_t	load	0x1C8	4	this:public class TMatrix4_t const & __thiscall RRefFrame_t::GetWorldMatrix(void) const 	1002016d	FUN_1002016d
DisplaySystem.dll	RRefFrame_t	load	0x1BC	1	this:public class TMatrix4_t const & __thiscall RRefFrame_t::GetWorldMatrix(void) const 	1002016d	FUN_1002016d
DisplaySystem.dll	RRefFrame_t	load	0x1B4	4	this:public class TMatrix4_t const & __thiscall RRefFrame_t::GetWorldMatrix(void) const 	1002016d	FUN_1002016d
DisplaySystem.dll	RRefFrame_t	load	0x1B8	4	this:public class TMatrix4_t const & __thiscall RRefFrame_t::GetWorldMatrix(void) const 	1002016d	FUN_1002016d
DisplaySystem.dll	RRefFrame_t	load	0x1D8	4	this:public class TMatrix4_t const & __thiscall RRefFrame_t::GetWorldMatrix(void) const 	1002016d	FUN_1002016d
DisplaySystem.dll	RRefFrame_t	load	0x220	4	this:public class TMatrix4_t const & __thiscall RRefFrame_t::GetWorldMatrix(void) const 	1002016d	FUN_1002016d
DisplaySystem.dll	RRefFrame_t	load	0x21C	4	this:public class TMatrix4_t const & __thiscall RRefFrame_t::GetWorldMatrix(void) const 	1002016d	FUN_1002016d
DisplaySystem.dll	RRefFrame_t	load	0x1D8	4	this:public class TMatrix4_t const & __thiscall RRefFrame_t::GetWorldMatrix(void) const 	1002016d	FUN_1002016d
DisplaySystem.dll	RRefFrame_t	load_vptr?	0x0	4	this:public class TMatrix4_t const & __thiscall RRefFrame_t::GetWorldMatrix(void) const 	1002016d	FUN_1002016d
DisplaySystem.dll	RRefFrame_t	vcall	0x48	4	this:public class TMatrix4_t const & __thiscall RRefFrame_t::GetWorldMatrix(void) const 	1002016d	FUN_1002016d
DisplaySystem.dll	RDeltaState	new_size	0x16C	0	ctor:public __thiscall RDeltaState::RDeltaState(char const *) 	1002061d	GfxVisualSol::GfxVisualSol
DisplaySystem.dll	RVisual_t	store_vptr?	0x0	4	this:public void __thiscall RVisual_t::SetRenderPriority(enum RenderList_e) 	1002061d	GfxVisualSol::GfxVisualSol
DisplaySystem.dll	RVisual_t	store	0xA4	4	this:public void __thiscall RVisual_t::SetRenderPriority(enum RenderList_e) 	1002061d	GfxVisualSol::GfxVisualSol
DisplaySystem.dll	RVisual_t	store	0xB8	4	this:public void __thiscall RVisual_t::SetRenderPriority(enum RenderList_e) 	1002061d	GfxVisualSol::GfxVisualSol
DisplaySystem.dll	RVisual_t	store	0xB8	4	this:public void __thiscall RVisual_t::SetRenderPriority(enum RenderList_e) 	1002061d	GfxVisualSol::GfxVisualSol
DisplaySystem.dll	RVisual_t	load	0xB8	4	this:public void __thiscall RVisual_t::SetRenderPriority(enum RenderList_e) 	1002061d	GfxVisualSol::GfxVisualSol
DisplaySystem.dll	RVisual_t	load	0xB8	4	this:public void __thiscall RVisual_t::SetRenderPriority(enum RenderList_e) 	1002061d	GfxVisualSol::GfxVisualSol
DisplaySystem.dll	RVisual_t	load	0xB8	4	this:public void __thiscall RVisual_t::SetRenderPriority(enum RenderList_e) 	1002061d	GfxVisualSol::GfxVisualSol
DisplaySystem.dll	RVisual_t	load	0xB8	4	this:public void __thiscall RVisual_t::SetRenderPriority(enum RenderList_e) 	1002061d	GfxVisualSol::GfxVisualSol
DisplaySystem.dll	RVisual_t	load	0xB8	4	this:public void __thiscall RVisual_t::SetRenderPriority(enum RenderList_e) 	1002061d	GfxVisualSol::GfxVisualSol
DisplaySystem.dll	RVisual_t	load	0xB8	4	this:public void __thiscall RVisual_t::SetRenderPriority(enum RenderList_e) 	1002061d	GfxVisualSol::GfxVisualSol
DisplaySystem.dll	RVisual_t	load	0x17C	4	this:public void __thiscall RVisual_t::SetRenderPriority(enum RenderList_e) 	1002061d	GfxVisualSol::GfxVisualSol
DisplaySystem.dll	RVisual_t	load	0xB8	4	this:public void __thiscall RVisual_t::SetRenderPriority(enum RenderList_e) 	1002061d	GfxVisualSol::GfxVisualSol
DisplaySystem.dll	RVisual_t	load	0xB8	4	this:public void __thiscall RVisual_t::SetRenderPriority(enum RenderList_e) 	1002061d	GfxVisualSol::GfxVisualSol
DisplaySystem.dll	RVisual_t	load	0xB8	4	this:public void __thiscall RVisual_t::SetRenderPriority(enum RenderList_e) 	1002061d	GfxVisualSol::GfxVisualSol
DisplaySystem.dll	RVisual_t	load	0xB8	4	this:public void __thiscall RVisual_t::SetRenderPriority(enum RenderList_e) 	1002061d	GfxVisualSol::GfxVisualSol
DisplaySystem.dll	RVisual_t	load	0xB8	4	this:public void __thiscall RVisual_t::SetRenderPriority(enum RenderList_e) 	1002061d	GfxVisualSol::GfxVisualSol
DisplaySystem.dll	RVisual_t	load	0xB8	4	this:public void __thiscall RVisual_t::SetRenderPriority(enum RenderList_e) 	1002061d	GfxVisualSol::GfxVisualSol
DisplaySystem.dll	RVisual_t	load	0xB8	4	this:public void __thiscall RVisual_t::SetRenderPriority(enum RenderList_e) 	1002061d	GfxVisualSol::GfxVisualSol
DisplaySystem.dll	RVisual_t	load	0xB8	4	this:public void __thiscall RVisual_t::SetRenderPriority(enum RenderList_e) 	1002061d	GfxVisualSol::GfxVisualSol
DisplaySystem.dll	RVisual_t	store	0x184	4	this:public void __thiscall RVisual_t::SetRenderPriority(enum RenderList_e) 	1002061d	GfxVisualSol::GfxVisualSol
DisplaySystem.dll	RVisual_t	store	0x188	4	this:public void __thiscall RVisual_t::SetRenderPriority(enum RenderList_e) 	1002061d	GfxVisualSol::GfxVisualSol
DisplaySystem.dll	RVisual_t	load	0xB8	4	this:public void __thiscall RVisual_t::SetRenderPriority(enum RenderList_e) 	1002061d	GfxVisualSol::GfxVisualSol
DisplaySystem.dll	RVisual_t	load	0xB8	4	this:public void __thiscall RVisual_t::SetRenderPriority(enum RenderList_e) 	1002061d	GfxVisualSol::GfxVisualSol
DisplaySystem.dll	RVisual_t	load	0xB8	4	this:public void __thiscall RVisual_t::SetRenderPriority(enum RenderList_e) 	1002061d	GfxVisualSol::GfxVisualSol
DisplaySystem.dll	RVisual_t	store	0x1AC	4	this:public void __thiscall RVisual_t::SetRenderPriority(enum RenderList_e) 	1002061d	GfxVisualSol::GfxVisualSol
DisplaySystem.dll	RVisual_t	store	0x1B0	4	this:public void __thiscall RVisual_t::SetRenderPriority(enum RenderList_e) 	1002061d	GfxVisualSol::GfxVisualSol
DisplaySystem.dll	RVisual_t	store	0x1B4	4	this:public void __thiscall RVisual_t::SetRenderPriority(enum RenderList_e) 	1002061d	GfxVisualSol::GfxVisualSol
DisplaySystem.dll	RVisual_t	store	0x1B8	4	this:public void __thiscall RVisual_t::SetRenderPriority(enum RenderList_e) 	1002061d	GfxVisualSol::GfxVisualSol
DisplaySystem.dll	RRefFrame_t	load	0x178	4	this:public class TMatrix4_t const & __thiscall RRefFrame_t::GetWorldMatrix(void) const 	10020836	FUN_10020836
DisplaySystem.dll	RRefFrame_t	load	0x17C	4	this:public class TMatrix4_t const & __thiscall RRefFrame_t::GetWorldMatrix(void) const 	10020836	FUN_10020836
DisplaySystem.dll	RRefFrame_t	load_vptr?	0x0	4	this:public class TMatrix4_t const & __thiscall RRefFrame_t::GetWorldMatrix(void) const 	10020836	FUN_10020836
DisplaySystem.dll	RRefFrame_t	vcall	0x40	4	this:public class TMatrix4_t const & __thiscall RRefFrame_t::GetWorldMatrix(void) const 	10020836	FUN_10020836
DisplaySystem.dll	RRefFrame_t	load_vptr?	0x0	4	this:public class TMatrix4_t const & __thiscall RRefFrame_t::GetWorldMatrix(void) const 	10020836	FUN_10020836
DisplaySystem.dll	RRefFrame_t	vcall	0x44	4	this:public class TMatrix4_t const & __thiscall RRefFrame_t::GetWorldMatrix(void) const 	10020836	FUN_10020836
DisplaySystem.dll	RRefFrame_t	load	0x184	4	this:public class TMatrix4_t const & __thiscall RRefFrame_t::GetWorldMatrix(void) const 	10020836	FUN_10020836
DisplaySystem.dll	RRefFrame_t	load	0x188	4	this:public class TMatrix4_t const & __thiscall RRefFrame_t::GetWorldMatrix(void) const 	10020836	FUN_10020836
DisplaySystem.dll	RRefFrame_t	load	0x1A8	4	this:public class TMatrix4_t const & __thiscall RRefFrame_t::GetWorldMatrix(void) const 	10020836	FUN_10020836
DisplaySystem.dll	RRefFrame_t	load	0x1AC	4	this:public class TMatrix4_t const & __thiscall RRefFrame_t::GetWorldMatrix(void) const 	10020836	FUN_10020836
DisplaySystem.dll	RRefFrame_t	load	0x17C	4	this:public class TMatrix4_t const & __thiscall RRefFrame_t::GetWorldMatrix(void) const 	10020836	FUN_10020836
DisplaySystem.dll	RRefFrame_t	load	0x184	4	this:public class TMatrix4_t const & __thiscall RRefFrame_t::GetWorldMatrix(void) const 	10020836	FUN_10020836
DisplaySystem.dll	RRefFrame_t	load	0x1B4	4	this:public class TMatrix4_t const & __thiscall RRefFrame_t::GetWorldMatrix(void) const 	10020836	FUN_10020836
DisplaySystem.dll	RRefFrame_t	load	0x1B4	4	this:public class TMatrix4_t const & __thiscall RRefFrame_t::GetWorldMatrix(void) const 	10020836	FUN_10020836
DisplaySystem.dll	RRefFrame_t	load	0x1B4	4	this:public class TMatrix4_t const & __thiscall RRefFrame_t::GetWorldMatrix(void) const 	10020836	FUN_10020836
DisplaySystem.dll	RRefFrame_t	load	0x1B4	4	this:public class TMatrix4_t const & __thiscall RRefFrame_t::GetWorldMatrix(void) const 	10020836	FUN_10020836
DisplaySystem.dll	RRefFrame_t	load	0x1B4	4	this:public class TMatrix4_t const & __thiscall RRefFrame_t::GetWorldMatrix(void) const 	10020836	FUN_10020836
DisplaySystem.dll	RRefFrame_t	load	0x1B4	4	this:public class TMatrix4_t const & __thiscall RRefFrame_t::GetWorldMatrix(void) const 	10020836	FUN_10020836
DisplaySystem.dll	RRefFrame_t	load	0x1B0	4	this:public class TMatrix4_t const & __thiscall RRefFrame_t::GetWorldMatrix(void) const 	10020836	FUN_10020836
DisplaySystem.dll	RRefFrame_t	load	0x1AC	4	this:public class TMatrix4_t const & __thiscall RRefFrame_t::GetWorldMatrix(void) const 	10020836	FUN_10020836
DisplaySystem.dll	RRefFrame_t	load	0x1B0	4	this:public class TMatrix4_t const & __thiscall RRefFrame_t::GetWorldMatrix(void) const 	10020836	FUN_10020836
DisplaySystem.dll	RRefFrame_t	load	0x1B0	4	this:public class TMatrix4_t const & __thiscall RRefFrame_t::GetWorldMatrix(void) const 	10020836	FUN_10020836
DisplaySystem.dll	RRefFrame_t	load	0x1B0	4	this:public class TMatrix4_t const & __thiscall RRefFrame_t::GetWorldMatrix(void) const 	10020836	FUN_10020836
DisplaySystem.dll	RRefFrame_t	load	0x1B0	4	this:public class TMatrix4_t const & __thiscall RRefFrame_t::GetWorldMatrix(void) const 	10020836	FUN_10020836
DisplaySystem.dll	RRefFrame_t	load	0x1AC	4	this:public class TMatrix4_t const & __thiscall RRefFrame_t::GetWorldMatrix(void) const 	10020836	FUN_10020836
DisplaySystem.dll	RRefFrame_t	load	0x1B0	4	this:public class TMatrix4_t const & __thiscall RRefFrame_t::GetWorldMatrix(void) const 	10020836	FUN_10020836
DisplaySystem.dll	RRefFrame_t	load	0x1B0	4	this:public class TMatrix4_t const & __thiscall RRefFrame_t::GetWorldMatrix(void) const 	10020836	FUN_10020836
DisplaySystem.dll	RRefFrame_t	load	0x1B0	4	this:public class TMatrix4_t const & __thiscall RRefFrame_t::GetWorldMatrix(void) const 	10020836	FUN_10020836
DisplaySystem.dll	RRefFrame_t	load	0x1B0	4	this:public class TMatrix4_t const & __thiscall RRefFrame_t::GetWorldMatrix(void) const 	10020836	FUN_10020836
DisplaySystem.dll	RRefFrame_t	load	0x1AC	4	this:public class TMatrix4_t const & __thiscall RRefFrame_t::GetWorldMatrix(void) const 	10020836	FUN_10020836
DisplaySystem.dll	RRefFrame_t	load	0x1B0	4	this:public class TMatrix4_t const & __thiscall RRefFrame_t::GetWorldMatrix(void) const 	10020836	FUN_10020836
DisplaySystem.dll	RRefFrame_t	load	0x1B0	4	this:public class TMatrix4_t const & __thiscall RRefFrame_t::GetWorldMatrix(void) const 	10020836	FUN_10020836
DisplaySystem.dll	RRefFrame_t	load	0x1B0	4	this:public class TMatrix4_t const & __thiscall RRefFrame_t::GetWorldMatrix(void) const 	10020836	FUN_10020836
DisplaySystem.dll	RRefFrame_t	load	0x1B0	4	this:public class TMatrix4_t const & __thiscall RRefFrame_t::GetWorldMatrix(void) const 	10020836	FUN_10020836
DisplaySystem.dll	RRefFrame_t	load	0x1AC	4	this:public class TMatrix4_t const & __thiscall RRefFrame_t::GetWorldMatrix(void) const 	10020836	FUN_10020836
DisplaySystem.dll	RRefFrame_t	load	0x1B0	4	this:public class TMatrix4_t const & __thiscall RRefFrame_t::GetWorldMatrix(void) const 	10020836	FUN_10020836
DisplaySystem.dll	RRefFrame_t	load	0x1B0	4	this:public class TMatrix4_t const & __thiscall RRefFrame_t::GetWorldMatrix(void) const 	10020836	FUN_10020836
DisplaySystem.dll	RRefFrame_t	load	0x1B0	4	this:public class TMatrix4_t const & __thiscall RRefFrame_t::GetWorldMatrix(void) const 	10020836	FUN_10020836
DisplaySystem.dll	RRefFrame_t	load	0x1A8	4	this:public class TMatrix4_t const & __thiscall RRefFrame_t::GetWorldMatrix(void) const 	10020836	FUN_10020836
DisplaySystem.dll	RRefFrame_t	load	0x1B4	4	this:public class TMatrix4_t const & __thiscall RRefFrame_t::GetWorldMatrix(void) const 	10020836	FUN_10020836
DisplaySystem.dll	RRefFrame_t	load	0x1B0	4	this:public class TMatrix4_t const & __thiscall RRefFrame_t::GetWorldMatrix(void) const 	10020836	FUN_10020836
DisplaySystem.dll	RRefFrame_t	load_vptr?	0x0	4	this:public class TMatrix4_t const & __thiscall RRefFrame_t::GetWorldMatrix(void) const 	10020836	FUN_10020836
DisplaySystem.dll	RRefFrame_t	vcall	0x48	4	this:public class TMatrix4_t const & __thiscall RRefFrame_t::GetWorldMatrix(void) const 	10020836	FUN_10020836
DisplaySystem.dll	RDeltaState	new_size	0x16C	0	ctor:public __thiscall RDeltaState::RDeltaState(char const *) 	10021059	FUN_10021059
DisplaySystem.dll	RVisual_t	store	0x1AC	4	this:public void __thiscall RVisual_t::SetRenderPriority(enum RenderList_e) 	10021059	FUN_10021059
DisplaySystem.dll	RVisual_t	store_vptr?	0x0	4	this:public void __thiscall RVisual_t::SetRenderPriority(enum RenderList_e) 	10021059	FUN_10021059
DisplaySystem.dll	RVisual_t	store	0xA4	4	this:public void __thiscall RVisual_t::SetRenderPriority(enum RenderList_e) 	10021059	FUN_10021059
DisplaySystem.dll	RVisual_t	store	0x1B0	4	this:public void __thiscall RVisual_t::SetRenderPriority(enum RenderList_e) 	10021059	FUN_10021059
DisplaySystem.dll	RVisual_t	store	0x1B4	4	this:public void __thiscall RVisual_t::SetRenderPriority(enum RenderList_e) 	10021059	FUN_10021059
DisplaySystem.dll	RVisual_t	store	0x1B8	4	this:public void __thiscall RVisual_t::SetRenderPriority(enum RenderList_e) 	10021059	FUN_10021059
DisplaySystem.dll	RVisual_t	store	0x1BC	4	this:public void __thiscall RVisual_t::SetRenderPriority(enum RenderList_e) 	10021059	FUN_10021059
DisplaySystem.dll	RVisual_t	store	0x1C0	4	this:public void __thiscall RVisual_t::SetRenderPriority(enum RenderList_e) 	10021059	FUN_10021059
DisplaySystem.dll	RVisual_t	store	0x1C4	4	this:public void __thiscall RVisual_t::SetRenderPriority(enum RenderList_e) 	10021059	FUN_10021059
DisplaySystem.dll	RVisual_t	store	0x1C8	4	this:public void __thiscall RVisual_t::SetRenderPriority(enum RenderList_e) 	10021059	FUN_10021059
DisplaySystem.dll	RVisual_t	store	0x1CC	4	this:public void __thiscall RVisual_t::SetRenderPriority(enum RenderList_e) 	10021059	FUN_10021059
DisplaySystem.dll	RVisual_t	store	0x1DAC	4	this:public void __thiscall RVisual_t::SetRenderPriority(enum RenderList_e) 	10021059	FUN_10021059
DisplaySystem.dll	RVisual_t	load	0xB8	4	this:public void __thiscall RVisual_t::SetRenderPriority(enum RenderList_e) 	10021059	FUN_10021059
DisplaySystem.dll	RVisual_t	store	0xB8	4	this:public void __thiscall RVisual_t::SetRenderPriority(enum RenderList_e) 	10021059	FUN_10021059
DisplaySystem.dll	RVisual_t	load	0xB8	4	this:public void __thiscall RVisual_t::SetRenderPriority(enum RenderList_e) 	10021059	FUN_10021059
DisplaySystem.dll	RVisual_t	load	0xB8	4	this:public void __thiscall RVisual_t::SetRenderPriority(enum RenderList_e) 	10021059	FUN_10021059
DisplaySystem.dll	RVisual_t	load	0xB8	4	this:public void __thiscall RVisual_t::SetRenderPriority(enum RenderList_e) 	10021059	FUN_10021059
DisplaySystem.dll	RVisual_t	load	0xB8	4	this:public void __thiscall RVisual_t::SetRenderPriority(enum RenderList_e) 	10021059	FUN_10021059
DisplaySystem.dll	RVisual_t	load	0xB8	4	this:public void __thiscall RVisual_t::SetRenderPriority(enum RenderList_e) 	10021059	FUN_10021059
DisplaySystem.dll	RVisual_t	load	0xB8	4	this:public void __thiscall RVisual_t::SetRenderPriority(enum RenderList_e) 	10021059	FUN_10021059
DisplaySystem.dll	RVisual_t	load	0xB8	4	this:public void __thiscall RVisual_t::SetRenderPriority(enum RenderList_e) 	10021059	FUN_10021059
DisplaySystem.dll	RVisual_t	load	0x17C	4	this:public void __thiscall RVisual_t::SetRenderPriority(enum RenderList_e) 	10021059	FUN_10021059
DisplaySystem.dll	RVisual_t	load	0xB8	4	this:public void __thiscall RVisual_t::SetRenderPriority(enum RenderList_e) 	10021059	FUN_10021059
DisplaySystem.dll	RVisual_t	load	0xB8	4	this:public void __thiscall RVisual_t::SetRenderPriority(enum RenderList_e) 	10021059	FUN_10021059
DisplaySystem.dll	RVisual_t	load	0xB8	4	this:public void __thiscall RVisual_t::SetRenderPriority(enum RenderList_e) 	10021059	FUN_10021059
DisplaySystem.dll	RVisual_t	load	0xB8	4	this:public void __thiscall RVisual_t::SetRenderPriority(enum RenderList_e) 	10021059	FUN_10021059
DisplaySystem.dll	RVisual_t	load	0xB8	4	this:public void __thiscall RVisual_t::SetRenderPriority(enum RenderList_e) 	10021059	FUN_10021059
DisplaySystem.dll	RVisual_t	load	0xB8	4	this:public void __thiscall RVisual_t::SetRenderPriority(enum RenderList_e) 	10021059	FUN_10021059
DisplaySystem.dll	RVisual_t	load	0xB8	4	this:public void __thiscall RVisual_t::SetRenderPriority(enum RenderList_e) 	10021059	FUN_10021059
DisplaySystem.dll	RVisual_t	load	0x190	4	this:public void __thiscall RVisual_t::SetRenderPriority(enum RenderList_e) 	10021059	FUN_10021059
DisplaySystem.dll	RVisual_t	load	0xB8	4	this:public void __thiscall RVisual_t::SetRenderPriority(enum RenderList_e) 	10021059	FUN_10021059
DisplaySystem.dll	RVisual_t	load	0xB8	4	this:public void __thiscall RVisual_t::SetRenderPriority(enum RenderList_e) 	10021059	FUN_10021059
DisplaySystem.dll	RVisual_t	load	0xB8	4	this:public void __thiscall RVisual_t::SetRenderPriority(enum RenderList_e) 	10021059	FUN_10021059
DisplaySystem.dll	RVisual_t	load	0xB8	4	this:public void __thiscall RVisual_t::SetRenderPriority(enum RenderList_e) 	10021059	FUN_10021059
DisplaySystem.dll	RVisual_t	load	0x194	4	this:public void __thiscall RVisual_t::SetRenderPriority(enum RenderList_e) 	10021059	FUN_10021059
DisplaySystem.dll	RVisual_t	load	0xB8	4	this:public void __thiscall RVisual_t::SetRenderPriority(enum RenderList_e) 	10021059	FUN_10021059
DisplaySystem.dll	RVisual_t	load	0xB8	4	this:public void __thiscall RVisual_t::SetRenderPriority(enum RenderList_e) 	10021059	FUN_10021059
DisplaySystem.dll	RVisual_t	load	0xB8	4	this:public void __thiscall RVisual_t::SetRenderPriority(enum RenderList_e) 	10021059	FUN_10021059
DisplaySystem.dll	RVisual_t	store	0x1DAC	4	this:public void __thiscall RVisual_t::SetRenderPriority(enum RenderList_e) 	10021059	FUN_10021059
DisplaySystem.dll	RVisual_t	load	0x1DAC	4	this:public void __thiscall RVisual_t::SetRenderPriority(enum RenderList_e) 	10021059	FUN_10021059
DisplaySystem.dll	RVisual_t	store	0x1DAC	4	this:public void __thiscall RVisual_t::SetRenderPriority(enum RenderList_e) 	10021059	FUN_10021059
DisplaySystem.dll	RVisual_t	store	0x1A8	4	this:public void __thiscall RVisual_t::SetRenderPriority(enum RenderList_e) 	10021059	FUN_10021059
DisplaySystem.dll	RRefFrame_t	load_vptr?	0x0	4	this:public class TMatrix4_t const & __thiscall RRefFrame_t::GetWorldMatrix(void) const 	100213bf	FUN_100213bf
DisplaySystem.dll	RRefFrame_t	vcall	0x48	4	this:public class TMatrix4_t const & __thiscall RRefFrame_t::GetWorldMatrix(void) const 	100213bf	FUN_100213bf
DisplaySystem.dll	RRefFrame_t	load	0x178	4	this:public class TMatrix4_t const & __thiscall RRefFrame_t::GetWorldMatrix(void) const 	100213bf	FUN_100213bf
DisplaySystem.dll	RRefFrame_t	load	0x1DAC	4	this:public class TMatrix4_t const & __thiscall RRefFrame_t::GetWorldMatrix(void) const 	100213bf	FUN_100213bf
DisplaySystem.dll	RRefFrame_t	load	0x17C	4	this:public class TMatrix4_t const & __thiscall RRefFrame_t::GetWorldMatrix(void) const 	100213bf	FUN_100213bf
DisplaySystem.dll	RRefFrame_t	load_vptr?	0x0	4	this:public class TMatrix4_t const & __thiscall RRefFrame_t::GetWorldMatrix(void) const 	100213bf	FUN_100213bf
DisplaySystem.dll	RRefFrame_t	vcall	0x40	4	this:public class TMatrix4_t const & __thiscall RRefFrame_t::GetWorldMatrix(void) const 	100213bf	FUN_100213bf
DisplaySystem.dll	RRefFrame_t	load_vptr?	0x0	4	this:public class TMatrix4_t const & __thiscall RRefFrame_t::GetWorldMatrix(void) const 	100213bf	FUN_100213bf
DisplaySystem.dll	RRefFrame_t	vcall	0x44	4	this:public class TMatrix4_t const & __thiscall RRefFrame_t::GetWorldMatrix(void) const 	100213bf	FUN_100213bf
DisplaySystem.dll	RRefFrame_t	load	0x1DAC	4	this:public class TMatrix4_t const & __thiscall RRefFrame_t::GetWorldMatrix(void) const 	100213bf	FUN_100213bf
DisplaySystem.dll	RRefFrame_t	load	0x17C	4	this:public class TMatrix4_t const & __thiscall RRefFrame_t::GetWorldMatrix(void) const 	100213bf	FUN_100213bf
DisplaySystem.dll	RRefFrame_t	load	0x184	4	this:public class TMatrix4_t const & __thiscall RRefFrame_t::GetWorldMatrix(void) const 	100213bf	FUN_100213bf
DisplaySystem.dll	RRefFrame_t	load	0x188	4	this:public class TMatrix4_t const & __thiscall RRefFrame_t::GetWorldMatrix(void) const 	100213bf	FUN_100213bf
DisplaySystem.dll	RRefFrame_t	load	0x198	4	this:public class TMatrix4_t const & __thiscall RRefFrame_t::GetWorldMatrix(void) const 	100213bf	FUN_100213bf
DisplaySystem.dll	RRefFrame_t	load	0x1DAC	4	this:public class TMatrix4_t const & __thiscall RRefFrame_t::GetWorldMatrix(void) const 	100213bf	FUN_100213bf
DisplaySystem.dll	RRefFrame_t	load_vptr?	0x0	4	this:public class TMatrix4_t const & __thiscall RRefFrame_t::GetWorldMatrix(void) const 	100213bf	FUN_100213bf
DisplaySystem.dll	RRefFrame_t	vcall	0x48	4	this:public class TMatrix4_t const & __thiscall RRefFrame_t::GetWorldMatrix(void) const 	100213bf	FUN_100213bf
DisplaySystem.dll	RRefFrame_t	load_vptr?	0x0	4	this:public class TMatrix4_t const & __thiscall RRefFrame_t::GetWorldMatrix(void) const 	100213bf	FUN_100213bf
DisplaySystem.dll	RRefFrame_t	vcall	0x48	4	this:public class TMatrix4_t const & __thiscall RRefFrame_t::GetWorldMatrix(void) const 	100213bf	FUN_100213bf
DisplaySystem.dll	RRefFrame_t	load_vptr?	0x0	4	this:public class TMatrix4_t const & __thiscall RRefFrame_t::GetWorldMatrix(void) const 	100213bf	FUN_100213bf
DisplaySystem.dll	RRefFrame_t	vcall	0x48	4	this:public class TMatrix4_t const & __thiscall RRefFrame_t::GetWorldMatrix(void) const 	100213bf	FUN_100213bf
DisplaySystem.dll	RRefFrame_t	load	0x178	4	this:public class TMatrix4_t const & __thiscall RRefFrame_t::GetWorldMatrix(void) const 	10021924	FUN_10021924
DisplaySystem.dll	RRefFrame_t	load	0x1CC	4	this:public class TMatrix4_t const & __thiscall RRefFrame_t::GetWorldMatrix(void) const 	10021924	FUN_10021924
DisplaySystem.dll	RRefFrame_t	load	0x1CC	4	this:public class TMatrix4_t const & __thiscall RRefFrame_t::GetWorldMatrix(void) const 	10021924	FUN_10021924
DisplaySystem.dll	RRefFrame_t	store	0x1CC	4	this:public class TMatrix4_t const & __thiscall RRefFrame_t::GetWorldMatrix(void) const 	10021924	FUN_10021924
DisplaySystem.dll	RRefFrame_t	load	0x1D0	4	this:public class TMatrix4_t const & __thiscall RRefFrame_t::GetWorldMatrix(void) const 	10021924	FUN_10021924
DisplaySystem.dll	RRefFrame_t	load	0x1CC	4	this:public class TMatrix4_t const & __thiscall RRefFrame_t::GetWorldMatrix(void) const 	10021924	FUN_10021924
DisplaySystem.dll	RRefFrame_t	load	0x1D0	4	this:public class TMatrix4_t const & __thiscall RRefFrame_t::GetWorldMatrix(void) const 	10021924	FUN_10021924
DisplaySystem.dll	RRefFrame_t	store	0x1D0	4	this:public class TMatrix4_t const & __thiscall RRefFrame_t::GetWorldMatrix(void) const 	10021924	FUN_10021924
DisplaySystem.dll	RRefFrame_t	load	0x1CC	4	this:public class TMatrix4_t const & __thiscall RRefFrame_t::GetWorldMatrix(void) const 	10021924	FUN_10021924
DisplaySystem.dll	RRefFrame_t	store	0x1D0	4	this:public class TMatrix4_t const & __thiscall RRefFrame_t::GetWorldMatrix(void) const 	10021924	FUN_10021924
DisplaySystem.dll	RRefFrame_t	load	0x1C8	4	this:public class TMatrix4_t const & __thiscall RRefFrame_t::GetWorldMatrix(void) const 	10021924	FUN_10021924
DisplaySystem.dll	RRefFrame_t	load	0x1BC	4	this:public class TMatrix4_t const & __thiscall RRefFrame_t::GetWorldMatrix(void) const 	10021924	FUN_10021924
DisplaySystem.dll	RRefFrame_t	load	0x1C4	4	this:public class TMatrix4_t const & __thiscall RRefFrame_t::GetWorldMatrix(void) const 	10021924	FUN_10021924
DisplaySystem.dll	RRefFrame_t	load	0x1B8	4	this:public class TMatrix4_t const & __thiscall RRefFrame_t::GetWorldMatrix(void) const 	10021924	FUN_10021924
DisplaySystem.dll	RRefFrame_t	load	0x1A8	4	this:public class TMatrix4_t const & __thiscall RRefFrame_t::GetWorldMatrix(void) const 	10021924	FUN_10021924
DisplaySystem.dll	RRefFrame_t	load	0x1C0	4	this:public class TMatrix4_t const & __thiscall RRefFrame_t::GetWorldMatrix(void) const 	10021924	FUN_10021924
DisplaySystem.dll	RRefFrame_t	load	0x1D8	4	this:public class TMatrix4_t const & __thiscall RRefFrame_t::GetWorldMatrix(void) const 	10021924	FUN_10021924
DisplaySystem.dll	RRefFrame_t	load	0x1D4	4	this:public class TMatrix4_t const & __thiscall RRefFrame_t::GetWorldMatrix(void) const 	10021924	FUN_10021924
DisplaySystem.dll	RRefFrame_t	load	0x1B8	4	this:public class TMatrix4_t const & __thiscall RRefFrame_t::GetWorldMatrix(void) const 	10021924	FUN_10021924
DisplaySystem.dll	RRefFrame_t	load	0x1BC	4	this:public class TMatrix4_t const & __thiscall RRefFrame_t::GetWorldMatrix(void) const 	10021924	FUN_10021924
DisplaySystem.dll	RRefFrame_t	load	0x1A8	4	this:public class TMatrix4_t const & __thiscall RRefFrame_t::GetWorldMatrix(void) const 	10021924	FUN_10021924
DisplaySystem.dll	RRefFrame_t	load	0x1DC	4	this:public class TMatrix4_t const & __thiscall RRefFrame_t::GetWorldMatrix(void) const 	10021924	FUN_10021924
DisplaySystem.dll	RRefFrame_t	load	0x1A8	4	this:public class TMatrix4_t const & __thiscall RRefFrame_t::GetWorldMatrix(void) const 	10021924	FUN_10021924
DisplaySystem.dll	RRefFrame_t	load	0x1AC	4	this:public class TMatrix4_t const & __thiscall RRefFrame_t::GetWorldMatrix(void) const 	10021924	FUN_10021924
DisplaySystem.dll	RRefFrame_t	load	0x1D4	4	this:public class TMatrix4_t const & __thiscall RRefFrame_t::GetWorldMatrix(void) const 	10021924	FUN_10021924
DisplaySystem.dll	RRefFrame_t	load	0x18C	4	this:public class TMatrix4_t const & __thiscall RRefFrame_t::GetWorldMatrix(void) const 	10021924	FUN_10021924
DisplaySystem.dll	RRefFrame_t	load	0x1D4	4	this:public class TMatrix4_t const & __thiscall RRefFrame_t::GetWorldMatrix(void) const 	10021924	FUN_10021924
DisplaySystem.dll	RRefFrame_t	load	0x1D4	4	this:public class TMatrix4_t const & __thiscall RRefFrame_t::GetWorldMatrix(void) const 	10021924	FUN_10021924
DisplaySystem.dll	RRefFrame_t	load	0x1D4	4	this:public class TMatrix4_t const & __thiscall RRefFrame_t::GetWorldMatrix(void) const 	10021924	FUN_10021924
DisplaySystem.dll	RRefFrame_t	load	0x1AC	4	this:public class TMatrix4_t const & __thiscall RRefFrame_t::GetWorldMatrix(void) const 	10021924	FUN_10021924
DisplaySystem.dll	RRefFrame_t	load	0x1B0	4	this:public class TMatrix4_t const & __thiscall RRefFrame_t::GetWorldMatrix(void) const 	10021924	FUN_10021924
DisplaySystem.dll	RRefFrame_t	load	0x1D4	4	this:public class TMatrix4_t const & __thiscall RRefFrame_t::GetWorldMatrix(void) const 	10021924	FUN_10021924
DisplaySystem.dll	RRefFrame_t	load	0x18C	4	this:public class TMatrix4_t const & __thiscall RRefFrame_t::GetWorldMatrix(void) const 	10021924	FUN_10021924
DisplaySystem.dll	RRefFrame_t	load	0x1D4	4	this:public class TMatrix4_t const & __thiscall RRefFrame_t::GetWorldMatrix(void) const 	10021924	FUN_10021924
DisplaySystem.dll	RRefFrame_t	load	0x1D4	4	this:public class TMatrix4_t const & __thiscall RRefFrame_t::GetWorldMatrix(void) const 	10021924	FUN_10021924
DisplaySystem.dll	RRefFrame_t	load	0x1BC	4	this:public class TMatrix4_t const & __thiscall RRefFrame_t::GetWorldMatrix(void) const 	10021924	FUN_10021924
DisplaySystem.dll	RRefFrame_t	load	0x1BC	4	this:public class TMatrix4_t const & __thiscall RRefFrame_t::GetWorldMatrix(void) const 	10021924	FUN_10021924
DisplaySystem.dll	RRefFrame_t	load	0x1CC	4	this:public class TMatrix4_t const & __thiscall RRefFrame_t::GetWorldMatrix(void) const 	10021924	FUN_10021924
DisplaySystem.dll	RRefFrame_t	load	0x1CC	4	this:public class TMatrix4_t const & __thiscall RRefFrame_t::GetWorldMatrix(void) const 	10021924	FUN_10021924
DisplaySystem.dll	RRefFrame_t	load	0x1D4	4	this:public class TMatrix4_t const & __thiscall RRefFrame_t::GetWorldMatrix(void) const 	10021924	FUN_10021924
DisplaySystem.dll	RRefFrame_t	load	0x1D4	4	this:public class TMatrix4_t const & __thiscall RRefFrame_t::GetWorldMatrix(void) const 	10021924	FUN_10021924
DisplaySystem.dll	RRefFrame_t	load	0x1D4	4	this:public class TMatrix4_t const & __thiscall RRefFrame_t::GetWorldMatrix(void) const 	10021924	FUN_10021924
DisplaySystem.dll	RRefFrame_t	load	0x1D4	4	this:public class TMatrix4_t const & __thiscall RRefFrame_t::GetWorldMatrix(void) const 	10021924	FUN_10021924
DisplaySystem.dll	RRefFrame_t	load	0x1D4	4	this:public class TMatrix4_t const & __thiscall RRefFrame_t::GetWorldMatrix(void) const 	10021924	FUN_10021924
DisplaySystem.dll	RRefFrame_t	load	0x1D4	4	this:public class TMatrix4_t const & __thiscall RRefFrame_t::GetWorldMatrix(void) const 	10021924	FUN_10021924
DisplaySystem.dll	RRefFrame_t	load	0x1D0	4	this:public class TMatrix4_t const & __thiscall RRefFrame_t::GetWorldMatrix(void) const 	10021924	FUN_10021924
DisplaySystem.dll	RRefFrame_t	load	0x1D0	4	this:public class TMatrix4_t const & __thiscall RRefFrame_t::GetWorldMatrix(void) const 	10021924	FUN_10021924
DisplaySystem.dll	RRefFrame_t	load	0x1CC	4	this:public class TMatrix4_t const & __thiscall RRefFrame_t::GetWorldMatrix(void) const 	10021924	FUN_10021924
DisplaySystem.dll	RRefFrame_t	load	0x1BC	4	this:public class TMatrix4_t const & __thiscall RRefFrame_t::GetWorldMatrix(void) const 	10021924	FUN_10021924
DisplaySystem.dll	RRefFrame_t	load	0x1D0	4	this:public class TMatrix4_t const & __thiscall RRefFrame_t::GetWorldMatrix(void) const 	10021924	FUN_10021924
DisplaySystem.dll	RRefFrame_t	load	0x1D4	4	this:public class TMatrix4_t const & __thiscall RRefFrame_t::GetWorldMatrix(void) const 	10021924	FUN_10021924
DisplaySystem.dll	RRefFrame_t	load	0x1D4	4	this:public class TMatrix4_t const & __thiscall RRefFrame_t::GetWorldMatrix(void) const 	10021924	FUN_10021924
DisplaySystem.dll	RRefFrame_t	load	0x1D4	4	this:public class TMatrix4_t const & __thiscall RRefFrame_t::GetWorldMatrix(void) const 	10021924	FUN_10021924
DisplaySystem.dll	RRefFrame_t	load	0x1D4	4	this:public class TMatrix4_t const & __thiscall RRefFrame_t::GetWorldMatrix(void) const 	10021924	FUN_10021924
DisplaySystem.dll	RRefFrame_t	load	0x1D4	4	this:public class TMatrix4_t const & __thiscall RRefFrame_t::GetWorldMatrix(void) const 	10021924	FUN_10021924
DisplaySystem.dll	RRefFrame_t	load	0x1D4	4	this:public class TMatrix4_t const & __thiscall RRefFrame_t::GetWorldMatrix(void) const 	10021924	FUN_10021924
DisplaySystem.dll	RRefFrame_t	load	0x1D4	4	this:public class TMatrix4_t const & __thiscall RRefFrame_t::GetWorldMatrix(void) const 	10021924	FUN_10021924
DisplaySystem.dll	RRefFrame_t	load	0x1D4	4	this:public class TMatrix4_t const & __thiscall RRefFrame_t::GetWorldMatrix(void) const 	10021924	FUN_10021924
DisplaySystem.dll	RRefFrame_t	load	0x1D4	4	this:public class TMatrix4_t const & __thiscall RRefFrame_t::GetWorldMatrix(void) const 	10021924	FUN_10021924
DisplaySystem.dll	RRefFrame_t	load	0x1D4	4	this:public class TMatrix4_t const & __thiscall RRefFrame_t::GetWorldMatrix(void) const 	10021924	FUN_10021924
DisplaySystem.dll	RRefFrame_t	load	0x17C	4	this:public class TMatrix4_t const & __thiscall RRefFrame_t::GetWorldMatrix(void) const 	10021924	FUN_10021924
DisplaySystem.dll	RRefFrame_t	load_vptr?	0x0	4	this:public class TMatrix4_t const & __thiscall RRefFrame_t::GetWorldMatrix(void) const 	10021924	FUN_10021924
DisplaySystem.dll	RRefFrame_t	vcall	0x40	4	this:public class TMatrix4_t const & __thiscall RRefFrame_t::GetWorldMatrix(void) const 	10021924	FUN_10021924
DisplaySystem.dll	RRefFrame_t	load_vptr?	0x0	4	this:public class TMatrix4_t const & __thiscall RRefFrame_t::GetWorldMatrix(void) const 	10021924	FUN_10021924
DisplaySystem.dll	RRefFrame_t	vcall	0x44	4	this:public class TMatrix4_t const & __thiscall RRefFrame_t::GetWorldMatrix(void) const 	10021924	FUN_10021924
DisplaySystem.dll	RRefFrame_t	load	0x1D4	4	this:public class TMatrix4_t const & __thiscall RRefFrame_t::GetWorldMatrix(void) const 	10021924	FUN_10021924
DisplaySystem.dll	RRefFrame_t	load_vptr?	0x0	4	this:public class TMatrix4_t const & __thiscall RRefFrame_t::GetWorldMatrix(void) const 	10021924	FUN_10021924
DisplaySystem.dll	RRefFrame_t	vcall	0x48	4	this:public class TMatrix4_t const & __thiscall RRefFrame_t::GetWorldMatrix(void) const 	10021924	FUN_10021924
DisplaySystem.dll	RDeltaState	new_size	0x16C	0	ctor:public __thiscall RDeltaState::RDeltaState(char const *) 	10021eb4	GfxVisualSpiral::GfxVisualSpiral
DisplaySystem.dll	RVisual_t	store	0x1A8	4	this:public void __thiscall RVisual_t::SetRenderPriority(enum RenderList_e) 	10021eb4	GfxVisualSpiral::GfxVisualSpiral
DisplaySystem.dll	RVisual_t	store	0x1BC	4	this:public void __thiscall RVisual_t::SetRenderPriority(enum RenderList_e) 	10021eb4	GfxVisualSpiral::GfxVisualSpiral
DisplaySystem.dll	RVisual_t	store	0x1AC	4	this:public void __thiscall RVisual_t::SetRenderPriority(enum RenderList_e) 	10021eb4	GfxVisualSpiral::GfxVisualSpiral
DisplaySystem.dll	RVisual_t	store	0x1B0	4	this:public void __thiscall RVisual_t::SetRenderPriority(enum RenderList_e) 	10021eb4	GfxVisualSpiral::GfxVisualSpiral
DisplaySystem.dll	RVisual_t	store	0x1B4	4	this:public void __thiscall RVisual_t::SetRenderPriority(enum RenderList_e) 	10021eb4	GfxVisualSpiral::GfxVisualSpiral
DisplaySystem.dll	RVisual_t	store	0x1B8	4	this:public void __thiscall RVisual_t::SetRenderPriority(enum RenderList_e) 	10021eb4	GfxVisualSpiral::GfxVisualSpiral
DisplaySystem.dll	RVisual_t	store	0x1C0	4	this:public void __thiscall RVisual_t::SetRenderPriority(enum RenderList_e) 	10021eb4	GfxVisualSpiral::GfxVisualSpiral
DisplaySystem.dll	RVisual_t	store	0x1C4	4	this:public void __thiscall RVisual_t::SetRenderPriority(enum RenderList_e) 	10021eb4	GfxVisualSpiral::GfxVisualSpiral
DisplaySystem.dll	RVisual_t	store	0x1CC	4	this:public void __thiscall RVisual_t::SetRenderPriority(enum RenderList_e) 	10021eb4	GfxVisualSpiral::GfxVisualSpiral
DisplaySystem.dll	RVisual_t	store	0x1D0	4	this:public void __thiscall RVisual_t::SetRenderPriority(enum RenderList_e) 	10021eb4	GfxVisualSpiral::GfxVisualSpiral
DisplaySystem.dll	RVisual_t	store_vptr?	0x0	4	this:public void __thiscall RVisual_t::SetRenderPriority(enum RenderList_e) 	10021eb4	GfxVisualSpiral::GfxVisualSpiral
DisplaySystem.dll	RVisual_t	store	0xA4	4	this:public void __thiscall RVisual_t::SetRenderPriority(enum RenderList_e) 	10021eb4	GfxVisualSpiral::GfxVisualSpiral
DisplaySystem.dll	RVisual_t	store	0x1D8	4	this:public void __thiscall RVisual_t::SetRenderPriority(enum RenderList_e) 	10021eb4	GfxVisualSpiral::GfxVisualSpiral
DisplaySystem.dll	RVisual_t	load	0x1BC	4	this:public void __thiscall RVisual_t::SetRenderPriority(enum RenderList_e) 	10021eb4	GfxVisualSpiral::GfxVisualSpiral
DisplaySystem.dll	RVisual_t	load	0x1BC	4	this:public void __thiscall RVisual_t::SetRenderPriority(enum RenderList_e) 	10021eb4	GfxVisualSpiral::GfxVisualSpiral
DisplaySystem.dll	RVisual_t	store	0x1DC	4	this:public void __thiscall RVisual_t::SetRenderPriority(enum RenderList_e) 	10021eb4	GfxVisualSpiral::GfxVisualSpiral
DisplaySystem.dll	RVisual_t	load	0x1B4	4	this:public void __thiscall RVisual_t::SetRenderPriority(enum RenderList_e) 	10021eb4	GfxVisualSpiral::GfxVisualSpiral
DisplaySystem.dll	RVisual_t	store	0x1D4	4	this:public void __thiscall RVisual_t::SetRenderPriority(enum RenderList_e) 	10021eb4	GfxVisualSpiral::GfxVisualSpiral
DisplaySystem.dll	RVisual_t	load	0x1BC	4	this:public void __thiscall RVisual_t::SetRenderPriority(enum RenderList_e) 	10021eb4	GfxVisualSpiral::GfxVisualSpiral
DisplaySystem.dll	RVisual_t	load	0x1B8	4	this:public void __thiscall RVisual_t::SetRenderPriority(enum RenderList_e) 	10021eb4	GfxVisualSpiral::GfxVisualSpiral
DisplaySystem.dll	RVisual_t	load	0x1D8	4	this:public void __thiscall RVisual_t::SetRenderPriority(enum RenderList_e) 	10021eb4	GfxVisualSpiral::GfxVisualSpiral
DisplaySystem.dll	RVisual_t	load	0x1DC	4	this:public void __thiscall RVisual_t::SetRenderPriority(enum RenderList_e) 	10021eb4	GfxVisualSpiral::GfxVisualSpiral
DisplaySystem.dll	RVisual_t	load	0x1BC	4	this:public void __thiscall RVisual_t::SetRenderPriority(enum RenderList_e) 	10021eb4	GfxVisualSpiral::GfxVisualSpiral
DisplaySystem.dll	RVisual_t	load	0xB8	4	this:public void __thiscall RVisual_t::SetRenderPriority(enum RenderList_e) 	10021eb4	GfxVisualSpiral::GfxVisualSpiral
DisplaySystem.dll	RVisual_t	store	0xB8	4	this:public void __thiscall RVisual_t::SetRenderPriority(enum RenderList_e) 	10021eb4	GfxVisualSpiral::GfxVisualSpiral
DisplaySystem.dll	RVisual_t	load	0xB8	4	this:public void __thiscall RVisual_t::SetRenderPriority(enum RenderList_e) 	10021eb4	GfxVisualSpiral::GfxVisualSpiral
DisplaySystem.dll	RVisual_t	load	0xB8	4	this:public void __thiscall RVisual_t::SetRenderPriority(enum RenderList_e) 	10021eb4	GfxVisualSpiral::GfxVisualSpiral
DisplaySystem.dll	RVisual_t	load	0xB8	4	this:public void __thiscall RVisual_t::SetRenderPriority(enum RenderList_e) 	10021eb4	GfxVisualSpiral::GfxVisualSpiral
DisplaySystem.dll	RVisual_t	load	0xB8	4	this:public void __thiscall RVisual_t::SetRenderPriority(enum RenderList_e) 	10021eb4	GfxVisualSpiral::GfxVisualSpiral
DisplaySystem.dll	RVisual_t	load	0xB8	4	this:public void __thiscall RVisual_t::SetRenderPriority(enum RenderList_e) 	10021eb4	GfxVisualSpiral::GfxVisualSpiral
DisplaySystem.dll	RVisual_t	load	0xB8	4	this:public void __thiscall RVisual_t::SetRenderPriority(enum RenderList_e) 	10021eb4	GfxVisualSpiral::GfxVisualSpiral
DisplaySystem.dll	RVisual_t	load	0xB8	4	this:public void __thiscall RVisual_t::SetRenderPriority(enum RenderList_e) 	10021eb4	GfxVisualSpiral::GfxVisualSpiral
DisplaySystem.dll	RVisual_t	load	0x17C	4	this:public void __thiscall RVisual_t::SetRenderPriority(enum RenderList_e) 	10021eb4	GfxVisualSpiral::GfxVisualSpiral
DisplaySystem.dll	RVisual_t	load	0xB8	4	this:public void __thiscall RVisual_t::SetRenderPriority(enum RenderList_e) 	10021eb4	GfxVisualSpiral::GfxVisualSpiral
DisplaySystem.dll	RVisual_t	load	0xB8	4	this:public void __thiscall RVisual_t::SetRenderPriority(enum RenderList_e) 	10021eb4	GfxVisualSpiral::GfxVisualSpiral
DisplaySystem.dll	RVisual_t	load	0xB8	4	this:public void __thiscall RVisual_t::SetRenderPriority(enum RenderList_e) 	10021eb4	GfxVisualSpiral::GfxVisualSpiral
DisplaySystem.dll	RVisual_t	load	0xB8	4	this:public void __thiscall RVisual_t::SetRenderPriority(enum RenderList_e) 	10021eb4	GfxVisualSpiral::GfxVisualSpiral
DisplaySystem.dll	RVisual_t	load	0xB8	4	this:public void __thiscall RVisual_t::SetRenderPriority(enum RenderList_e) 	10021eb4	GfxVisualSpiral::GfxVisualSpiral
DisplaySystem.dll	RVisual_t	load	0xB8	4	this:public void __thiscall RVisual_t::SetRenderPriority(enum RenderList_e) 	10021eb4	GfxVisualSpiral::GfxVisualSpiral
DisplaySystem.dll	RVisual_t	load	0xB8	4	this:public void __thiscall RVisual_t::SetRenderPriority(enum RenderList_e) 	10021eb4	GfxVisualSpiral::GfxVisualSpiral
DisplaySystem.dll	RVisual_t	load	0x190	4	this:public void __thiscall RVisual_t::SetRenderPriority(enum RenderList_e) 	10021eb4	GfxVisualSpiral::GfxVisualSpiral
DisplaySystem.dll	RVisual_t	load	0xB8	4	this:public void __thiscall RVisual_t::SetRenderPriority(enum RenderList_e) 	10021eb4	GfxVisualSpiral::GfxVisualSpiral
DisplaySystem.dll	RVisual_t	load	0xB8	4	this:public void __thiscall RVisual_t::SetRenderPriority(enum RenderList_e) 	10021eb4	GfxVisualSpiral::GfxVisualSpiral
DisplaySystem.dll	RVisual_t	load	0xB8	4	this:public void __thiscall RVisual_t::SetRenderPriority(enum RenderList_e) 	10021eb4	GfxVisualSpiral::GfxVisualSpiral
DisplaySystem.dll	RVisual_t	load	0xB8	4	this:public void __thiscall RVisual_t::SetRenderPriority(enum RenderList_e) 	10021eb4	GfxVisualSpiral::GfxVisualSpiral
DisplaySystem.dll	RVisual_t	load	0x194	4	this:public void __thiscall RVisual_t::SetRenderPriority(enum RenderList_e) 	10021eb4	GfxVisualSpiral::GfxVisualSpiral
DisplaySystem.dll	RVisual_t	load	0xB8	4	this:public void __thiscall RVisual_t::SetRenderPriority(enum RenderList_e) 	10021eb4	GfxVisualSpiral::GfxVisualSpiral
DisplaySystem.dll	RVisual_t	load	0xB8	4	this:public void __thiscall RVisual_t::SetRenderPriority(enum RenderList_e) 	10021eb4	GfxVisualSpiral::GfxVisualSpiral
DisplaySystem.dll	RVisual_t	load	0xB8	4	this:public void __thiscall RVisual_t::SetRenderPriority(enum RenderList_e) 	10021eb4	GfxVisualSpiral::GfxVisualSpiral
DisplaySystem.dll	RDeltaState	new_size	0x16C	0	ctor:public __thiscall RDeltaState::RDeltaState(char const *) 	10022256	FUN_10022256
DisplaySystem.dll	RVisual_t	load	0xB8	4	this:public void __thiscall RVisual_t::SetRenderPriority(enum RenderList_e) 	10022256	FUN_10022256
DisplaySystem.dll	RVisual_t	store	0xB8	4	this:public void __thiscall RVisual_t::SetRenderPriority(enum RenderList_e) 	10022256	FUN_10022256
DisplaySystem.dll	RVisual_t	load	0xB8	4	this:public void __thiscall RVisual_t::SetRenderPriority(enum RenderList_e) 	10022256	FUN_10022256
DisplaySystem.dll	RVisual_t	load	0xB8	4	this:public void __thiscall RVisual_t::SetRenderPriority(enum RenderList_e) 	10022256	FUN_10022256
DisplaySystem.dll	RVisual_t	load	0xB8	4	this:public void __thiscall RVisual_t::SetRenderPriority(enum RenderList_e) 	10022256	FUN_10022256
DisplaySystem.dll	RVisual_t	load	0xB8	4	this:public void __thiscall RVisual_t::SetRenderPriority(enum RenderList_e) 	10022256	FUN_10022256
DisplaySystem.dll	RVisual_t	load	0xB8	4	this:public void __thiscall RVisual_t::SetRenderPriority(enum RenderList_e) 	10022256	FUN_10022256
DisplaySystem.dll	RVisual_t	load	0xB8	4	this:public void __thiscall RVisual_t::SetRenderPriority(enum RenderList_e) 	10022256	FUN_10022256
DisplaySystem.dll	RVisual_t	load	0x17C	4	this:public void __thiscall RVisual_t::SetRenderPriority(enum RenderList_e) 	10022256	FUN_10022256
DisplaySystem.dll	RVisual_t	load	0xB8	4	this:public void __thiscall RVisual_t::SetRenderPriority(enum RenderList_e) 	10022256	FUN_10022256
DisplaySystem.dll	RVisual_t	load	0xB8	4	this:public void __thiscall RVisual_t::SetRenderPriority(enum RenderList_e) 	10022256	FUN_10022256
DisplaySystem.dll	RVisual_t	load	0xB8	4	this:public void __thiscall RVisual_t::SetRenderPriority(enum RenderList_e) 	10022256	FUN_10022256
DisplaySystem.dll	RVisual_t	load	0xB8	4	this:public void __thiscall RVisual_t::SetRenderPriority(enum RenderList_e) 	10022256	FUN_10022256
DisplaySystem.dll	RVisual_t	load	0xB8	4	this:public void __thiscall RVisual_t::SetRenderPriority(enum RenderList_e) 	10022256	FUN_10022256
DisplaySystem.dll	RVisual_t	load	0xB8	4	this:public void __thiscall RVisual_t::SetRenderPriority(enum RenderList_e) 	10022256	FUN_10022256
DisplaySystem.dll	RVisual_t	load	0xB8	4	this:public void __thiscall RVisual_t::SetRenderPriority(enum RenderList_e) 	10022256	FUN_10022256
DisplaySystem.dll	RVisual_t	load	0x190	4	this:public void __thiscall RVisual_t::SetRenderPriority(enum RenderList_e) 	10022256	FUN_10022256
DisplaySystem.dll	RVisual_t	load	0xB8	4	this:public void __thiscall RVisual_t::SetRenderPriority(enum RenderList_e) 	10022256	FUN_10022256
DisplaySystem.dll	RVisual_t	load	0xB8	4	this:public void __thiscall RVisual_t::SetRenderPriority(enum RenderList_e) 	10022256	FUN_10022256
DisplaySystem.dll	RVisual_t	load	0xB8	4	this:public void __thiscall RVisual_t::SetRenderPriority(enum RenderList_e) 	10022256	FUN_10022256
DisplaySystem.dll	RVisual_t	load	0xB8	4	this:public void __thiscall RVisual_t::SetRenderPriority(enum RenderList_e) 	10022256	FUN_10022256
DisplaySystem.dll	RVisual_t	load	0x194	4	this:public void __thiscall RVisual_t::SetRenderPriority(enum RenderList_e) 	10022256	FUN_10022256
DisplaySystem.dll	RVisual_t	load	0xB8	4	this:public void __thiscall RVisual_t::SetRenderPriority(enum RenderList_e) 	10022256	FUN_10022256
DisplaySystem.dll	RVisual_t	load	0xB8	4	this:public void __thiscall RVisual_t::SetRenderPriority(enum RenderList_e) 	10022256	FUN_10022256
DisplaySystem.dll	RVisual_t	load	0xB8	4	this:public void __thiscall RVisual_t::SetRenderPriority(enum RenderList_e) 	10022256	FUN_10022256
DisplaySystem.dll	RRefFrame_t	load	0x178	4	this:public class TMatrix4_t const & __thiscall RRefFrame_t::GetWorldMatrix(void) const 	10022687	FUN_10022687
DisplaySystem.dll	RRefFrame_t	load	0x1E4	4	this:public class TMatrix4_t const & __thiscall RRefFrame_t::GetWorldMatrix(void) const 	10022687	FUN_10022687
DisplaySystem.dll	RRefFrame_t	load	0x17C	4	this:public class TMatrix4_t const & __thiscall RRefFrame_t::GetWorldMatrix(void) const 	10022687	FUN_10022687
DisplaySystem.dll	RRefFrame_t	load_vptr?	0x0	4	this:public class TMatrix4_t const & __thiscall RRefFrame_t::GetWorldMatrix(void) const 	10022687	FUN_10022687
DisplaySystem.dll	RRefFrame_t	vcall	0x40	4	this:public class TMatrix4_t const & __thiscall RRefFrame_t::GetWorldMatrix(void) const 	10022687	FUN_10022687
DisplaySystem.dll	RRefFrame_t	load_vptr?	0x0	4	this:public class TMatrix4_t const & __thiscall RRefFrame_t::GetWorldMatrix(void) const 	10022687	FUN_10022687
DisplaySystem.dll	RRefFrame_t	vcall	0x44	4	this:public class TMatrix4_t const & __thiscall RRefFrame_t::GetWorldMatrix(void) const 	10022687	FUN_10022687
DisplaySystem.dll	RRefFrame_t	load_vptr?	0x0	4	this:public class TMatrix4_t const & __thiscall RRefFrame_t::GetWorldMatrix(void) const 	10022687	FUN_10022687
DisplaySystem.dll	RRefFrame_t	vcall	0x48	4	this:public class TMatrix4_t const & __thiscall RRefFrame_t::GetWorldMatrix(void) const 	10022687	FUN_10022687
DisplaySystem.dll	RDeltaState	new_size	0x16C	0	ctor:public __thiscall RDeltaState::RDeltaState(char const *) 	100228ef	FUN_100228ef
DisplaySystem.dll	RVisual_t	load	0xB8	4	this:public void __thiscall RVisual_t::SetRenderPriority(enum RenderList_e) 	100228ef	FUN_100228ef
DisplaySystem.dll	RVisual_t	store	0xB8	4	this:public void __thiscall RVisual_t::SetRenderPriority(enum RenderList_e) 	100228ef	FUN_100228ef
DisplaySystem.dll	RVisual_t	load	0xB8	4	this:public void __thiscall RVisual_t::SetRenderPriority(enum RenderList_e) 	100228ef	FUN_100228ef
DisplaySystem.dll	RVisual_t	load	0xB8	4	this:public void __thiscall RVisual_t::SetRenderPriority(enum RenderList_e) 	100228ef	FUN_100228ef
DisplaySystem.dll	RVisual_t	load	0xB8	4	this:public void __thiscall RVisual_t::SetRenderPriority(enum RenderList_e) 	100228ef	FUN_100228ef
DisplaySystem.dll	RVisual_t	load	0xB8	4	this:public void __thiscall RVisual_t::SetRenderPriority(enum RenderList_e) 	100228ef	FUN_100228ef
DisplaySystem.dll	RVisual_t	load	0xB8	4	this:public void __thiscall RVisual_t::SetRenderPriority(enum RenderList_e) 	100228ef	FUN_100228ef
DisplaySystem.dll	RVisual_t	load	0xB8	4	this:public void __thiscall RVisual_t::SetRenderPriority(enum RenderList_e) 	100228ef	FUN_100228ef
DisplaySystem.dll	RVisual_t	load	0x17C	4	this:public void __thiscall RVisual_t::SetRenderPriority(enum RenderList_e) 	100228ef	FUN_100228ef
DisplaySystem.dll	RVisual_t	load	0xB8	4	this:public void __thiscall RVisual_t::SetRenderPriority(enum RenderList_e) 	100228ef	FUN_100228ef
DisplaySystem.dll	RVisual_t	load	0xB8	4	this:public void __thiscall RVisual_t::SetRenderPriority(enum RenderList_e) 	100228ef	FUN_100228ef
DisplaySystem.dll	RVisual_t	load	0xB8	4	this:public void __thiscall RVisual_t::SetRenderPriority(enum RenderList_e) 	100228ef	FUN_100228ef
DisplaySystem.dll	RVisual_t	load	0xB8	4	this:public void __thiscall RVisual_t::SetRenderPriority(enum RenderList_e) 	100228ef	FUN_100228ef
DisplaySystem.dll	RVisual_t	load	0xB8	4	this:public void __thiscall RVisual_t::SetRenderPriority(enum RenderList_e) 	100228ef	FUN_100228ef
DisplaySystem.dll	RVisual_t	load	0xB8	4	this:public void __thiscall RVisual_t::SetRenderPriority(enum RenderList_e) 	100228ef	FUN_100228ef
DisplaySystem.dll	RVisual_t	load	0xB8	4	this:public void __thiscall RVisual_t::SetRenderPriority(enum RenderList_e) 	100228ef	FUN_100228ef
DisplaySystem.dll	RVisual_t	load	0x190	4	this:public void __thiscall RVisual_t::SetRenderPriority(enum RenderList_e) 	100228ef	FUN_100228ef
DisplaySystem.dll	RVisual_t	load	0xB8	4	this:public void __thiscall RVisual_t::SetRenderPriority(enum RenderList_e) 	100228ef	FUN_100228ef
DisplaySystem.dll	RVisual_t	load	0xB8	4	this:public void __thiscall RVisual_t::SetRenderPriority(enum RenderList_e) 	100228ef	FUN_100228ef
DisplaySystem.dll	RVisual_t	load	0xB8	4	this:public void __thiscall RVisual_t::SetRenderPriority(enum RenderList_e) 	100228ef	FUN_100228ef
DisplaySystem.dll	RVisual_t	load	0xB8	4	this:public void __thiscall RVisual_t::SetRenderPriority(enum RenderList_e) 	100228ef	FUN_100228ef
DisplaySystem.dll	RVisual_t	load	0x194	4	this:public void __thiscall RVisual_t::SetRenderPriority(enum RenderList_e) 	100228ef	FUN_100228ef
DisplaySystem.dll	RVisual_t	load	0xB8	4	this:public void __thiscall RVisual_t::SetRenderPriority(enum RenderList_e) 	100228ef	FUN_100228ef
DisplaySystem.dll	RVisual_t	load	0xB8	4	this:public void __thiscall RVisual_t::SetRenderPriority(enum RenderList_e) 	100228ef	FUN_100228ef
DisplaySystem.dll	RVisual_t	load	0xB8	4	this:public void __thiscall RVisual_t::SetRenderPriority(enum RenderList_e) 	100228ef	FUN_100228ef
DisplaySystem.dll	RRefFrame_t	load	0x1A8	1	this:public class TMatrix4_t const & __thiscall RRefFrame_t::GetWorldMatrix(void) const 	10022d4f	FUN_10022d4f
DisplaySystem.dll	RRefFrame_t	load	0x178	4	this:public class TMatrix4_t const & __thiscall RRefFrame_t::GetWorldMatrix(void) const 	10022d4f	FUN_10022d4f
DisplaySystem.dll	RRefFrame_t	load	0x1A9	1	this:public class TMatrix4_t const & __thiscall RRefFrame_t::GetWorldMatrix(void) const 	10022d4f	FUN_10022d4f
DisplaySystem.dll	RRefFrame_t	load	0x1E4	4	this:public class TMatrix4_t const & __thiscall RRefFrame_t::GetWorldMatrix(void) const 	10022d4f	FUN_10022d4f
DisplaySystem.dll	RRefFrame_t	load	0x1E0	4	this:public class TMatrix4_t const & __thiscall RRefFrame_t::GetWorldMatrix(void) const 	10022d4f	FUN_10022d4f
DisplaySystem.dll	RRefFrame_t	load	0x17C	4	this:public class TMatrix4_t const & __thiscall RRefFrame_t::GetWorldMatrix(void) const 	10022d4f	FUN_10022d4f
DisplaySystem.dll	RRefFrame_t	load_vptr?	0x0	4	this:public class TMatrix4_t const & __thiscall RRefFrame_t::GetWorldMatrix(void) const 	10022d4f	FUN_10022d4f
DisplaySystem.dll	RRefFrame_t	vcall	0x40	4	this:public class TMatrix4_t const & __thiscall RRefFrame_t::GetWorldMatrix(void) const 	10022d4f	FUN_10022d4f
DisplaySystem.dll	RRefFrame_t	load_vptr?	0x0	4	this:public class TMatrix4_t const & __thiscall RRefFrame_t::GetWorldMatrix(void) const 	10022d4f	FUN_10022d4f
DisplaySystem.dll	RRefFrame_t	vcall	0x44	4	this:public class TMatrix4_t const & __thiscall RRefFrame_t::GetWorldMatrix(void) const 	10022d4f	FUN_10022d4f
DisplaySystem.dll	RRefFrame_t	load	0x1E0	4	this:public class TMatrix4_t const & __thiscall RRefFrame_t::GetWorldMatrix(void) const 	10022d4f	FUN_10022d4f
DisplaySystem.dll	RRefFrame_t	load	0x1E4	4	this:public class TMatrix4_t const & __thiscall RRefFrame_t::GetWorldMatrix(void) const 	10022d4f	FUN_10022d4f
DisplaySystem.dll	RRefFrame_t	load	0x1D0	4	this:public class TMatrix4_t const & __thiscall RRefFrame_t::GetWorldMatrix(void) const 	10022d4f	FUN_10022d4f
DisplaySystem.dll	RRefFrame_t	load	0x1D4	4	this:public class TMatrix4_t const & __thiscall RRefFrame_t::GetWorldMatrix(void) const 	10022d4f	FUN_10022d4f
DisplaySystem.dll	RRefFrame_t	load_vptr?	0x0	4	this:public class TMatrix4_t const & __thiscall RRefFrame_t::GetWorldMatrix(void) const 	10022d4f	FUN_10022d4f
DisplaySystem.dll	RRefFrame_t	vcall	0x48	4	this:public class TMatrix4_t const & __thiscall RRefFrame_t::GetWorldMatrix(void) const 	10022d4f	FUN_10022d4f
DisplaySystem.dll	RDeltaState	new_size	0x16C	0	ctor:public __thiscall RDeltaState::RDeltaState(char const *) 	10023662	GfxVisualSprite::GfxVisualSprite
DisplaySystem.dll	RVisual_t	store_vptr?	0x0	4	this:public void __thiscall RVisual_t::SetRenderPriority(enum RenderList_e) 	10023662	GfxVisualSprite::GfxVisualSprite
DisplaySystem.dll	RVisual_t	store	0xA4	4	this:public void __thiscall RVisual_t::SetRenderPriority(enum RenderList_e) 	10023662	GfxVisualSprite::GfxVisualSprite
DisplaySystem.dll	RVisual_t	store	0x1A8	4	this:public void __thiscall RVisual_t::SetRenderPriority(enum RenderList_e) 	10023662	GfxVisualSprite::GfxVisualSprite
DisplaySystem.dll	RVisual_t	load	0xB8	4	this:public void __thiscall RVisual_t::SetRenderPriority(enum RenderList_e) 	10023662	GfxVisualSprite::GfxVisualSprite
DisplaySystem.dll	RVisual_t	store	0xB8	4	this:public void __thiscall RVisual_t::SetRenderPriority(enum RenderList_e) 	10023662	GfxVisualSprite::GfxVisualSprite
DisplaySystem.dll	RVisual_t	load	0xB8	4	this:public void __thiscall RVisual_t::SetRenderPriority(enum RenderList_e) 	10023662	GfxVisualSprite::GfxVisualSprite
DisplaySystem.dll	RVisual_t	load	0xB8	4	this:public void __thiscall RVisual_t::SetRenderPriority(enum RenderList_e) 	10023662	GfxVisualSprite::GfxVisualSprite
DisplaySystem.dll	RVisual_t	load	0xB8	4	this:public void __thiscall RVisual_t::SetRenderPriority(enum RenderList_e) 	10023662	GfxVisualSprite::GfxVisualSprite
DisplaySystem.dll	RVisual_t	load	0xB8	4	this:public void __thiscall RVisual_t::SetRenderPriority(enum RenderList_e) 	10023662	GfxVisualSprite::GfxVisualSprite
DisplaySystem.dll	RVisual_t	load	0xB8	4	this:public void __thiscall RVisual_t::SetRenderPriority(enum RenderList_e) 	10023662	GfxVisualSprite::GfxVisualSprite
DisplaySystem.dll	RVisual_t	load	0xB8	4	this:public void __thiscall RVisual_t::SetRenderPriority(enum RenderList_e) 	10023662	GfxVisualSprite::GfxVisualSprite
DisplaySystem.dll	RVisual_t	load	0xB8	4	this:public void __thiscall RVisual_t::SetRenderPriority(enum RenderList_e) 	10023662	GfxVisualSprite::GfxVisualSprite
DisplaySystem.dll	RVisual_t	load	0xB8	4	this:public void __thiscall RVisual_t::SetRenderPriority(enum RenderList_e) 	10023662	GfxVisualSprite::GfxVisualSprite
DisplaySystem.dll	RVisual_t	load	0x17C	4	this:public void __thiscall RVisual_t::SetRenderPriority(enum RenderList_e) 	10023662	GfxVisualSprite::GfxVisualSprite
DisplaySystem.dll	RVisual_t	load	0xB8	4	this:public void __thiscall RVisual_t::SetRenderPriority(enum RenderList_e) 	10023662	GfxVisualSprite::GfxVisualSprite
DisplaySystem.dll	RVisual_t	load	0xB8	4	this:public void __thiscall RVisual_t::SetRenderPriority(enum RenderList_e) 	10023662	GfxVisualSprite::GfxVisualSprite
DisplaySystem.dll	RVisual_t	load	0xB8	4	this:public void __thiscall RVisual_t::SetRenderPriority(enum RenderList_e) 	10023662	GfxVisualSprite::GfxVisualSprite
DisplaySystem.dll	RVisual_t	load	0xB8	4	this:public void __thiscall RVisual_t::SetRenderPriority(enum RenderList_e) 	10023662	GfxVisualSprite::GfxVisualSprite
DisplaySystem.dll	RVisual_t	load	0xB8	4	this:public void __thiscall RVisual_t::SetRenderPriority(enum RenderList_e) 	10023662	GfxVisualSprite::GfxVisualSprite
DisplaySystem.dll	RVisual_t	load	0xB8	4	this:public void __thiscall RVisual_t::SetRenderPriority(enum RenderList_e) 	10023662	GfxVisualSprite::GfxVisualSprite
DisplaySystem.dll	RVisual_t	load	0xB8	4	this:public void __thiscall RVisual_t::SetRenderPriority(enum RenderList_e) 	10023662	GfxVisualSprite::GfxVisualSprite
DisplaySystem.dll	RVisual_t	load	0x190	4	this:public void __thiscall RVisual_t::SetRenderPriority(enum RenderList_e) 	10023662	GfxVisualSprite::GfxVisualSprite
DisplaySystem.dll	RVisual_t	load	0xB8	4	this:public void __thiscall RVisual_t::SetRenderPriority(enum RenderList_e) 	10023662	GfxVisualSprite::GfxVisualSprite
DisplaySystem.dll	RVisual_t	load	0xB8	4	this:public void __thiscall RVisual_t::SetRenderPriority(enum RenderList_e) 	10023662	GfxVisualSprite::GfxVisualSprite
DisplaySystem.dll	RVisual_t	load	0xB8	4	this:public void __thiscall RVisual_t::SetRenderPriority(enum RenderList_e) 	10023662	GfxVisualSprite::GfxVisualSprite
DisplaySystem.dll	RVisual_t	load	0xB8	4	this:public void __thiscall RVisual_t::SetRenderPriority(enum RenderList_e) 	10023662	GfxVisualSprite::GfxVisualSprite
DisplaySystem.dll	RVisual_t	load	0x194	4	this:public void __thiscall RVisual_t::SetRenderPriority(enum RenderList_e) 	10023662	GfxVisualSprite::GfxVisualSprite
DisplaySystem.dll	RVisual_t	load	0xB8	4	this:public void __thiscall RVisual_t::SetRenderPriority(enum RenderList_e) 	10023662	GfxVisualSprite::GfxVisualSprite
DisplaySystem.dll	RVisual_t	load	0xB8	4	this:public void __thiscall RVisual_t::SetRenderPriority(enum RenderList_e) 	10023662	GfxVisualSprite::GfxVisualSprite
DisplaySystem.dll	RVisual_t	load	0xB8	4	this:public void __thiscall RVisual_t::SetRenderPriority(enum RenderList_e) 	10023662	GfxVisualSprite::GfxVisualSprite
DisplaySystem.dll	RVisual_t	store	0x1BC	4	this:public void __thiscall RVisual_t::SetRenderPriority(enum RenderList_e) 	10023662	GfxVisualSprite::GfxVisualSprite
DisplaySystem.dll	RVisual_t	store	0x1C0	4	this:public void __thiscall RVisual_t::SetRenderPriority(enum RenderList_e) 	10023662	GfxVisualSprite::GfxVisualSprite
DisplaySystem.dll	RVisual_t	store	0x1C4	4	this:public void __thiscall RVisual_t::SetRenderPriority(enum RenderList_e) 	10023662	GfxVisualSprite::GfxVisualSprite
DisplaySystem.dll	RVisual_t	store	0x1C8	4	this:public void __thiscall RVisual_t::SetRenderPriority(enum RenderList_e) 	10023662	GfxVisualSprite::GfxVisualSprite
DisplaySystem.dll	RVisual_t	store	0x1AC	4	this:public void __thiscall RVisual_t::SetRenderPriority(enum RenderList_e) 	10023662	GfxVisualSprite::GfxVisualSprite
DisplaySystem.dll	RVisual_t	store	0x1B0	4	this:public void __thiscall RVisual_t::SetRenderPriority(enum RenderList_e) 	10023662	GfxVisualSprite::GfxVisualSprite
DisplaySystem.dll	RVisual_t	store	0x1B8	4	this:public void __thiscall RVisual_t::SetRenderPriority(enum RenderList_e) 	10023662	GfxVisualSprite::GfxVisualSprite
DisplaySystem.dll	RVisual_t	store	0x1B4	4	this:public void __thiscall RVisual_t::SetRenderPriority(enum RenderList_e) 	10023662	GfxVisualSprite::GfxVisualSprite
DisplaySystem.dll	RVisual_t	store_vptr?	0x0	4	this:public void __thiscall RVisual_t::SetRenderPriority(enum RenderList_e) 	10023885	GfxVisualSprite::GfxVisualSprite
DisplaySystem.dll	RVisual_t	store	0xA4	4	this:public void __thiscall RVisual_t::SetRenderPriority(enum RenderList_e) 	10023885	GfxVisualSprite::GfxVisualSprite
DisplaySystem.dll	RVisual_t	store	0x1A8	4	this:public void __thiscall RVisual_t::SetRenderPriority(enum RenderList_e) 	10023885	GfxVisualSprite::GfxVisualSprite
DisplaySystem.dll	RVisual_t	store	0xB8	4	this:public void __thiscall RVisual_t::SetRenderPriority(enum RenderList_e) 	10023885	GfxVisualSprite::GfxVisualSprite
DisplaySystem.dll	RVisual_t	store	0x1BC	4	this:public void __thiscall RVisual_t::SetRenderPriority(enum RenderList_e) 	10023885	GfxVisualSprite::GfxVisualSprite
DisplaySystem.dll	RVisual_t	store	0x1C0	4	this:public void __thiscall RVisual_t::SetRenderPriority(enum RenderList_e) 	10023885	GfxVisualSprite::GfxVisualSprite
DisplaySystem.dll	RVisual_t	store	0x1C4	4	this:public void __thiscall RVisual_t::SetRenderPriority(enum RenderList_e) 	10023885	GfxVisualSprite::GfxVisualSprite
DisplaySystem.dll	RVisual_t	store	0x1C8	4	this:public void __thiscall RVisual_t::SetRenderPriority(enum RenderList_e) 	10023885	GfxVisualSprite::GfxVisualSprite
DisplaySystem.dll	RVisual_t	store	0x1AC	4	this:public void __thiscall RVisual_t::SetRenderPriority(enum RenderList_e) 	10023885	GfxVisualSprite::GfxVisualSprite
DisplaySystem.dll	RVisual_t	store	0x1B0	4	this:public void __thiscall RVisual_t::SetRenderPriority(enum RenderList_e) 	10023885	GfxVisualSprite::GfxVisualSprite
DisplaySystem.dll	RVisual_t	store	0x1B8	4	this:public void __thiscall RVisual_t::SetRenderPriority(enum RenderList_e) 	10023885	GfxVisualSprite::GfxVisualSprite
DisplaySystem.dll	RVisual_t	store	0x1B4	4	this:public void __thiscall RVisual_t::SetRenderPriority(enum RenderList_e) 	10023885	GfxVisualSprite::GfxVisualSprite
DisplaySystem.dll	RRefFrame_t	load	0x178	4	this:public class TMatrix4_t const & __thiscall RRefFrame_t::GetWorldMatrix(void) const 	10023929	FUN_10023929
DisplaySystem.dll	RRefFrame_t	load	0x17C	4	this:public class TMatrix4_t const & __thiscall RRefFrame_t::GetWorldMatrix(void) const 	10023929	FUN_10023929
DisplaySystem.dll	RRefFrame_t	load_vptr?	0x0	4	this:public class TMatrix4_t const & __thiscall RRefFrame_t::GetWorldMatrix(void) const 	10023929	FUN_10023929
DisplaySystem.dll	RRefFrame_t	vcall	0x40	4	this:public class TMatrix4_t const & __thiscall RRefFrame_t::GetWorldMatrix(void) const 	10023929	FUN_10023929
DisplaySystem.dll	RRefFrame_t	load_vptr?	0x0	4	this:public class TMatrix4_t const & __thiscall RRefFrame_t::GetWorldMatrix(void) const 	10023929	FUN_10023929
DisplaySystem.dll	RRefFrame_t	vcall	0x44	4	this:public class TMatrix4_t const & __thiscall RRefFrame_t::GetWorldMatrix(void) const 	10023929	FUN_10023929
DisplaySystem.dll	RRefFrame_t	load	0x198	4	this:public class TMatrix4_t const & __thiscall RRefFrame_t::GetWorldMatrix(void) const 	10023929	FUN_10023929
DisplaySystem.dll	RRefFrame_t	load	0x184	4	this:public class TMatrix4_t const & __thiscall RRefFrame_t::GetWorldMatrix(void) const 	10023929	FUN_10023929
DisplaySystem.dll	RRefFrame_t	load	0x188	4	this:public class TMatrix4_t const & __thiscall RRefFrame_t::GetWorldMatrix(void) const 	10023929	FUN_10023929
DisplaySystem.dll	RRefFrame_t	load	0x180	4	this:public class TMatrix4_t const & __thiscall RRefFrame_t::GetWorldMatrix(void) const 	10023929	FUN_10023929
DisplaySystem.dll	RRefFrame_t	load	0x198	4	this:public class TMatrix4_t const & __thiscall RRefFrame_t::GetWorldMatrix(void) const 	10023929	FUN_10023929
DisplaySystem.dll	RRefFrame_t	load	0x180	4	this:public class TMatrix4_t const & __thiscall RRefFrame_t::GetWorldMatrix(void) const 	10023929	FUN_10023929
DisplaySystem.dll	RRefFrame_t	load	0x188	4	this:public class TMatrix4_t const & __thiscall RRefFrame_t::GetWorldMatrix(void) const 	10023929	FUN_10023929
DisplaySystem.dll	RRefFrame_t	load	0x1AC	4	this:public class TMatrix4_t const & __thiscall RRefFrame_t::GetWorldMatrix(void) const 	10023929	FUN_10023929
DisplaySystem.dll	RRefFrame_t	load	0x1B4	4	this:public class TMatrix4_t const & __thiscall RRefFrame_t::GetWorldMatrix(void) const 	10023929	FUN_10023929
DisplaySystem.dll	RRefFrame_t	load	0x1BC	4	this:public class TMatrix4_t const & __thiscall RRefFrame_t::GetWorldMatrix(void) const 	10023929	FUN_10023929
DisplaySystem.dll	RRefFrame_t	load	0x1B0	4	this:public class TMatrix4_t const & __thiscall RRefFrame_t::GetWorldMatrix(void) const 	10023929	FUN_10023929
DisplaySystem.dll	RRefFrame_t	load	0x1B4	4	this:public class TMatrix4_t const & __thiscall RRefFrame_t::GetWorldMatrix(void) const 	10023929	FUN_10023929
DisplaySystem.dll	RRefFrame_t	load	0x1C0	4	this:public class TMatrix4_t const & __thiscall RRefFrame_t::GetWorldMatrix(void) const 	10023929	FUN_10023929
DisplaySystem.dll	RRefFrame_t	load	0x1AC	4	this:public class TMatrix4_t const & __thiscall RRefFrame_t::GetWorldMatrix(void) const 	10023929	FUN_10023929
DisplaySystem.dll	RRefFrame_t	load	0x1B8	4	this:public class TMatrix4_t const & __thiscall RRefFrame_t::GetWorldMatrix(void) const 	10023929	FUN_10023929
DisplaySystem.dll	RRefFrame_t	load	0x1C4	4	this:public class TMatrix4_t const & __thiscall RRefFrame_t::GetWorldMatrix(void) const 	10023929	FUN_10023929
DisplaySystem.dll	RRefFrame_t	load	0x1B0	4	this:public class TMatrix4_t const & __thiscall RRefFrame_t::GetWorldMatrix(void) const 	10023929	FUN_10023929
DisplaySystem.dll	RRefFrame_t	load	0x1B8	4	this:public class TMatrix4_t const & __thiscall RRefFrame_t::GetWorldMatrix(void) const 	10023929	FUN_10023929
DisplaySystem.dll	RRefFrame_t	load	0x1C8	4	this:public class TMatrix4_t const & __thiscall RRefFrame_t::GetWorldMatrix(void) const 	10023929	FUN_10023929
DisplaySystem.dll	RRefFrame_t	load	0x1A8	4	this:public class TMatrix4_t const & __thiscall RRefFrame_t::GetWorldMatrix(void) const 	10023929	FUN_10023929
DisplaySystem.dll	RRefFrame_t	load	0x1A8	4	this:public class TMatrix4_t const & __thiscall RRefFrame_t::GetWorldMatrix(void) const 	10023929	FUN_10023929
DisplaySystem.dll	RRefFrame_t	load_vptr?	0x0	4	this:public class TMatrix4_t const & __thiscall RRefFrame_t::GetWorldMatrix(void) const 	10023929	FUN_10023929
DisplaySystem.dll	RRefFrame_t	vcall	0x48	4	this:public class TMatrix4_t const & __thiscall RRefFrame_t::GetWorldMatrix(void) const 	10023929	FUN_10023929
DisplaySystem.dll	RDeltaState	new_size	0x16C	0	ctor:public __thiscall RDeltaState::RDeltaState(char const *) 	10023c6a	GfxVisualSprite2::GfxVisualSprite2
DisplaySystem.dll	RVisual_t	store	0x1A8	4	this:public void __thiscall RVisual_t::SetRenderPriority(enum RenderList_e) 	10023c6a	GfxVisualSprite2::GfxVisualSprite2
DisplaySystem.dll	RVisual_t	store	0x1AC	4	this:public void __thiscall RVisual_t::SetRenderPriority(enum RenderList_e) 	10023c6a	GfxVisualSprite2::GfxVisualSprite2
DisplaySystem.dll	RVisual_t	store_vptr?	0x0	4	this:public void __thiscall RVisual_t::SetRenderPriority(enum RenderList_e) 	10023c6a	GfxVisualSprite2::GfxVisualSprite2
DisplaySystem.dll	RVisual_t	store	0xA4	4	this:public void __thiscall RVisual_t::SetRenderPriority(enum RenderList_e) 	10023c6a	GfxVisualSprite2::GfxVisualSprite2
DisplaySystem.dll	RVisual_t	load	0xB8	4	this:public void __thiscall RVisual_t::SetRenderPriority(enum RenderList_e) 	10023c6a	GfxVisualSprite2::GfxVisualSprite2
DisplaySystem.dll	RVisual_t	store	0xB8	4	this:public void __thiscall RVisual_t::SetRenderPriority(enum RenderList_e) 	10023c6a	GfxVisualSprite2::GfxVisualSprite2
DisplaySystem.dll	RVisual_t	load	0xB8	4	this:public void __thiscall RVisual_t::SetRenderPriority(enum RenderList_e) 	10023c6a	GfxVisualSprite2::GfxVisualSprite2
DisplaySystem.dll	RVisual_t	load	0xB8	4	this:public void __thiscall RVisual_t::SetRenderPriority(enum RenderList_e) 	10023c6a	GfxVisualSprite2::GfxVisualSprite2
DisplaySystem.dll	RVisual_t	load	0xB8	4	this:public void __thiscall RVisual_t::SetRenderPriority(enum RenderList_e) 	10023c6a	GfxVisualSprite2::GfxVisualSprite2
DisplaySystem.dll	RVisual_t	load	0xB8	4	this:public void __thiscall RVisual_t::SetRenderPriority(enum RenderList_e) 	10023c6a	GfxVisualSprite2::GfxVisualSprite2
DisplaySystem.dll	RVisual_t	load	0xB8	4	this:public void __thiscall RVisual_t::SetRenderPriority(enum RenderList_e) 	10023c6a	GfxVisualSprite2::GfxVisualSprite2
DisplaySystem.dll	RVisual_t	load	0xB8	4	this:public void __thiscall RVisual_t::SetRenderPriority(enum RenderList_e) 	10023c6a	GfxVisualSprite2::GfxVisualSprite2
DisplaySystem.dll	RVisual_t	load	0xB8	4	this:public void __thiscall RVisual_t::SetRenderPriority(enum RenderList_e) 	10023c6a	GfxVisualSprite2::GfxVisualSprite2
DisplaySystem.dll	RVisual_t	load	0x17C	4	this:public void __thiscall RVisual_t::SetRenderPriority(enum RenderList_e) 	10023c6a	GfxVisualSprite2::GfxVisualSprite2
DisplaySystem.dll	RVisual_t	load	0xB8	4	this:public void __thiscall RVisual_t::SetRenderPriority(enum RenderList_e) 	10023c6a	GfxVisualSprite2::GfxVisualSprite2
DisplaySystem.dll	RVisual_t	load	0xB8	4	this:public void __thiscall RVisual_t::SetRenderPriority(enum RenderList_e) 	10023c6a	GfxVisualSprite2::GfxVisualSprite2
DisplaySystem.dll	RVisual_t	load	0xB8	4	this:public void __thiscall RVisual_t::SetRenderPriority(enum RenderList_e) 	10023c6a	GfxVisualSprite2::GfxVisualSprite2
DisplaySystem.dll	RVisual_t	load	0xB8	4	this:public void __thiscall RVisual_t::SetRenderPriority(enum RenderList_e) 	10023c6a	GfxVisualSprite2::GfxVisualSprite2
DisplaySystem.dll	RVisual_t	load	0xB8	4	this:public void __thiscall RVisual_t::SetRenderPriority(enum RenderList_e) 	10023c6a	GfxVisualSprite2::GfxVisualSprite2
DisplaySystem.dll	RVisual_t	load	0xB8	4	this:public void __thiscall RVisual_t::SetRenderPriority(enum RenderList_e) 	10023c6a	GfxVisualSprite2::GfxVisualSprite2
DisplaySystem.dll	RVisual_t	load	0xB8	4	this:public void __thiscall RVisual_t::SetRenderPriority(enum RenderList_e) 	10023c6a	GfxVisualSprite2::GfxVisualSprite2
DisplaySystem.dll	RVisual_t	load	0xB8	4	this:public void __thiscall RVisual_t::SetRenderPriority(enum RenderList_e) 	10023c6a	GfxVisualSprite2::GfxVisualSprite2
DisplaySystem.dll	RVisual_t	load	0xB8	4	this:public void __thiscall RVisual_t::SetRenderPriority(enum RenderList_e) 	10023c6a	GfxVisualSprite2::GfxVisualSprite2
DisplaySystem.dll	RVisual_t	load	0x190	4	this:public void __thiscall RVisual_t::SetRenderPriority(enum RenderList_e) 	10023c6a	GfxVisualSprite2::GfxVisualSprite2
DisplaySystem.dll	RVisual_t	load	0xB8	4	this:public void __thiscall RVisual_t::SetRenderPriority(enum RenderList_e) 	10023c6a	GfxVisualSprite2::GfxVisualSprite2
DisplaySystem.dll	RVisual_t	load	0xB8	4	this:public void __thiscall RVisual_t::SetRenderPriority(enum RenderList_e) 	10023c6a	GfxVisualSprite2::GfxVisualSprite2
DisplaySystem.dll	RVisual_t	load	0xB8	4	this:public void __thiscall RVisual_t::SetRenderPriority(enum RenderList_e) 	10023c6a	GfxVisualSprite2::GfxVisualSprite2
DisplaySystem.dll	RVisual_t	load	0x194	4	this:public void __thiscall RVisual_t::SetRenderPriority(enum RenderList_e) 	10023c6a	GfxVisualSprite2::GfxVisualSprite2
DisplaySystem.dll	RVisual_t	load	0xB8	4	this:public void __thiscall RVisual_t::SetRenderPriority(enum RenderList_e) 	10023c6a	GfxVisualSprite2::GfxVisualSprite2
DisplaySystem.dll	RVisual_t	load	0xB8	4	this:public void __thiscall RVisual_t::SetRenderPriority(enum RenderList_e) 	10023c6a	GfxVisualSprite2::GfxVisualSprite2
DisplaySystem.dll	RVisual_t	load	0xB8	4	this:public void __thiscall RVisual_t::SetRenderPriority(enum RenderList_e) 	10023c6a	GfxVisualSprite2::GfxVisualSprite2
DisplaySystem.dll	RRefFrame_t	load	0x178	4	this:public class TMatrix4_t const & __thiscall RRefFrame_t::GetWorldMatrix(void) const 	10023ea4	FUN_10023ea4
DisplaySystem.dll	RRefFrame_t	load	0x17C	4	this:public class TMatrix4_t const & __thiscall RRefFrame_t::GetWorldMatrix(void) const 	10023ea4	FUN_10023ea4
DisplaySystem.dll	RRefFrame_t	load_vptr?	0x0	4	this:public class TMatrix4_t const & __thiscall RRefFrame_t::GetWorldMatrix(void) const 	10023ea4	FUN_10023ea4
DisplaySystem.dll	RRefFrame_t	vcall	0x40	4	this:public class TMatrix4_t const & __thiscall RRefFrame_t::GetWorldMatrix(void) const 	10023ea4	FUN_10023ea4
DisplaySystem.dll	RRefFrame_t	load_vptr?	0x0	4	this:public class TMatrix4_t const & __thiscall RRefFrame_t::GetWorldMatrix(void) const 	10023ea4	FUN_10023ea4
DisplaySystem.dll	RRefFrame_t	vcall	0x44	4	this:public class TMatrix4_t const & __thiscall RRefFrame_t::GetWorldMatrix(void) const 	10023ea4	FUN_10023ea4
DisplaySystem.dll	RRefFrame_t	load	0x17C	4	this:public class TMatrix4_t const & __thiscall RRefFrame_t::GetWorldMatrix(void) const 	10023ea4	FUN_10023ea4
DisplaySystem.dll	RRefFrame_t	load	0x198	4	this:public class TMatrix4_t const & __thiscall RRefFrame_t::GetWorldMatrix(void) const 	10023ea4	FUN_10023ea4
DisplaySystem.dll	RRefFrame_t	load	0x184	4	this:public class TMatrix4_t const & __thiscall RRefFrame_t::GetWorldMatrix(void) const 	10023ea4	FUN_10023ea4
DisplaySystem.dll	RRefFrame_t	load	0x188	4	this:public class TMatrix4_t const & __thiscall RRefFrame_t::GetWorldMatrix(void) const 	10023ea4	FUN_10023ea4
DisplaySystem.dll	RRefFrame_t	load	0x180	4	this:public class TMatrix4_t const & __thiscall RRefFrame_t::GetWorldMatrix(void) const 	10023ea4	FUN_10023ea4
DisplaySystem.dll	RRefFrame_t	load	0x1A8	4	this:public class TMatrix4_t const & __thiscall RRefFrame_t::GetWorldMatrix(void) const 	10023ea4	FUN_10023ea4
DisplaySystem.dll	RRefFrame_t	load	0x1AC	4	this:public class TMatrix4_t const & __thiscall RRefFrame_t::GetWorldMatrix(void) const 	10023ea4	FUN_10023ea4
DisplaySystem.dll	RRefFrame_t	load	0x18C	4	this:public class TMatrix4_t const & __thiscall RRefFrame_t::GetWorldMatrix(void) const 	10023ea4	FUN_10023ea4
DisplaySystem.dll	RRefFrame_t	load	0x18C	4	this:public class TMatrix4_t const & __thiscall RRefFrame_t::GetWorldMatrix(void) const 	10023ea4	FUN_10023ea4
DisplaySystem.dll	RRefFrame_t	load	0x18C	4	this:public class TMatrix4_t const & __thiscall RRefFrame_t::GetWorldMatrix(void) const 	10023ea4	FUN_10023ea4
DisplaySystem.dll	RRefFrame_t	load	0x18C	4	this:public class TMatrix4_t const & __thiscall RRefFrame_t::GetWorldMatrix(void) const 	10023ea4	FUN_10023ea4
DisplaySystem.dll	RRefFrame_t	load_vptr?	0x0	4	this:public class TMatrix4_t const & __thiscall RRefFrame_t::GetWorldMatrix(void) const 	10023ea4	FUN_10023ea4
DisplaySystem.dll	RRefFrame_t	vcall	0x48	4	this:public class TMatrix4_t const & __thiscall RRefFrame_t::GetWorldMatrix(void) const 	10023ea4	FUN_10023ea4
DisplaySystem.dll	RDeltaState	new_size	0x16C	0	ctor:public __thiscall RDeltaState::RDeltaState(char const *) 	10024265	FUN_10024265
DisplaySystem.dll	RVisual_t	store_vptr?	0x0	4	this:public void __thiscall RVisual_t::SetRenderPriority(enum RenderList_e) 	10024265	FUN_10024265
DisplaySystem.dll	RVisual_t	store	0xA4	4	this:public void __thiscall RVisual_t::SetRenderPriority(enum RenderList_e) 	10024265	FUN_10024265
DisplaySystem.dll	RVisual_t	store	0x1A8	4	this:public void __thiscall RVisual_t::SetRenderPriority(enum RenderList_e) 	10024265	FUN_10024265
DisplaySystem.dll	RVisual_t	store	0x1AC	4	this:public void __thiscall RVisual_t::SetRenderPriority(enum RenderList_e) 	10024265	FUN_10024265
DisplaySystem.dll	RVisual_t	store	0x1B0	4	this:public void __thiscall RVisual_t::SetRenderPriority(enum RenderList_e) 	10024265	FUN_10024265
DisplaySystem.dll	RVisual_t	store	0xDA8	4	this:public void __thiscall RVisual_t::SetRenderPriority(enum RenderList_e) 	10024265	FUN_10024265
DisplaySystem.dll	RVisual_t	load	0xB8	4	this:public void __thiscall RVisual_t::SetRenderPriority(enum RenderList_e) 	10024265	FUN_10024265
DisplaySystem.dll	RVisual_t	store	0xB8	4	this:public void __thiscall RVisual_t::SetRenderPriority(enum RenderList_e) 	10024265	FUN_10024265
DisplaySystem.dll	RVisual_t	load	0xB8	4	this:public void __thiscall RVisual_t::SetRenderPriority(enum RenderList_e) 	10024265	FUN_10024265
DisplaySystem.dll	RVisual_t	load	0xB8	4	this:public void __thiscall RVisual_t::SetRenderPriority(enum RenderList_e) 	10024265	FUN_10024265
DisplaySystem.dll	RVisual_t	load	0xB8	4	this:public void __thiscall RVisual_t::SetRenderPriority(enum RenderList_e) 	10024265	FUN_10024265
DisplaySystem.dll	RVisual_t	load	0xB8	4	this:public void __thiscall RVisual_t::SetRenderPriority(enum RenderList_e) 	10024265	FUN_10024265
DisplaySystem.dll	RVisual_t	load	0xB8	4	this:public void __thiscall RVisual_t::SetRenderPriority(enum RenderList_e) 	10024265	FUN_10024265
DisplaySystem.dll	RVisual_t	load	0xB8	4	this:public void __thiscall RVisual_t::SetRenderPriority(enum RenderList_e) 	10024265	FUN_10024265
DisplaySystem.dll	RVisual_t	load	0xB8	4	this:public void __thiscall RVisual_t::SetRenderPriority(enum RenderList_e) 	10024265	FUN_10024265
DisplaySystem.dll	RVisual_t	load	0x17C	4	this:public void __thiscall RVisual_t::SetRenderPriority(enum RenderList_e) 	10024265	FUN_10024265
DisplaySystem.dll	RVisual_t	load	0xB8	4	this:public void __thiscall RVisual_t::SetRenderPriority(enum RenderList_e) 	10024265	FUN_10024265
DisplaySystem.dll	RVisual_t	load	0xB8	4	this:public void __thiscall RVisual_t::SetRenderPriority(enum RenderList_e) 	10024265	FUN_10024265
DisplaySystem.dll	RVisual_t	load	0xB8	4	this:public void __thiscall RVisual_t::SetRenderPriority(enum RenderList_e) 	10024265	FUN_10024265
DisplaySystem.dll	RVisual_t	load	0xB8	4	this:public void __thiscall RVisual_t::SetRenderPriority(enum RenderList_e) 	10024265	FUN_10024265
DisplaySystem.dll	RVisual_t	load	0xB8	4	this:public void __thiscall RVisual_t::SetRenderPriority(enum RenderList_e) 	10024265	FUN_10024265
DisplaySystem.dll	RVisual_t	load	0xB8	4	this:public void __thiscall RVisual_t::SetRenderPriority(enum RenderList_e) 	10024265	FUN_10024265
DisplaySystem.dll	RVisual_t	load	0xB8	4	this:public void __thiscall RVisual_t::SetRenderPriority(enum RenderList_e) 	10024265	FUN_10024265
DisplaySystem.dll	RVisual_t	load	0x190	4	this:public void __thiscall RVisual_t::SetRenderPriority(enum RenderList_e) 	10024265	FUN_10024265
DisplaySystem.dll	RVisual_t	load	0xB8	4	this:public void __thiscall RVisual_t::SetRenderPriority(enum RenderList_e) 	10024265	FUN_10024265
DisplaySystem.dll	RVisual_t	load	0xB8	4	this:public void __thiscall RVisual_t::SetRenderPriority(enum RenderList_e) 	10024265	FUN_10024265
DisplaySystem.dll	RVisual_t	load	0xB8	4	this:public void __thiscall RVisual_t::SetRenderPriority(enum RenderList_e) 	10024265	FUN_10024265
DisplaySystem.dll	RVisual_t	load	0xB8	4	this:public void __thiscall RVisual_t::SetRenderPriority(enum RenderList_e) 	10024265	FUN_10024265
DisplaySystem.dll	RVisual_t	load	0x194	4	this:public void __thiscall RVisual_t::SetRenderPriority(enum RenderList_e) 	10024265	FUN_10024265
DisplaySystem.dll	RVisual_t	load	0xB8	4	this:public void __thiscall RVisual_t::SetRenderPriority(enum RenderList_e) 	10024265	FUN_10024265
DisplaySystem.dll	RVisual_t	load	0xB8	4	this:public void __thiscall RVisual_t::SetRenderPriority(enum RenderList_e) 	10024265	FUN_10024265
DisplaySystem.dll	RVisual_t	load	0xB8	4	this:public void __thiscall RVisual_t::SetRenderPriority(enum RenderList_e) 	10024265	FUN_10024265
DisplaySystem.dll	RRefFrame_t	load_vptr?	0x0	4	this:public class TMatrix4_t const & __thiscall RRefFrame_t::GetWorldMatrix(void) const 	1002446e	FUN_1002446e
DisplaySystem.dll	RRefFrame_t	vcall	0x48	4	this:public class TMatrix4_t const & __thiscall RRefFrame_t::GetWorldMatrix(void) const 	1002446e	FUN_1002446e
DisplaySystem.dll	RRefFrame_t	load	0x178	4	this:public class TMatrix4_t const & __thiscall RRefFrame_t::GetWorldMatrix(void) const 	1002446e	FUN_1002446e
DisplaySystem.dll	RRefFrame_t	load	0xDA8	4	this:public class TMatrix4_t const & __thiscall RRefFrame_t::GetWorldMatrix(void) const 	1002446e	FUN_1002446e
DisplaySystem.dll	RRefFrame_t	load	0x17C	4	this:public class TMatrix4_t const & __thiscall RRefFrame_t::GetWorldMatrix(void) const 	1002446e	FUN_1002446e
DisplaySystem.dll	RRefFrame_t	load_vptr?	0x0	4	this:public class TMatrix4_t const & __thiscall RRefFrame_t::GetWorldMatrix(void) const 	1002446e	FUN_1002446e
DisplaySystem.dll	RRefFrame_t	vcall	0x40	4	this:public class TMatrix4_t const & __thiscall RRefFrame_t::GetWorldMatrix(void) const 	1002446e	FUN_1002446e
DisplaySystem.dll	RRefFrame_t	load_vptr?	0x0	4	this:public class TMatrix4_t const & __thiscall RRefFrame_t::GetWorldMatrix(void) const 	1002446e	FUN_1002446e
DisplaySystem.dll	RRefFrame_t	vcall	0x44	4	this:public class TMatrix4_t const & __thiscall RRefFrame_t::GetWorldMatrix(void) const 	1002446e	FUN_1002446e
DisplaySystem.dll	RRefFrame_t	load	0xDA8	4	this:public class TMatrix4_t const & __thiscall RRefFrame_t::GetWorldMatrix(void) const 	1002446e	FUN_1002446e
DisplaySystem.dll	RRefFrame_t	load	0x17C	4	this:public class TMatrix4_t const & __thiscall RRefFrame_t::GetWorldMatrix(void) const 	1002446e	FUN_1002446e
DisplaySystem.dll	RRefFrame_t	load	0x184	4	this:public class TMatrix4_t const & __thiscall RRefFrame_t::GetWorldMatrix(void) const 	1002446e	FUN_1002446e
DisplaySystem.dll	RRefFrame_t	load	0x188	4	this:public class TMatrix4_t const & __thiscall RRefFrame_t::GetWorldMatrix(void) const 	1002446e	FUN_1002446e
DisplaySystem.dll	RRefFrame_t	load	0x198	4	this:public class TMatrix4_t const & __thiscall RRefFrame_t::GetWorldMatrix(void) const 	1002446e	FUN_1002446e
DisplaySystem.dll	RRefFrame_t	load	0xDA8	4	this:public class TMatrix4_t const & __thiscall RRefFrame_t::GetWorldMatrix(void) const 	1002446e	FUN_1002446e
DisplaySystem.dll	RRefFrame_t	load_vptr?	0x0	4	this:public class TMatrix4_t const & __thiscall RRefFrame_t::GetWorldMatrix(void) const 	1002446e	FUN_1002446e
DisplaySystem.dll	RRefFrame_t	vcall	0x48	4	this:public class TMatrix4_t const & __thiscall RRefFrame_t::GetWorldMatrix(void) const 	1002446e	FUN_1002446e
DisplaySystem.dll	RRefFrame_t	load_vptr?	0x0	4	this:public class TMatrix4_t const & __thiscall RRefFrame_t::GetWorldMatrix(void) const 	1002446e	FUN_1002446e
DisplaySystem.dll	RRefFrame_t	vcall	0x48	4	this:public class TMatrix4_t const & __thiscall RRefFrame_t::GetWorldMatrix(void) const 	1002446e	FUN_1002446e
DisplaySystem.dll	RRefFrame_t	load_vptr?	0x0	4	this:public class TMatrix4_t const & __thiscall RRefFrame_t::GetWorldMatrix(void) const 	1002446e	FUN_1002446e
DisplaySystem.dll	RRefFrame_t	vcall	0x48	4	this:public class TMatrix4_t const & __thiscall RRefFrame_t::GetWorldMatrix(void) const 	1002446e	FUN_1002446e
DisplaySystem.dll	RDeltaState	new_size	0x16C	0	ctor:public __thiscall RDeltaState::RDeltaState(char const *) 	10024bc0	FUN_10024bc0
DisplaySystem.dll	RVisual_t	store_vptr?	0x0	4	this:public void __thiscall RVisual_t::SetRenderPriority(enum RenderList_e) 	10024bc0	FUN_10024bc0
DisplaySystem.dll	RVisual_t	store	0xA4	4	this:public void __thiscall RVisual_t::SetRenderPriority(enum RenderList_e) 	10024bc0	FUN_10024bc0
DisplaySystem.dll	RVisual_t	addr_passed	0x1AC	0	this:public void __thiscall RVisual_t::SetRenderPriority(enum RenderList_e) 	10024bc0	FUN_10024bc0
DisplaySystem.dll	RVisual_t	store	0x23AC	4	this:public void __thiscall RVisual_t::SetRenderPriority(enum RenderList_e) 	10024bc0	FUN_10024bc0
DisplaySystem.dll	RVisual_t	load	0xB8	4	this:public void __thiscall RVisual_t::SetRenderPriority(enum RenderList_e) 	10024bc0	FUN_10024bc0
DisplaySystem.dll	RVisual_t	store	0xB8	4	this:public void __thiscall RVisual_t::SetRenderPriority(enum RenderList_e) 	10024bc0	FUN_10024bc0
DisplaySystem.dll	RVisual_t	load	0xB8	4	this:public void __thiscall RVisual_t::SetRenderPriority(enum RenderList_e) 	10024bc0	FUN_10024bc0
DisplaySystem.dll	RVisual_t	load	0xB8	4	this:public void __thiscall RVisual_t::SetRenderPriority(enum RenderList_e) 	10024bc0	FUN_10024bc0
DisplaySystem.dll	RVisual_t	load	0xB8	4	this:public void __thiscall RVisual_t::SetRenderPriority(enum RenderList_e) 	10024bc0	FUN_10024bc0
DisplaySystem.dll	RVisual_t	load	0xB8	4	this:public void __thiscall RVisual_t::SetRenderPriority(enum RenderList_e) 	10024bc0	FUN_10024bc0
DisplaySystem.dll	RVisual_t	load	0xB8	4	this:public void __thiscall RVisual_t::SetRenderPriority(enum RenderList_e) 	10024bc0	FUN_10024bc0
DisplaySystem.dll	RVisual_t	load	0xB8	4	this:public void __thiscall RVisual_t::SetRenderPriority(enum RenderList_e) 	10024bc0	FUN_10024bc0
DisplaySystem.dll	RVisual_t	load	0xB8	4	this:public void __thiscall RVisual_t::SetRenderPriority(enum RenderList_e) 	10024bc0	FUN_10024bc0
DisplaySystem.dll	RVisual_t	load	0x17C	4	this:public void __thiscall RVisual_t::SetRenderPriority(enum RenderList_e) 	10024bc0	FUN_10024bc0
DisplaySystem.dll	RVisual_t	load	0xB8	4	this:public void __thiscall RVisual_t::SetRenderPriority(enum RenderList_e) 	10024bc0	FUN_10024bc0
DisplaySystem.dll	RVisual_t	load	0xB8	4	this:public void __thiscall RVisual_t::SetRenderPriority(enum RenderList_e) 	10024bc0	FUN_10024bc0
DisplaySystem.dll	RVisual_t	load	0xB8	4	this:public void __thiscall RVisual_t::SetRenderPriority(enum RenderList_e) 	10024bc0	FUN_10024bc0
DisplaySystem.dll	RVisual_t	load	0xB8	4	this:public void __thiscall RVisual_t::SetRenderPriority(enum RenderList_e) 	10024bc0	FUN_10024bc0
DisplaySystem.dll	RVisual_t	load	0xB8	4	this:public void __thiscall RVisual_t::SetRenderPriority(enum RenderList_e) 	10024bc0	FUN_10024bc0
DisplaySystem.dll	RVisual_t	load	0xB8	4	this:public void __thiscall RVisual_t::SetRenderPriority(enum RenderList_e) 	10024bc0	FUN_10024bc0
DisplaySystem.dll	RVisual_t	load	0xB8	4	this:public void __thiscall RVisual_t::SetRenderPriority(enum RenderList_e) 	10024bc0	FUN_10024bc0
DisplaySystem.dll	RVisual_t	load	0x190	4	this:public void __thiscall RVisual_t::SetRenderPriority(enum RenderList_e) 	10024bc0	FUN_10024bc0
DisplaySystem.dll	RVisual_t	load	0xB8	4	this:public void __thiscall RVisual_t::SetRenderPriority(enum RenderList_e) 	10024bc0	FUN_10024bc0
DisplaySystem.dll	RVisual_t	load	0xB8	4	this:public void __thiscall RVisual_t::SetRenderPriority(enum RenderList_e) 	10024bc0	FUN_10024bc0
DisplaySystem.dll	RVisual_t	load	0xB8	4	this:public void __thiscall RVisual_t::SetRenderPriority(enum RenderList_e) 	10024bc0	FUN_10024bc0
DisplaySystem.dll	RVisual_t	load	0xB8	4	this:public void __thiscall RVisual_t::SetRenderPriority(enum RenderList_e) 	10024bc0	FUN_10024bc0
DisplaySystem.dll	RVisual_t	load	0x194	4	this:public void __thiscall RVisual_t::SetRenderPriority(enum RenderList_e) 	10024bc0	FUN_10024bc0
DisplaySystem.dll	RVisual_t	load	0xB8	4	this:public void __thiscall RVisual_t::SetRenderPriority(enum RenderList_e) 	10024bc0	FUN_10024bc0
DisplaySystem.dll	RVisual_t	load	0xB8	4	this:public void __thiscall RVisual_t::SetRenderPriority(enum RenderList_e) 	10024bc0	FUN_10024bc0
DisplaySystem.dll	RVisual_t	load	0xB8	4	this:public void __thiscall RVisual_t::SetRenderPriority(enum RenderList_e) 	10024bc0	FUN_10024bc0
DisplaySystem.dll	RVisual_t	store	0x23AC	4	this:public void __thiscall RVisual_t::SetRenderPriority(enum RenderList_e) 	10024bc0	FUN_10024bc0
DisplaySystem.dll	RVisual_t	store	0x1A8	4	this:public void __thiscall RVisual_t::SetRenderPriority(enum RenderList_e) 	10024bc0	FUN_10024bc0
DisplaySystem.dll	RRefFrame_t	load_vptr?	0x0	4	this:public class TMatrix4_t const & __thiscall RRefFrame_t::GetWorldMatrix(void) const 	10024f14	FUN_10024f14
DisplaySystem.dll	RRefFrame_t	vcall	0x48	4	this:public class TMatrix4_t const & __thiscall RRefFrame_t::GetWorldMatrix(void) const 	10024f14	FUN_10024f14
DisplaySystem.dll	RRefFrame_t	load	0x178	4	this:public class TMatrix4_t const & __thiscall RRefFrame_t::GetWorldMatrix(void) const 	10024f14	FUN_10024f14
DisplaySystem.dll	RRefFrame_t	load	0x23AC	4	this:public class TMatrix4_t const & __thiscall RRefFrame_t::GetWorldMatrix(void) const 	10024f14	FUN_10024f14
DisplaySystem.dll	RRefFrame_t	load	0x17C	4	this:public class TMatrix4_t const & __thiscall RRefFrame_t::GetWorldMatrix(void) const 	10024f14	FUN_10024f14
DisplaySystem.dll	RRefFrame_t	load_vptr?	0x0	4	this:public class TMatrix4_t const & __thiscall RRefFrame_t::GetWorldMatrix(void) const 	10024f14	FUN_10024f14
DisplaySystem.dll	RRefFrame_t	vcall	0x40	4	this:public class TMatrix4_t const & __thiscall RRefFrame_t::GetWorldMatrix(void) const 	10024f14	FUN_10024f14
DisplaySystem.dll	RRefFrame_t	load_vptr?	0x0	4	this:public class TMatrix4_t const & __thiscall RRefFrame_t::GetWorldMatrix(void) const 	10024f14	FUN_10024f14
DisplaySystem.dll	RRefFrame_t	vcall	0x44	4	this:public class TMatrix4_t const & __thiscall RRefFrame_t::GetWorldMatrix(void) const 	10024f14	FUN_10024f14
DisplaySystem.dll	RRefFrame_t	load	0x23AC	4	this:public class TMatrix4_t const & __thiscall RRefFrame_t::GetWorldMatrix(void) const 	10024f14	FUN_10024f14
DisplaySystem.dll	RRefFrame_t	load	0x17C	4	this:public class TMatrix4_t const & __thiscall RRefFrame_t::GetWorldMatrix(void) const 	10024f14	FUN_10024f14
DisplaySystem.dll	RRefFrame_t	load	0x184	4	this:public class TMatrix4_t const & __thiscall RRefFrame_t::GetWorldMatrix(void) const 	10024f14	FUN_10024f14
DisplaySystem.dll	RRefFrame_t	load	0x188	4	this:public class TMatrix4_t const & __thiscall RRefFrame_t::GetWorldMatrix(void) const 	10024f14	FUN_10024f14
DisplaySystem.dll	RRefFrame_t	load	0x198	4	this:public class TMatrix4_t const & __thiscall RRefFrame_t::GetWorldMatrix(void) const 	10024f14	FUN_10024f14
DisplaySystem.dll	RRefFrame_t	load	0x23AC	4	this:public class TMatrix4_t const & __thiscall RRefFrame_t::GetWorldMatrix(void) const 	10024f14	FUN_10024f14
DisplaySystem.dll	RRefFrame_t	load_vptr?	0x0	4	this:public class TMatrix4_t const & __thiscall RRefFrame_t::GetWorldMatrix(void) const 	10024f14	FUN_10024f14
DisplaySystem.dll	RRefFrame_t	vcall	0x48	4	this:public class TMatrix4_t const & __thiscall RRefFrame_t::GetWorldMatrix(void) const 	10024f14	FUN_10024f14
DisplaySystem.dll	RRefFrame_t	load_vptr?	0x0	4	this:public class TMatrix4_t const & __thiscall RRefFrame_t::GetWorldMatrix(void) const 	10024f14	FUN_10024f14
DisplaySystem.dll	RRefFrame_t	vcall	0x48	4	this:public class TMatrix4_t const & __thiscall RRefFrame_t::GetWorldMatrix(void) const 	10024f14	FUN_10024f14
DisplaySystem.dll	RRefFrame_t	load_vptr?	0x0	4	this:public class TMatrix4_t const & __thiscall RRefFrame_t::GetWorldMatrix(void) const 	10025391	FUN_10025391
DisplaySystem.dll	RRefFrame_t	vcall	0x48	4	this:public class TMatrix4_t const & __thiscall RRefFrame_t::GetWorldMatrix(void) const 	10025391	FUN_10025391
DisplaySystem.dll	RRefFrame_t	load_vptr?	0x0	4	this:public class TMatrix4_t const & __thiscall RRefFrame_t::GetWorldMatrix(void) const 	10025391	FUN_10025391
DisplaySystem.dll	RRefFrame_t	vcall	0x48	4	this:public class TMatrix4_t const & __thiscall RRefFrame_t::GetWorldMatrix(void) const 	10025391	FUN_10025391
DisplaySystem.dll	RRefFrame_t	load	0x178	4	this:public class TMatrix4_t const & __thiscall RRefFrame_t::GetWorldMatrix(void) const 	10025391	FUN_10025391
DisplaySystem.dll	RRefFrame_t	load	0x228	4	this:public class TMatrix4_t const & __thiscall RRefFrame_t::GetWorldMatrix(void) const 	10025391	FUN_10025391
DisplaySystem.dll	RRefFrame_t	load	0x17C	4	this:public class TMatrix4_t const & __thiscall RRefFrame_t::GetWorldMatrix(void) const 	10025391	FUN_10025391
DisplaySystem.dll	RRefFrame_t	load_vptr?	0x0	4	this:public class TMatrix4_t const & __thiscall RRefFrame_t::GetWorldMatrix(void) const 	10025391	FUN_10025391
DisplaySystem.dll	RRefFrame_t	vcall	0x40	4	this:public class TMatrix4_t const & __thiscall RRefFrame_t::GetWorldMatrix(void) const 	10025391	FUN_10025391
DisplaySystem.dll	RRefFrame_t	load_vptr?	0x0	4	this:public class TMatrix4_t const & __thiscall RRefFrame_t::GetWorldMatrix(void) const 	10025391	FUN_10025391
DisplaySystem.dll	RRefFrame_t	vcall	0x44	4	this:public class TMatrix4_t const & __thiscall RRefFrame_t::GetWorldMatrix(void) const 	10025391	FUN_10025391
DisplaySystem.dll	RRefFrame_t	load	0x184	4	this:public class TMatrix4_t const & __thiscall RRefFrame_t::GetWorldMatrix(void) const 	10025391	FUN_10025391
DisplaySystem.dll	RRefFrame_t	load	0x188	4	this:public class TMatrix4_t const & __thiscall RRefFrame_t::GetWorldMatrix(void) const 	10025391	FUN_10025391
DisplaySystem.dll	RRefFrame_t	load	0x220	4	this:public class TMatrix4_t const & __thiscall RRefFrame_t::GetWorldMatrix(void) const 	10025391	FUN_10025391
DisplaySystem.dll	RRefFrame_t	load_vptr?	0x0	4	this:public class TMatrix4_t const & __thiscall RRefFrame_t::GetWorldMatrix(void) const 	10025391	FUN_10025391
DisplaySystem.dll	RRefFrame_t	vcall	0x48	4	this:public class TMatrix4_t const & __thiscall RRefFrame_t::GetWorldMatrix(void) const 	10025391	FUN_10025391
DisplaySystem.dll	RRefFrame_t	load_vptr?	0x0	4	this:public class TMatrix4_t const & __thiscall RRefFrame_t::GetWorldMatrix(void) const 	10025391	FUN_10025391
DisplaySystem.dll	RRefFrame_t	vcall	0x48	4	this:public class TMatrix4_t const & __thiscall RRefFrame_t::GetWorldMatrix(void) const 	10025391	FUN_10025391
DisplaySystem.dll	RDeltaState	new_size	0x16C	0	ctor:public __thiscall RDeltaState::RDeltaState(char const *) 	1002646b	GfxVisualSprite2Type0::GfxVisualSprite2Type0
DisplaySystem.dll	RVisual_t	store_vptr?	0x0	4	this:public void __thiscall RVisual_t::SetRenderPriority(enum RenderList_e) 	1002646b	GfxVisualSprite2Type0::GfxVisualSprite2Type0
DisplaySystem.dll	RVisual_t	store	0xA4	4	this:public void __thiscall RVisual_t::SetRenderPriority(enum RenderList_e) 	1002646b	GfxVisualSprite2Type0::GfxVisualSprite2Type0
DisplaySystem.dll	RVisual_t	store	0x1A8	4	this:public void __thiscall RVisual_t::SetRenderPriority(enum RenderList_e) 	1002646b	GfxVisualSprite2Type0::GfxVisualSprite2Type0
DisplaySystem.dll	RVisual_t	store	0x1AC	4	this:public void __thiscall RVisual_t::SetRenderPriority(enum RenderList_e) 	1002646b	GfxVisualSprite2Type0::GfxVisualSprite2Type0
DisplaySystem.dll	RVisual_t	store	0x1B0	4	this:public void __thiscall RVisual_t::SetRenderPriority(enum RenderList_e) 	1002646b	GfxVisualSprite2Type0::GfxVisualSprite2Type0
DisplaySystem.dll	RVisual_t	store	0x1B4	4	this:public void __thiscall RVisual_t::SetRenderPriority(enum RenderList_e) 	1002646b	GfxVisualSprite2Type0::GfxVisualSprite2Type0
DisplaySystem.dll	RVisual_t	store	0x1B8	4	this:public void __thiscall RVisual_t::SetRenderPriority(enum RenderList_e) 	1002646b	GfxVisualSprite2Type0::GfxVisualSprite2Type0
DisplaySystem.dll	RVisual_t	store	0x1BC	4	this:public void __thiscall RVisual_t::SetRenderPriority(enum RenderList_e) 	1002646b	GfxVisualSprite2Type0::GfxVisualSprite2Type0
DisplaySystem.dll	RVisual_t	store	0x1C0	4	this:public void __thiscall RVisual_t::SetRenderPriority(enum RenderList_e) 	1002646b	GfxVisualSprite2Type0::GfxVisualSprite2Type0
DisplaySystem.dll	RVisual_t	store	0x1C4	4	this:public void __thiscall RVisual_t::SetRenderPriority(enum RenderList_e) 	1002646b	GfxVisualSprite2Type0::GfxVisualSprite2Type0
DisplaySystem.dll	RVisual_t	store	0x1C8	4	this:public void __thiscall RVisual_t::SetRenderPriority(enum RenderList_e) 	1002646b	GfxVisualSprite2Type0::GfxVisualSprite2Type0
DisplaySystem.dll	RVisual_t	store	0x228	4	this:public void __thiscall RVisual_t::SetRenderPriority(enum RenderList_e) 	1002646b	GfxVisualSprite2Type0::GfxVisualSprite2Type0
DisplaySystem.dll	RVisual_t	store	0x22C	4	this:public void __thiscall RVisual_t::SetRenderPriority(enum RenderList_e) 	1002646b	GfxVisualSprite2Type0::GfxVisualSprite2Type0
DisplaySystem.dll	RVisual_t	store	0xB8	4	this:public void __thiscall RVisual_t::SetRenderPriority(enum RenderList_e) 	1002646b	GfxVisualSprite2Type0::GfxVisualSprite2Type0
DisplaySystem.dll	RVisual_t	store	0xB8	4	this:public void __thiscall RVisual_t::SetRenderPriority(enum RenderList_e) 	1002646b	GfxVisualSprite2Type0::GfxVisualSprite2Type0
DisplaySystem.dll	RVisual_t	load	0xB8	4	this:public void __thiscall RVisual_t::SetRenderPriority(enum RenderList_e) 	1002646b	GfxVisualSprite2Type0::GfxVisualSprite2Type0
DisplaySystem.dll	RVisual_t	load	0xB8	4	this:public void __thiscall RVisual_t::SetRenderPriority(enum RenderList_e) 	1002646b	GfxVisualSprite2Type0::GfxVisualSprite2Type0
DisplaySystem.dll	RVisual_t	load	0xB8	4	this:public void __thiscall RVisual_t::SetRenderPriority(enum RenderList_e) 	1002646b	GfxVisualSprite2Type0::GfxVisualSprite2Type0
DisplaySystem.dll	RVisual_t	load	0xB8	4	this:public void __thiscall RVisual_t::SetRenderPriority(enum RenderList_e) 	1002646b	GfxVisualSprite2Type0::GfxVisualSprite2Type0
DisplaySystem.dll	RVisual_t	load	0xB8	4	this:public void __thiscall RVisual_t::SetRenderPriority(enum RenderList_e) 	1002646b	GfxVisualSprite2Type0::GfxVisualSprite2Type0
DisplaySystem.dll	RVisual_t	load	0xB8	4	this:public void __thiscall RVisual_t::SetRenderPriority(enum RenderList_e) 	1002646b	GfxVisualSprite2Type0::GfxVisualSprite2Type0
DisplaySystem.dll	RVisual_t	load	0x17C	4	this:public void __thiscall RVisual_t::SetRenderPriority(enum RenderList_e) 	1002646b	GfxVisualSprite2Type0::GfxVisualSprite2Type0
DisplaySystem.dll	RVisual_t	load	0xB8	4	this:public void __thiscall RVisual_t::SetRenderPriority(enum RenderList_e) 	1002646b	GfxVisualSprite2Type0::GfxVisualSprite2Type0
DisplaySystem.dll	RVisual_t	load	0xB8	4	this:public void __thiscall RVisual_t::SetRenderPriority(enum RenderList_e) 	1002646b	GfxVisualSprite2Type0::GfxVisualSprite2Type0
DisplaySystem.dll	RVisual_t	load	0xB8	4	this:public void __thiscall RVisual_t::SetRenderPriority(enum RenderList_e) 	1002646b	GfxVisualSprite2Type0::GfxVisualSprite2Type0
DisplaySystem.dll	RVisual_t	load	0xB8	4	this:public void __thiscall RVisual_t::SetRenderPriority(enum RenderList_e) 	1002646b	GfxVisualSprite2Type0::GfxVisualSprite2Type0
DisplaySystem.dll	RVisual_t	load	0xB8	4	this:public void __thiscall RVisual_t::SetRenderPriority(enum RenderList_e) 	1002646b	GfxVisualSprite2Type0::GfxVisualSprite2Type0
DisplaySystem.dll	RVisual_t	load	0xB8	4	this:public void __thiscall RVisual_t::SetRenderPriority(enum RenderList_e) 	1002646b	GfxVisualSprite2Type0::GfxVisualSprite2Type0
DisplaySystem.dll	RVisual_t	load	0xB8	4	this:public void __thiscall RVisual_t::SetRenderPriority(enum RenderList_e) 	1002646b	GfxVisualSprite2Type0::GfxVisualSprite2Type0
DisplaySystem.dll	RVisual_t	load	0xB8	4	this:public void __thiscall RVisual_t::SetRenderPriority(enum RenderList_e) 	1002646b	GfxVisualSprite2Type0::GfxVisualSprite2Type0
DisplaySystem.dll	RVisual_t	load	0xB8	4	this:public void __thiscall RVisual_t::SetRenderPriority(enum RenderList_e) 	1002646b	GfxVisualSprite2Type0::GfxVisualSprite2Type0
DisplaySystem.dll	RVisual_t	load	0xB8	4	this:public void __thiscall RVisual_t::SetRenderPriority(enum RenderList_e) 	1002646b	GfxVisualSprite2Type0::GfxVisualSprite2Type0
DisplaySystem.dll	RVisual_t	store	0x224	4	this:public void __thiscall RVisual_t::SetRenderPriority(enum RenderList_e) 	1002646b	GfxVisualSprite2Type0::GfxVisualSprite2Type0
DisplaySystem.dll	RRefFrame_t	load_vptr?	0x0	4	this:public class TMatrix4_t const & __thiscall RRefFrame_t::GetWorldMatrix(void) const 	10026bc3	FUN_10026bc3
DisplaySystem.dll	RRefFrame_t	vcall	0x48	4	this:public class TMatrix4_t const & __thiscall RRefFrame_t::GetWorldMatrix(void) const 	10026bc3	FUN_10026bc3
DisplaySystem.dll	RRefFrame_t	load_vptr?	0x0	4	this:public class TMatrix4_t const & __thiscall RRefFrame_t::GetWorldMatrix(void) const 	10026bc3	FUN_10026bc3
DisplaySystem.dll	RRefFrame_t	vcall	0x48	4	this:public class TMatrix4_t const & __thiscall RRefFrame_t::GetWorldMatrix(void) const 	10026bc3	FUN_10026bc3
DisplaySystem.dll	RRefFrame_t	load	0x178	4	this:public class TMatrix4_t const & __thiscall RRefFrame_t::GetWorldMatrix(void) const 	10026bc3	FUN_10026bc3
DisplaySystem.dll	RRefFrame_t	load	0x220	4	this:public class TMatrix4_t const & __thiscall RRefFrame_t::GetWorldMatrix(void) const 	10026bc3	FUN_10026bc3
DisplaySystem.dll	RRefFrame_t	load	0x17C	4	this:public class TMatrix4_t const & __thiscall RRefFrame_t::GetWorldMatrix(void) const 	10026bc3	FUN_10026bc3
DisplaySystem.dll	RRefFrame_t	load_vptr?	0x0	4	this:public class TMatrix4_t const & __thiscall RRefFrame_t::GetWorldMatrix(void) const 	10026bc3	FUN_10026bc3
DisplaySystem.dll	RRefFrame_t	vcall	0x40	4	this:public class TMatrix4_t const & __thiscall RRefFrame_t::GetWorldMatrix(void) const 	10026bc3	FUN_10026bc3
DisplaySystem.dll	RRefFrame_t	load_vptr?	0x0	4	this:public class TMatrix4_t const & __thiscall RRefFrame_t::GetWorldMatrix(void) const 	10026bc3	FUN_10026bc3
DisplaySystem.dll	RRefFrame_t	vcall	0x44	4	this:public class TMatrix4_t const & __thiscall RRefFrame_t::GetWorldMatrix(void) const 	10026bc3	FUN_10026bc3
DisplaySystem.dll	RRefFrame_t	load	0x214	4	this:public class TMatrix4_t const & __thiscall RRefFrame_t::GetWorldMatrix(void) const 	10026bc3	FUN_10026bc3
DisplaySystem.dll	RRefFrame_t	load	0x188	4	this:public class TMatrix4_t const & __thiscall RRefFrame_t::GetWorldMatrix(void) const 	10026bc3	FUN_10026bc3
DisplaySystem.dll	RRefFrame_t	load	0x218	4	this:public class TMatrix4_t const & __thiscall RRefFrame_t::GetWorldMatrix(void) const 	10026bc3	FUN_10026bc3
DisplaySystem.dll	RRefFrame_t	load_vptr?	0x0	4	this:public class TMatrix4_t const & __thiscall RRefFrame_t::GetWorldMatrix(void) const 	10026bc3	FUN_10026bc3
DisplaySystem.dll	RRefFrame_t	vcall	0x48	4	this:public class TMatrix4_t const & __thiscall RRefFrame_t::GetWorldMatrix(void) const 	10026bc3	FUN_10026bc3
DisplaySystem.dll	RRefFrame_t	load_vptr?	0x0	4	this:public class TMatrix4_t const & __thiscall RRefFrame_t::GetWorldMatrix(void) const 	10026bc3	FUN_10026bc3
DisplaySystem.dll	RRefFrame_t	vcall	0x48	4	this:public class TMatrix4_t const & __thiscall RRefFrame_t::GetWorldMatrix(void) const 	10026bc3	FUN_10026bc3
DisplaySystem.dll	RDeltaState	new_size	0x16C	0	ctor:public __thiscall RDeltaState::RDeltaState(char const *) 	10027c41	GfxVisualSprite2Type2::GfxVisualSprite2Type2
DisplaySystem.dll	RVisual_t	store_vptr?	0x0	4	this:public void __thiscall RVisual_t::SetRenderPriority(enum RenderList_e) 	10027c41	GfxVisualSprite2Type2::GfxVisualSprite2Type2
DisplaySystem.dll	RVisual_t	store	0xA4	4	this:public void __thiscall RVisual_t::SetRenderPriority(enum RenderList_e) 	10027c41	GfxVisualSprite2Type2::GfxVisualSprite2Type2
DisplaySystem.dll	RVisual_t	store	0xB8	4	this:public void __thiscall RVisual_t::SetRenderPriority(enum RenderList_e) 	10027c41	GfxVisualSprite2Type2::GfxVisualSprite2Type2
DisplaySystem.dll	RVisual_t	store	0xB8	4	this:public void __thiscall RVisual_t::SetRenderPriority(enum RenderList_e) 	10027c41	GfxVisualSprite2Type2::GfxVisualSprite2Type2
DisplaySystem.dll	RVisual_t	load	0xB8	4	this:public void __thiscall RVisual_t::SetRenderPriority(enum RenderList_e) 	10027c41	GfxVisualSprite2Type2::GfxVisualSprite2Type2
DisplaySystem.dll	RVisual_t	load	0xB8	4	this:public void __thiscall RVisual_t::SetRenderPriority(enum RenderList_e) 	10027c41	GfxVisualSprite2Type2::GfxVisualSprite2Type2
DisplaySystem.dll	RVisual_t	load	0xB8	4	this:public void __thiscall RVisual_t::SetRenderPriority(enum RenderList_e) 	10027c41	GfxVisualSprite2Type2::GfxVisualSprite2Type2
DisplaySystem.dll	RVisual_t	load	0xB8	4	this:public void __thiscall RVisual_t::SetRenderPriority(enum RenderList_e) 	10027c41	GfxVisualSprite2Type2::GfxVisualSprite2Type2
DisplaySystem.dll	RVisual_t	load	0xB8	4	this:public void __thiscall RVisual_t::SetRenderPriority(enum RenderList_e) 	10027c41	GfxVisualSprite2Type2::GfxVisualSprite2Type2
DisplaySystem.dll	RVisual_t	load	0xB8	4	this:public void __thiscall RVisual_t::SetRenderPriority(enum RenderList_e) 	10027c41	GfxVisualSprite2Type2::GfxVisualSprite2Type2
DisplaySystem.dll	RVisual_t	load	0x17C	4	this:public void __thiscall RVisual_t::SetRenderPriority(enum RenderList_e) 	10027c41	GfxVisualSprite2Type2::GfxVisualSprite2Type2
DisplaySystem.dll	RVisual_t	load	0xB8	4	this:public void __thiscall RVisual_t::SetRenderPriority(enum RenderList_e) 	10027c41	GfxVisualSprite2Type2::GfxVisualSprite2Type2
DisplaySystem.dll	RVisual_t	load	0xB8	4	this:public void __thiscall RVisual_t::SetRenderPriority(enum RenderList_e) 	10027c41	GfxVisualSprite2Type2::GfxVisualSprite2Type2
DisplaySystem.dll	RVisual_t	load	0xB8	4	this:public void __thiscall RVisual_t::SetRenderPriority(enum RenderList_e) 	10027c41	GfxVisualSprite2Type2::GfxVisualSprite2Type2
DisplaySystem.dll	RVisual_t	load	0xB8	4	this:public void __thiscall RVisual_t::SetRenderPriority(enum RenderList_e) 	10027c41	GfxVisualSprite2Type2::GfxVisualSprite2Type2
DisplaySystem.dll	RVisual_t	load	0xB8	4	this:public void __thiscall RVisual_t::SetRenderPriority(enum RenderList_e) 	10027c41	GfxVisualSprite2Type2::GfxVisualSprite2Type2
DisplaySystem.dll	RVisual_t	load	0xB8	4	this:public void __thiscall RVisual_t::SetRenderPriority(enum RenderList_e) 	10027c41	GfxVisualSprite2Type2::GfxVisualSprite2Type2
DisplaySystem.dll	RVisual_t	load	0xB8	4	this:public void __thiscall RVisual_t::SetRenderPriority(enum RenderList_e) 	10027c41	GfxVisualSprite2Type2::GfxVisualSprite2Type2
DisplaySystem.dll	RVisual_t	load	0xB8	4	this:public void __thiscall RVisual_t::SetRenderPriority(enum RenderList_e) 	10027c41	GfxVisualSprite2Type2::GfxVisualSprite2Type2
DisplaySystem.dll	RVisual_t	load	0xB8	4	this:public void __thiscall RVisual_t::SetRenderPriority(enum RenderList_e) 	10027c41	GfxVisualSprite2Type2::GfxVisualSprite2Type2
DisplaySystem.dll	RVisual_t	load	0xB8	4	this:public void __thiscall RVisual_t::SetRenderPriority(enum RenderList_e) 	10027c41	GfxVisualSprite2Type2::GfxVisualSprite2Type2
DisplaySystem.dll	RVisual_t	store	0x1AC	4	this:public void __thiscall RVisual_t::SetRenderPriority(enum RenderList_e) 	10027c41	GfxVisualSprite2Type2::GfxVisualSprite2Type2
DisplaySystem.dll	RVisual_t	store	0x1B0	4	this:public void __thiscall RVisual_t::SetRenderPriority(enum RenderList_e) 	10027c41	GfxVisualSprite2Type2::GfxVisualSprite2Type2
DisplaySystem.dll	RRefFrame_t	load_vptr?	0x0	4	this:public class TMatrix4_t const & __thiscall RRefFrame_t::GetWorldMatrix(void) const 	10027df8	FUN_10027df8
DisplaySystem.dll	RRefFrame_t	vcall	0x48	4	this:public class TMatrix4_t const & __thiscall RRefFrame_t::GetWorldMatrix(void) const 	10027df8	FUN_10027df8
DisplaySystem.dll	RRefFrame_t	store	0x1B0	4	this:public class TMatrix4_t const & __thiscall RRefFrame_t::GetWorldMatrix(void) const 	10027df8	FUN_10027df8
DisplaySystem.dll	RRefFrame_t	load_vptr?	0x0	4	this:public class TMatrix4_t const & __thiscall RRefFrame_t::GetWorldMatrix(void) const 	10027df8	FUN_10027df8
DisplaySystem.dll	RRefFrame_t	vcall	0x48	4	this:public class TMatrix4_t const & __thiscall RRefFrame_t::GetWorldMatrix(void) const 	10027df8	FUN_10027df8
DisplaySystem.dll	RRefFrame_t	store	0x1B0	4	this:public class TMatrix4_t const & __thiscall RRefFrame_t::GetWorldMatrix(void) const 	10027df8	FUN_10027df8
DisplaySystem.dll	RRefFrame_t	load	0x178	4	this:public class TMatrix4_t const & __thiscall RRefFrame_t::GetWorldMatrix(void) const 	10027df8	FUN_10027df8
DisplaySystem.dll	RRefFrame_t	load	0x1B0	4	this:public class TMatrix4_t const & __thiscall RRefFrame_t::GetWorldMatrix(void) const 	10027df8	FUN_10027df8
DisplaySystem.dll	RRefFrame_t	load	0x17C	4	this:public class TMatrix4_t const & __thiscall RRefFrame_t::GetWorldMatrix(void) const 	10027df8	FUN_10027df8
DisplaySystem.dll	RRefFrame_t	load_vptr?	0x0	4	this:public class TMatrix4_t const & __thiscall RRefFrame_t::GetWorldMatrix(void) const 	10027df8	FUN_10027df8
DisplaySystem.dll	RRefFrame_t	vcall	0x40	4	this:public class TMatrix4_t const & __thiscall RRefFrame_t::GetWorldMatrix(void) const 	10027df8	FUN_10027df8
DisplaySystem.dll	RRefFrame_t	load_vptr?	0x0	4	this:public class TMatrix4_t const & __thiscall RRefFrame_t::GetWorldMatrix(void) const 	10027df8	FUN_10027df8
DisplaySystem.dll	RRefFrame_t	vcall	0x44	4	this:public class TMatrix4_t const & __thiscall RRefFrame_t::GetWorldMatrix(void) const 	10027df8	FUN_10027df8
DisplaySystem.dll	RRefFrame_t	load	0x1B0	4	this:public class TMatrix4_t const & __thiscall RRefFrame_t::GetWorldMatrix(void) const 	10027df8	FUN_10027df8
DisplaySystem.dll	RRefFrame_t	load_vptr?	0x0	4	this:public class TMatrix4_t const & __thiscall RRefFrame_t::GetWorldMatrix(void) const 	10027df8	FUN_10027df8
DisplaySystem.dll	RRefFrame_t	vcall	0x48	4	this:public class TMatrix4_t const & __thiscall RRefFrame_t::GetWorldMatrix(void) const 	10027df8	FUN_10027df8
DisplaySystem.dll	RRefFrame_t	store	0x1B0	4	this:public class TMatrix4_t const & __thiscall RRefFrame_t::GetWorldMatrix(void) const 	10027df8	FUN_10027df8
DisplaySystem.dll	RRefFrame_t	load_vptr?	0x0	4	this:public class TMatrix4_t const & __thiscall RRefFrame_t::GetWorldMatrix(void) const 	10027df8	FUN_10027df8
DisplaySystem.dll	RRefFrame_t	vcall	0x48	4	this:public class TMatrix4_t const & __thiscall RRefFrame_t::GetWorldMatrix(void) const 	10027df8	FUN_10027df8
DisplaySystem.dll	RRefFrame_t	store	0x1B0	4	this:public class TMatrix4_t const & __thiscall RRefFrame_t::GetWorldMatrix(void) const 	10027df8	FUN_10027df8
DisplaySystem.dll	RDeltaState	new_size	0x16C	0	ctor:public __thiscall RDeltaState::RDeltaState(char const *) 	100283ec	GfxVisualSprite3::GfxVisualSprite3
DisplaySystem.dll	RVisual_t	store	0x1A8	4	this:public void __thiscall RVisual_t::SetRenderPriority(enum RenderList_e) 	100283ec	GfxVisualSprite3::GfxVisualSprite3
DisplaySystem.dll	RVisual_t	store	0x1AC	4	this:public void __thiscall RVisual_t::SetRenderPriority(enum RenderList_e) 	100283ec	GfxVisualSprite3::GfxVisualSprite3
DisplaySystem.dll	RVisual_t	store_vptr?	0x0	4	this:public void __thiscall RVisual_t::SetRenderPriority(enum RenderList_e) 	100283ec	GfxVisualSprite3::GfxVisualSprite3
DisplaySystem.dll	RVisual_t	store	0xA4	4	this:public void __thiscall RVisual_t::SetRenderPriority(enum RenderList_e) 	100283ec	GfxVisualSprite3::GfxVisualSprite3
DisplaySystem.dll	RVisual_t	load	0xB8	4	this:public void __thiscall RVisual_t::SetRenderPriority(enum RenderList_e) 	100283ec	GfxVisualSprite3::GfxVisualSprite3
DisplaySystem.dll	RVisual_t	store	0xB8	4	this:public void __thiscall RVisual_t::SetRenderPriority(enum RenderList_e) 	100283ec	GfxVisualSprite3::GfxVisualSprite3
DisplaySystem.dll	RVisual_t	load	0xB8	4	this:public void __thiscall RVisual_t::SetRenderPriority(enum RenderList_e) 	100283ec	GfxVisualSprite3::GfxVisualSprite3
DisplaySystem.dll	RVisual_t	load	0xB8	4	this:public void __thiscall RVisual_t::SetRenderPriority(enum RenderList_e) 	100283ec	GfxVisualSprite3::GfxVisualSprite3
DisplaySystem.dll	RVisual_t	load	0xB8	4	this:public void __thiscall RVisual_t::SetRenderPriority(enum RenderList_e) 	100283ec	GfxVisualSprite3::GfxVisualSprite3
DisplaySystem.dll	RVisual_t	load	0xB8	4	this:public void __thiscall RVisual_t::SetRenderPriority(enum RenderList_e) 	100283ec	GfxVisualSprite3::GfxVisualSprite3
DisplaySystem.dll	RVisual_t	load	0xB8	4	this:public void __thiscall RVisual_t::SetRenderPriority(enum RenderList_e) 	100283ec	GfxVisualSprite3::GfxVisualSprite3
DisplaySystem.dll	RVisual_t	load	0xB8	4	this:public void __thiscall RVisual_t::SetRenderPriority(enum RenderList_e) 	100283ec	GfxVisualSprite3::GfxVisualSprite3
DisplaySystem.dll	RVisual_t	load	0xB8	4	this:public void __thiscall RVisual_t::SetRenderPriority(enum RenderList_e) 	100283ec	GfxVisualSprite3::GfxVisualSprite3
DisplaySystem.dll	RVisual_t	load	0x17C	4	this:public void __thiscall RVisual_t::SetRenderPriority(enum RenderList_e) 	100283ec	GfxVisualSprite3::GfxVisualSprite3
DisplaySystem.dll	RVisual_t	load	0xB8	4	this:public void __thiscall RVisual_t::SetRenderPriority(enum RenderList_e) 	100283ec	GfxVisualSprite3::GfxVisualSprite3
DisplaySystem.dll	RVisual_t	load	0xB8	4	this:public void __thiscall RVisual_t::SetRenderPriority(enum RenderList_e) 	100283ec	GfxVisualSprite3::GfxVisualSprite3
DisplaySystem.dll	RVisual_t	load	0xB8	4	this:public void __thiscall RVisual_t::SetRenderPriority(enum RenderList_e) 	100283ec	GfxVisualSprite3::GfxVisualSprite3
DisplaySystem.dll	RVisual_t	load	0xB8	4	this:public void __thiscall RVisual_t::SetRenderPriority(enum RenderList_e) 	100283ec	GfxVisualSprite3::GfxVisualSprite3
DisplaySystem.dll	RVisual_t	load	0xB8	4	this:public void __thiscall RVisual_t::SetRenderPriority(enum RenderList_e) 	100283ec	GfxVisualSprite3::GfxVisualSprite3
DisplaySystem.dll	RVisual_t	load	0xB8	4	this:public void __thiscall RVisual_t::SetRenderPriority(enum RenderList_e) 	100283ec	GfxVisualSprite3::GfxVisualSprite3
DisplaySystem.dll	RVisual_t	load	0xB8	4	this:public void __thiscall RVisual_t::SetRenderPriority(enum RenderList_e) 	100283ec	GfxVisualSprite3::GfxVisualSprite3
DisplaySystem.dll	RVisual_t	load	0x190	4	this:public void __thiscall RVisual_t::SetRenderPriority(enum RenderList_e) 	100283ec	GfxVisualSprite3::GfxVisualSprite3
DisplaySystem.dll	RVisual_t	load	0xB8	4	this:public void __thiscall RVisual_t::SetRenderPriority(enum RenderList_e) 	100283ec	GfxVisualSprite3::GfxVisualSprite3
DisplaySystem.dll	RVisual_t	load	0xB8	4	this:public void __thiscall RVisual_t::SetRenderPriority(enum RenderList_e) 	100283ec	GfxVisualSprite3::GfxVisualSprite3
DisplaySystem.dll	RVisual_t	load	0xB8	4	this:public void __thiscall RVisual_t::SetRenderPriority(enum RenderList_e) 	100283ec	GfxVisualSprite3::GfxVisualSprite3
DisplaySystem.dll	RVisual_t	load	0x194	4	this:public void __thiscall RVisual_t::SetRenderPriority(enum RenderList_e) 	100283ec	GfxVisualSprite3::GfxVisualSprite3
DisplaySystem.dll	RVisual_t	load	0xB8	4	this:public void __thiscall RVisual_t::SetRenderPriority(enum RenderList_e) 	100283ec	GfxVisualSprite3::GfxVisualSprite3
DisplaySystem.dll	RVisual_t	load	0xB8	4	this:public void __thiscall RVisual_t::SetRenderPriority(enum RenderList_e) 	100283ec	GfxVisualSprite3::GfxVisualSprite3
DisplaySystem.dll	RVisual_t	load	0xB8	4	this:public void __thiscall RVisual_t::SetRenderPriority(enum RenderList_e) 	100283ec	GfxVisualSprite3::GfxVisualSprite3
DisplaySystem.dll	RRefFrame_t	load	0x178	4	this:public class TMatrix4_t const & __thiscall RRefFrame_t::GetWorldMatrix(void) const 	10028606	FUN_10028606
DisplaySystem.dll	RRefFrame_t	load	0x17C	4	this:public class TMatrix4_t const & __thiscall RRefFrame_t::GetWorldMatrix(void) const 	10028606	FUN_10028606
DisplaySystem.dll	RRefFrame_t	load	0x184	4	this:public class TMatrix4_t const & __thiscall RRefFrame_t::GetWorldMatrix(void) const 	10028606	FUN_10028606
DisplaySystem.dll	RRefFrame_t	load	0x188	4	this:public class TMatrix4_t const & __thiscall RRefFrame_t::GetWorldMatrix(void) const 	10028606	FUN_10028606
DisplaySystem.dll	RRefFrame_t	load	0x198	4	this:public class TMatrix4_t const & __thiscall RRefFrame_t::GetWorldMatrix(void) const 	10028606	FUN_10028606
DisplaySystem.dll	RRefFrame_t	load	0x180	4	this:public class TMatrix4_t const & __thiscall RRefFrame_t::GetWorldMatrix(void) const 	10028606	FUN_10028606
DisplaySystem.dll	RRefFrame_t	load	0x1A8	4	this:public class TMatrix4_t const & __thiscall RRefFrame_t::GetWorldMatrix(void) const 	10028606	FUN_10028606
DisplaySystem.dll	RRefFrame_t	load	0x1AC	4	this:public class TMatrix4_t const & __thiscall RRefFrame_t::GetWorldMatrix(void) const 	10028606	FUN_10028606
DisplaySystem.dll	RRefFrame_t	load	0x18C	4	this:public class TMatrix4_t const & __thiscall RRefFrame_t::GetWorldMatrix(void) const 	10028606	FUN_10028606
DisplaySystem.dll	RRefFrame_t	load	0x18C	4	this:public class TMatrix4_t const & __thiscall RRefFrame_t::GetWorldMatrix(void) const 	10028606	FUN_10028606
DisplaySystem.dll	RRefFrame_t	load	0x18C	4	this:public class TMatrix4_t const & __thiscall RRefFrame_t::GetWorldMatrix(void) const 	10028606	FUN_10028606
DisplaySystem.dll	RRefFrame_t	load	0x18C	4	this:public class TMatrix4_t const & __thiscall RRefFrame_t::GetWorldMatrix(void) const 	10028606	FUN_10028606
DisplaySystem.dll	RRefFrame_t	load	0x17C	4	this:public class TMatrix4_t const & __thiscall RRefFrame_t::GetWorldMatrix(void) const 	10028606	FUN_10028606
DisplaySystem.dll	RRefFrame_t	load_vptr?	0x0	4	this:public class TMatrix4_t const & __thiscall RRefFrame_t::GetWorldMatrix(void) const 	10028606	FUN_10028606
DisplaySystem.dll	RRefFrame_t	vcall	0x40	4	this:public class TMatrix4_t const & __thiscall RRefFrame_t::GetWorldMatrix(void) const 	10028606	FUN_10028606
DisplaySystem.dll	RRefFrame_t	load_vptr?	0x0	4	this:public class TMatrix4_t const & __thiscall RRefFrame_t::GetWorldMatrix(void) const 	10028606	FUN_10028606
DisplaySystem.dll	RRefFrame_t	vcall	0x44	4	this:public class TMatrix4_t const & __thiscall RRefFrame_t::GetWorldMatrix(void) const 	10028606	FUN_10028606
DisplaySystem.dll	RRefFrame_t	load_vptr?	0x0	4	this:public class TMatrix4_t const & __thiscall RRefFrame_t::GetWorldMatrix(void) const 	10028606	FUN_10028606
DisplaySystem.dll	RRefFrame_t	vcall	0x48	4	this:public class TMatrix4_t const & __thiscall RRefFrame_t::GetWorldMatrix(void) const 	10028606	FUN_10028606
DisplaySystem.dll	RDeltaState	new_size	0x16C	0	ctor:public __thiscall RDeltaState::RDeltaState(char const *) 	10028966	GfxVisualSprite3Type0::GfxVisualSprite3Type0
DisplaySystem.dll	RVisual_t	addr_passed	0x1AC	0	this:public void __thiscall RVisual_t::SetRenderPriority(enum RenderList_e) 	10028966	GfxVisualSprite3Type0::GfxVisualSprite3Type0
DisplaySystem.dll	RVisual_t	store_vptr?	0x0	4	this:public void __thiscall RVisual_t::SetRenderPriority(enum RenderList_e) 	10028966	GfxVisualSprite3Type0::GfxVisualSprite3Type0
DisplaySystem.dll	RVisual_t	store	0xA4	4	this:public void __thiscall RVisual_t::SetRenderPriority(enum RenderList_e) 	10028966	GfxVisualSprite3Type0::GfxVisualSprite3Type0
DisplaySystem.dll	RVisual_t	store	0xB8	4	this:public void __thiscall RVisual_t::SetRenderPriority(enum RenderList_e) 	10028966	GfxVisualSprite3Type0::GfxVisualSprite3Type0
DisplaySystem.dll	RVisual_t	store	0xB8	4	this:public void __thiscall RVisual_t::SetRenderPriority(enum RenderList_e) 	10028966	GfxVisualSprite3Type0::GfxVisualSprite3Type0
DisplaySystem.dll	RVisual_t	load	0xB8	4	this:public void __thiscall RVisual_t::SetRenderPriority(enum RenderList_e) 	10028966	GfxVisualSprite3Type0::GfxVisualSprite3Type0
DisplaySystem.dll	RVisual_t	load	0xB8	4	this:public void __thiscall RVisual_t::SetRenderPriority(enum RenderList_e) 	10028966	GfxVisualSprite3Type0::GfxVisualSprite3Type0
DisplaySystem.dll	RVisual_t	load	0xB8	4	this:public void __thiscall RVisual_t::SetRenderPriority(enum RenderList_e) 	10028966	GfxVisualSprite3Type0::GfxVisualSprite3Type0
DisplaySystem.dll	RVisual_t	load	0xB8	4	this:public void __thiscall RVisual_t::SetRenderPriority(enum RenderList_e) 	10028966	GfxVisualSprite3Type0::GfxVisualSprite3Type0
DisplaySystem.dll	RVisual_t	load	0xB8	4	this:public void __thiscall RVisual_t::SetRenderPriority(enum RenderList_e) 	10028966	GfxVisualSprite3Type0::GfxVisualSprite3Type0
DisplaySystem.dll	RVisual_t	load	0xB8	4	this:public void __thiscall RVisual_t::SetRenderPriority(enum RenderList_e) 	10028966	GfxVisualSprite3Type0::GfxVisualSprite3Type0
DisplaySystem.dll	RVisual_t	load	0x17C	4	this:public void __thiscall RVisual_t::SetRenderPriority(enum RenderList_e) 	10028966	GfxVisualSprite3Type0::GfxVisualSprite3Type0
DisplaySystem.dll	RVisual_t	load	0xB8	4	this:public void __thiscall RVisual_t::SetRenderPriority(enum RenderList_e) 	10028966	GfxVisualSprite3Type0::GfxVisualSprite3Type0
DisplaySystem.dll	RVisual_t	load	0xB8	4	this:public void __thiscall RVisual_t::SetRenderPriority(enum RenderList_e) 	10028966	GfxVisualSprite3Type0::GfxVisualSprite3Type0
DisplaySystem.dll	RVisual_t	load	0xB8	4	this:public void __thiscall RVisual_t::SetRenderPriority(enum RenderList_e) 	10028966	GfxVisualSprite3Type0::GfxVisualSprite3Type0
DisplaySystem.dll	RVisual_t	load	0xB8	4	this:public void __thiscall RVisual_t::SetRenderPriority(enum RenderList_e) 	10028966	GfxVisualSprite3Type0::GfxVisualSprite3Type0
DisplaySystem.dll	RVisual_t	load	0xB8	4	this:public void __thiscall RVisual_t::SetRenderPriority(enum RenderList_e) 	10028966	GfxVisualSprite3Type0::GfxVisualSprite3Type0
DisplaySystem.dll	RVisual_t	load	0xB8	4	this:public void __thiscall RVisual_t::SetRenderPriority(enum RenderList_e) 	10028966	GfxVisualSprite3Type0::GfxVisualSprite3Type0
DisplaySystem.dll	RVisual_t	load	0xB8	4	this:public void __thiscall RVisual_t::SetRenderPriority(enum RenderList_e) 	10028966	GfxVisualSprite3Type0::GfxVisualSprite3Type0
DisplaySystem.dll	RVisual_t	load	0xB8	4	this:public void __thiscall RVisual_t::SetRenderPriority(enum RenderList_e) 	10028966	GfxVisualSprite3Type0::GfxVisualSprite3Type0
DisplaySystem.dll	RVisual_t	load	0xB8	4	this:public void __thiscall RVisual_t::SetRenderPriority(enum RenderList_e) 	10028966	GfxVisualSprite3Type0::GfxVisualSprite3Type0
DisplaySystem.dll	RVisual_t	load	0xB8	4	this:public void __thiscall RVisual_t::SetRenderPriority(enum RenderList_e) 	10028966	GfxVisualSprite3Type0::GfxVisualSprite3Type0
DisplaySystem.dll	RVisual_t	store	0x12AC	4	this:public void __thiscall RVisual_t::SetRenderPriority(enum RenderList_e) 	10028966	GfxVisualSprite3Type0::GfxVisualSprite3Type0
DisplaySystem.dll	RVisual_t	store	0x1A8	4	this:public void __thiscall RVisual_t::SetRenderPriority(enum RenderList_e) 	10028966	GfxVisualSprite3Type0::GfxVisualSprite3Type0
DisplaySystem.dll	RRefFrame_t	load_vptr?	0x0	4	this:public class TMatrix4_t const & __thiscall RRefFrame_t::GetWorldMatrix(void) const 	10028b9c	FUN_10028b9c
DisplaySystem.dll	RRefFrame_t	vcall	0x48	4	this:public class TMatrix4_t const & __thiscall RRefFrame_t::GetWorldMatrix(void) const 	10028b9c	FUN_10028b9c
DisplaySystem.dll	RRefFrame_t	load	0x184	4	this:public class TMatrix4_t const & __thiscall RRefFrame_t::GetWorldMatrix(void) const 	10028b9c	FUN_10028b9c
DisplaySystem.dll	RRefFrame_t	load_vptr?	0x0	4	this:public class TMatrix4_t const & __thiscall RRefFrame_t::GetWorldMatrix(void) const 	10028b9c	FUN_10028b9c
DisplaySystem.dll	RRefFrame_t	vcall	0x48	4	this:public class TMatrix4_t const & __thiscall RRefFrame_t::GetWorldMatrix(void) const 	10028b9c	FUN_10028b9c
DisplaySystem.dll	RRefFrame_t	load	0x178	4	this:public class TMatrix4_t const & __thiscall RRefFrame_t::GetWorldMatrix(void) const 	10028b9c	FUN_10028b9c
DisplaySystem.dll	RRefFrame_t	load	0x17C	4	this:public class TMatrix4_t const & __thiscall RRefFrame_t::GetWorldMatrix(void) const 	10028b9c	FUN_10028b9c
DisplaySystem.dll	RRefFrame_t	load_vptr?	0x0	4	this:public class TMatrix4_t const & __thiscall RRefFrame_t::GetWorldMatrix(void) const 	10028b9c	FUN_10028b9c
DisplaySystem.dll	RRefFrame_t	vcall	0x40	4	this:public class TMatrix4_t const & __thiscall RRefFrame_t::GetWorldMatrix(void) const 	10028b9c	FUN_10028b9c
DisplaySystem.dll	RRefFrame_t	load_vptr?	0x0	4	this:public class TMatrix4_t const & __thiscall RRefFrame_t::GetWorldMatrix(void) const 	10028b9c	FUN_10028b9c
DisplaySystem.dll	RRefFrame_t	vcall	0x44	4	this:public class TMatrix4_t const & __thiscall RRefFrame_t::GetWorldMatrix(void) const 	10028b9c	FUN_10028b9c
DisplaySystem.dll	RRefFrame_t	load	0x17C	4	this:public class TMatrix4_t const & __thiscall RRefFrame_t::GetWorldMatrix(void) const 	10028b9c	FUN_10028b9c
DisplaySystem.dll	RRefFrame_t	load	0x184	4	this:public class TMatrix4_t const & __thiscall RRefFrame_t::GetWorldMatrix(void) const 	10028b9c	FUN_10028b9c
DisplaySystem.dll	RRefFrame_t	load	0x188	4	this:public class TMatrix4_t const & __thiscall RRefFrame_t::GetWorldMatrix(void) const 	10028b9c	FUN_10028b9c
DisplaySystem.dll	RRefFrame_t	load	0x184	4	this:public class TMatrix4_t const & __thiscall RRefFrame_t::GetWorldMatrix(void) const 	10028b9c	FUN_10028b9c
DisplaySystem.dll	RRefFrame_t	load_vptr?	0x0	4	this:public class TMatrix4_t const & __thiscall RRefFrame_t::GetWorldMatrix(void) const 	10028b9c	FUN_10028b9c
DisplaySystem.dll	RRefFrame_t	vcall	0x48	4	this:public class TMatrix4_t const & __thiscall RRefFrame_t::GetWorldMatrix(void) const 	10028b9c	FUN_10028b9c
DisplaySystem.dll	RRefFrame_t	load	0x184	4	this:public class TMatrix4_t const & __thiscall RRefFrame_t::GetWorldMatrix(void) const 	10028b9c	FUN_10028b9c
DisplaySystem.dll	RRefFrame_t	load_vptr?	0x0	4	this:public class TMatrix4_t const & __thiscall RRefFrame_t::GetWorldMatrix(void) const 	10028b9c	FUN_10028b9c
DisplaySystem.dll	RRefFrame_t	vcall	0x48	4	this:public class TMatrix4_t const & __thiscall RRefFrame_t::GetWorldMatrix(void) const 	10028b9c	FUN_10028b9c
DisplaySystem.dll	RDeltaState	new_size	0x16C	0	ctor:public __thiscall RDeltaState::RDeltaState(char const *) 	10029014	FUN_10029014
DisplaySystem.dll	RVisual_t	store	0x1A8	4	this:public void __thiscall RVisual_t::SetRenderPriority(enum RenderList_e) 	10029014	FUN_10029014
DisplaySystem.dll	RVisual_t	store	0x1AC	4	this:public void __thiscall RVisual_t::SetRenderPriority(enum RenderList_e) 	10029014	FUN_10029014
DisplaySystem.dll	RVisual_t	store_vptr?	0x0	4	this:public void __thiscall RVisual_t::SetRenderPriority(enum RenderList_e) 	10029014	FUN_10029014
DisplaySystem.dll	RVisual_t	store	0xA4	4	this:public void __thiscall RVisual_t::SetRenderPriority(enum RenderList_e) 	10029014	FUN_10029014
DisplaySystem.dll	RVisual_t	load	0xB8	4	this:public void __thiscall RVisual_t::SetRenderPriority(enum RenderList_e) 	10029014	FUN_10029014
DisplaySystem.dll	RVisual_t	store	0xB8	4	this:public void __thiscall RVisual_t::SetRenderPriority(enum RenderList_e) 	10029014	FUN_10029014
DisplaySystem.dll	RVisual_t	load	0xB8	4	this:public void __thiscall RVisual_t::SetRenderPriority(enum RenderList_e) 	10029014	FUN_10029014
DisplaySystem.dll	RVisual_t	load	0xB8	4	this:public void __thiscall RVisual_t::SetRenderPriority(enum RenderList_e) 	10029014	FUN_10029014
DisplaySystem.dll	RVisual_t	load	0xB8	4	this:public void __thiscall RVisual_t::SetRenderPriority(enum RenderList_e) 	10029014	FUN_10029014
DisplaySystem.dll	RVisual_t	load	0xB8	4	this:public void __thiscall RVisual_t::SetRenderPriority(enum RenderList_e) 	10029014	FUN_10029014
DisplaySystem.dll	RVisual_t	load	0xB8	4	this:public void __thiscall RVisual_t::SetRenderPriority(enum RenderList_e) 	10029014	FUN_10029014
DisplaySystem.dll	RVisual_t	load	0xB8	4	this:public void __thiscall RVisual_t::SetRenderPriority(enum RenderList_e) 	10029014	FUN_10029014
DisplaySystem.dll	RVisual_t	load	0xB8	4	this:public void __thiscall RVisual_t::SetRenderPriority(enum RenderList_e) 	10029014	FUN_10029014
DisplaySystem.dll	RVisual_t	load	0x17C	4	this:public void __thiscall RVisual_t::SetRenderPriority(enum RenderList_e) 	10029014	FUN_10029014
DisplaySystem.dll	RVisual_t	load	0xB8	4	this:public void __thiscall RVisual_t::SetRenderPriority(enum RenderList_e) 	10029014	FUN_10029014
DisplaySystem.dll	RVisual_t	load	0xB8	4	this:public void __thiscall RVisual_t::SetRenderPriority(enum RenderList_e) 	10029014	FUN_10029014
DisplaySystem.dll	RVisual_t	load	0xB8	4	this:public void __thiscall RVisual_t::SetRenderPriority(enum RenderList_e) 	10029014	FUN_10029014
DisplaySystem.dll	RVisual_t	load	0xB8	4	this:public void __thiscall RVisual_t::SetRenderPriority(enum RenderList_e) 	10029014	FUN_10029014
DisplaySystem.dll	RVisual_t	load	0xB8	4	this:public void __thiscall RVisual_t::SetRenderPriority(enum RenderList_e) 	10029014	FUN_10029014
DisplaySystem.dll	RVisual_t	load	0xB8	4	this:public void __thiscall RVisual_t::SetRenderPriority(enum RenderList_e) 	10029014	FUN_10029014
DisplaySystem.dll	RVisual_t	load	0xB8	4	this:public void __thiscall RVisual_t::SetRenderPriority(enum RenderList_e) 	10029014	FUN_10029014
DisplaySystem.dll	RVisual_t	load	0xB8	4	this:public void __thiscall RVisual_t::SetRenderPriority(enum RenderList_e) 	10029014	FUN_10029014
DisplaySystem.dll	RVisual_t	load	0xB8	4	this:public void __thiscall RVisual_t::SetRenderPriority(enum RenderList_e) 	10029014	FUN_10029014
DisplaySystem.dll	RVisual_t	load	0x190	4	this:public void __thiscall RVisual_t::SetRenderPriority(enum RenderList_e) 	10029014	FUN_10029014
DisplaySystem.dll	RVisual_t	load	0xB8	4	this:public void __thiscall RVisual_t::SetRenderPriority(enum RenderList_e) 	10029014	FUN_10029014
DisplaySystem.dll	RVisual_t	load	0xB8	4	this:public void __thiscall RVisual_t::SetRenderPriority(enum RenderList_e) 	10029014	FUN_10029014
DisplaySystem.dll	RVisual_t	load	0xB8	4	this:public void __thiscall RVisual_t::SetRenderPriority(enum RenderList_e) 	10029014	FUN_10029014
DisplaySystem.dll	RVisual_t	load	0x194	4	this:public void __thiscall RVisual_t::SetRenderPriority(enum RenderList_e) 	10029014	FUN_10029014
DisplaySystem.dll	RVisual_t	load	0xB8	4	this:public void __thiscall RVisual_t::SetRenderPriority(enum RenderList_e) 	10029014	FUN_10029014
DisplaySystem.dll	RVisual_t	load	0xB8	4	this:public void __thiscall RVisual_t::SetRenderPriority(enum RenderList_e) 	10029014	FUN_10029014
DisplaySystem.dll	RVisual_t	load	0xB8	4	this:public void __thiscall RVisual_t::SetRenderPriority(enum RenderList_e) 	10029014	FUN_10029014
DisplaySystem.dll	RRefFrame_t	load	0x178	4	this:public class TMatrix4_t const & __thiscall RRefFrame_t::GetWorldMatrix(void) const 	1002924e	FUN_1002924e
DisplaySystem.dll	RRefFrame_t	load	0x17C	4	this:public class TMatrix4_t const & __thiscall RRefFrame_t::GetWorldMatrix(void) const 	1002924e	FUN_1002924e
DisplaySystem.dll	RRefFrame_t	load_vptr?	0x0	4	this:public class TMatrix4_t const & __thiscall RRefFrame_t::GetWorldMatrix(void) const 	1002924e	FUN_1002924e
DisplaySystem.dll	RRefFrame_t	vcall	0x40	4	this:public class TMatrix4_t const & __thiscall RRefFrame_t::GetWorldMatrix(void) const 	1002924e	FUN_1002924e
DisplaySystem.dll	RRefFrame_t	load_vptr?	0x0	4	this:public class TMatrix4_t const & __thiscall RRefFrame_t::GetWorldMatrix(void) const 	1002924e	FUN_1002924e
DisplaySystem.dll	RRefFrame_t	vcall	0x44	4	this:public class TMatrix4_t const & __thiscall RRefFrame_t::GetWorldMatrix(void) const 	1002924e	FUN_1002924e
DisplaySystem.dll	RRefFrame_t	load	0x17C	4	this:public class TMatrix4_t const & __thiscall RRefFrame_t::GetWorldMatrix(void) const 	1002924e	FUN_1002924e
DisplaySystem.dll	RRefFrame_t	load	0x180	4	this:public class TMatrix4_t const & __thiscall RRefFrame_t::GetWorldMatrix(void) const 	1002924e	FUN_1002924e
DisplaySystem.dll	RRefFrame_t	load	0x184	4	this:public class TMatrix4_t const & __thiscall RRefFrame_t::GetWorldMatrix(void) const 	1002924e	FUN_1002924e
DisplaySystem.dll	RRefFrame_t	load	0x188	4	this:public class TMatrix4_t const & __thiscall RRefFrame_t::GetWorldMatrix(void) const 	1002924e	FUN_1002924e
DisplaySystem.dll	RRefFrame_t	store	0x18C	4	this:public class TMatrix4_t const & __thiscall RRefFrame_t::GetWorldMatrix(void) const 	1002924e	FUN_1002924e
DisplaySystem.dll	RRefFrame_t	load	0x18C	4	this:public class TMatrix4_t const & __thiscall RRefFrame_t::GetWorldMatrix(void) const 	1002924e	FUN_1002924e
DisplaySystem.dll	RRefFrame_t	load	0x18C	4	this:public class TMatrix4_t const & __thiscall RRefFrame_t::GetWorldMatrix(void) const 	1002924e	FUN_1002924e
DisplaySystem.dll	RRefFrame_t	load_vptr?	0x0	4	this:public class TMatrix4_t const & __thiscall RRefFrame_t::GetWorldMatrix(void) const 	1002924e	FUN_1002924e
DisplaySystem.dll	RRefFrame_t	vcall	0x48	4	this:public class TMatrix4_t const & __thiscall RRefFrame_t::GetWorldMatrix(void) const 	1002924e	FUN_1002924e
DisplaySystem.dll	RDeltaState	new_size	0x16C	0	ctor:public __thiscall RDeltaState::RDeltaState(char const *) 	10029aa7	FUN_10029aa7
DisplaySystem.dll	RVisual_t	load	0xB8	4	this:public void __thiscall RVisual_t::SetRenderPriority(enum RenderList_e) 	10029aa7	FUN_10029aa7
DisplaySystem.dll	RVisual_t	store	0xB8	4	this:public void __thiscall RVisual_t::SetRenderPriority(enum RenderList_e) 	10029aa7	FUN_10029aa7
DisplaySystem.dll	RVisual_t	load	0xB8	4	this:public void __thiscall RVisual_t::SetRenderPriority(enum RenderList_e) 	10029aa7	FUN_10029aa7
DisplaySystem.dll	RVisual_t	load	0xB8	4	this:public void __thiscall RVisual_t::SetRenderPriority(enum RenderList_e) 	10029aa7	FUN_10029aa7
DisplaySystem.dll	RVisual_t	load	0xB8	4	this:public void __thiscall RVisual_t::SetRenderPriority(enum RenderList_e) 	10029aa7	FUN_10029aa7
DisplaySystem.dll	RVisual_t	load	0xB8	4	this:public void __thiscall RVisual_t::SetRenderPriority(enum RenderList_e) 	10029aa7	FUN_10029aa7
DisplaySystem.dll	RVisual_t	load	0xB8	4	this:public void __thiscall RVisual_t::SetRenderPriority(enum RenderList_e) 	10029aa7	FUN_10029aa7
DisplaySystem.dll	RVisual_t	load	0xB8	4	this:public void __thiscall RVisual_t::SetRenderPriority(enum RenderList_e) 	10029aa7	FUN_10029aa7
DisplaySystem.dll	RVisual_t	load	0xB8	4	this:public void __thiscall RVisual_t::SetRenderPriority(enum RenderList_e) 	10029aa7	FUN_10029aa7
DisplaySystem.dll	RVisual_t	load	0xB8	4	this:public void __thiscall RVisual_t::SetRenderPriority(enum RenderList_e) 	10029aa7	FUN_10029aa7
DisplaySystem.dll	RVisual_t	load	0x17C	4	this:public void __thiscall RVisual_t::SetRenderPriority(enum RenderList_e) 	10029aa7	FUN_10029aa7
DisplaySystem.dll	RVisual_t	load	0xB8	4	this:public void __thiscall RVisual_t::SetRenderPriority(enum RenderList_e) 	10029aa7	FUN_10029aa7
DisplaySystem.dll	RVisual_t	load	0xB8	4	this:public void __thiscall RVisual_t::SetRenderPriority(enum RenderList_e) 	10029aa7	FUN_10029aa7
DisplaySystem.dll	RVisual_t	load	0xB8	4	this:public void __thiscall RVisual_t::SetRenderPriority(enum RenderList_e) 	10029aa7	FUN_10029aa7
DisplaySystem.dll	RVisual_t	load	0xB8	4	this:public void __thiscall RVisual_t::SetRenderPriority(enum RenderList_e) 	10029aa7	FUN_10029aa7
DisplaySystem.dll	RVisual_t	load	0xB8	4	this:public void __thiscall RVisual_t::SetRenderPriority(enum RenderList_e) 	10029aa7	FUN_10029aa7
DisplaySystem.dll	RVisual_t	load	0xB8	4	this:public void __thiscall RVisual_t::SetRenderPriority(enum RenderList_e) 	10029aa7	FUN_10029aa7
DisplaySystem.dll	RVisual_t	load	0xB8	4	this:public void __thiscall RVisual_t::SetRenderPriority(enum RenderList_e) 	10029aa7	FUN_10029aa7
DisplaySystem.dll	RVisual_t	load	0x190	4	this:public void __thiscall RVisual_t::SetRenderPriority(enum RenderList_e) 	10029aa7	FUN_10029aa7
DisplaySystem.dll	RVisual_t	load	0xB8	4	this:public void __thiscall RVisual_t::SetRenderPriority(enum RenderList_e) 	10029aa7	FUN_10029aa7
DisplaySystem.dll	RVisual_t	load	0xB8	4	this:public void __thiscall RVisual_t::SetRenderPriority(enum RenderList_e) 	10029aa7	FUN_10029aa7
DisplaySystem.dll	RVisual_t	load	0xB8	4	this:public void __thiscall RVisual_t::SetRenderPriority(enum RenderList_e) 	10029aa7	FUN_10029aa7
DisplaySystem.dll	RVisual_t	load	0xB8	4	this:public void __thiscall RVisual_t::SetRenderPriority(enum RenderList_e) 	10029aa7	FUN_10029aa7
DisplaySystem.dll	RVisual_t	load	0x1A8	1	this:public void __thiscall RVisual_t::SetRenderPriority(enum RenderList_e) 	10029aa7	FUN_10029aa7
DisplaySystem.dll	RVisual_t	load	0xB8	4	this:public void __thiscall RVisual_t::SetRenderPriority(enum RenderList_e) 	10029aa7	FUN_10029aa7
DisplaySystem.dll	RVisual_t	load	0x194	4	this:public void __thiscall RVisual_t::SetRenderPriority(enum RenderList_e) 	10029aa7	FUN_10029aa7
DisplaySystem.dll	RVisual_t	load	0xB8	4	this:public void __thiscall RVisual_t::SetRenderPriority(enum RenderList_e) 	10029aa7	FUN_10029aa7
DisplaySystem.dll	RVisual_t	load	0xB8	4	this:public void __thiscall RVisual_t::SetRenderPriority(enum RenderList_e) 	10029aa7	FUN_10029aa7
DisplaySystem.dll	RVisual_t	load	0xB8	4	this:public void __thiscall RVisual_t::SetRenderPriority(enum RenderList_e) 	10029aa7	FUN_10029aa7
DisplaySystem.dll	RRefFrame_t	load	0x178	4	this:public class TMatrix4_t const & __thiscall RRefFrame_t::GetWorldMatrix(void) const 	1002a65f	FUN_1002a65f
DisplaySystem.dll	RRefFrame_t	load	0x17C	4	this:public class TMatrix4_t const & __thiscall RRefFrame_t::GetWorldMatrix(void) const 	1002a65f	FUN_1002a65f
DisplaySystem.dll	RRefFrame_t	load_vptr?	0x0	4	this:public class TMatrix4_t const & __thiscall RRefFrame_t::GetWorldMatrix(void) const 	1002a65f	FUN_1002a65f
DisplaySystem.dll	RRefFrame_t	vcall	0x40	4	this:public class TMatrix4_t const & __thiscall RRefFrame_t::GetWorldMatrix(void) const 	1002a65f	FUN_1002a65f
DisplaySystem.dll	RRefFrame_t	load_vptr?	0x0	4	this:public class TMatrix4_t const & __thiscall RRefFrame_t::GetWorldMatrix(void) const 	1002a65f	FUN_1002a65f
DisplaySystem.dll	RRefFrame_t	vcall	0x44	4	this:public class TMatrix4_t const & __thiscall RRefFrame_t::GetWorldMatrix(void) const 	1002a65f	FUN_1002a65f
DisplaySystem.dll	RRefFrame_t	load	0x24C	4	this:public class TMatrix4_t const & __thiscall RRefFrame_t::GetWorldMatrix(void) const 	1002a65f	FUN_1002a65f
DisplaySystem.dll	RRefFrame_t	load	0x248	4	this:public class TMatrix4_t const & __thiscall RRefFrame_t::GetWorldMatrix(void) const 	1002a65f	FUN_1002a65f
DisplaySystem.dll	RRefFrame_t	load	0x24C	4	this:public class TMatrix4_t const & __thiscall RRefFrame_t::GetWorldMatrix(void) const 	1002a65f	FUN_1002a65f
DisplaySystem.dll	RRefFrame_t	load_vptr?	0x0	4	this:public class TMatrix4_t const & __thiscall RRefFrame_t::GetWorldMatrix(void) const 	1002a65f	FUN_1002a65f
DisplaySystem.dll	RRefFrame_t	vcall	0x48	4	this:public class TMatrix4_t const & __thiscall RRefFrame_t::GetWorldMatrix(void) const 	1002a65f	FUN_1002a65f
DisplaySystem.dll	RDeltaState	new_size	0x16C	0	ctor:public __thiscall RDeltaState::RDeltaState(char const *) 	1002a7bd	FUN_1002a7bd
DisplaySystem.dll	RVisual_t	load	0xB8	4	this:public void __thiscall RVisual_t::SetRenderPriority(enum RenderList_e) 	1002a7bd	FUN_1002a7bd
DisplaySystem.dll	RVisual_t	store	0xB8	4	this:public void __thiscall RVisual_t::SetRenderPriority(enum RenderList_e) 	1002a7bd	FUN_1002a7bd
DisplaySystem.dll	RVisual_t	load	0xB8	4	this:public void __thiscall RVisual_t::SetRenderPriority(enum RenderList_e) 	1002a7bd	FUN_1002a7bd
DisplaySystem.dll	RVisual_t	load	0xB8	4	this:public void __thiscall RVisual_t::SetRenderPriority(enum RenderList_e) 	1002a7bd	FUN_1002a7bd
DisplaySystem.dll	RVisual_t	load	0xB8	4	this:public void __thiscall RVisual_t::SetRenderPriority(enum RenderList_e) 	1002a7bd	FUN_1002a7bd
DisplaySystem.dll	RVisual_t	load	0xB8	4	this:public void __thiscall RVisual_t::SetRenderPriority(enum RenderList_e) 	1002a7bd	FUN_1002a7bd
DisplaySystem.dll	RVisual_t	load	0xB8	4	this:public void __thiscall RVisual_t::SetRenderPriority(enum RenderList_e) 	1002a7bd	FUN_1002a7bd
DisplaySystem.dll	RVisual_t	load	0xB8	4	this:public void __thiscall RVisual_t::SetRenderPriority(enum RenderList_e) 	1002a7bd	FUN_1002a7bd
DisplaySystem.dll	RVisual_t	load	0xB8	4	this:public void __thiscall RVisual_t::SetRenderPriority(enum RenderList_e) 	1002a7bd	FUN_1002a7bd
DisplaySystem.dll	RVisual_t	load	0x17C	4	this:public void __thiscall RVisual_t::SetRenderPriority(enum RenderList_e) 	1002a7bd	FUN_1002a7bd
DisplaySystem.dll	RVisual_t	load	0xB8	4	this:public void __thiscall RVisual_t::SetRenderPriority(enum RenderList_e) 	1002a7bd	FUN_1002a7bd
DisplaySystem.dll	RVisual_t	load	0xB8	4	this:public void __thiscall RVisual_t::SetRenderPriority(enum RenderList_e) 	1002a7bd	FUN_1002a7bd
DisplaySystem.dll	RVisual_t	load	0xB8	4	this:public void __thiscall RVisual_t::SetRenderPriority(enum RenderList_e) 	1002a7bd	FUN_1002a7bd
DisplaySystem.dll	RVisual_t	load	0xB8	4	this:public void __thiscall RVisual_t::SetRenderPriority(enum RenderList_e) 	1002a7bd	FUN_1002a7bd
DisplaySystem.dll	RVisual_t	load	0xB8	4	this:public void __thiscall RVisual_t::SetRenderPriority(enum RenderList_e) 	1002a7bd	FUN_1002a7bd
DisplaySystem.dll	RVisual_t	load	0xB8	4	this:public void __thiscall RVisual_t::SetRenderPriority(enum RenderList_e) 	1002a7bd	FUN_1002a7bd
DisplaySystem.dll	RVisual_t	load	0xB8	4	this:public void __thiscall RVisual_t::SetRenderPriority(enum RenderList_e) 	1002a7bd	FUN_1002a7bd
DisplaySystem.dll	RVisual_t	load	0xB8	4	this:public void __thiscall RVisual_t::SetRenderPriority(enum RenderList_e) 	1002a7bd	FUN_1002a7bd
DisplaySystem.dll	RVisual_t	load	0xB8	4	this:public void __thiscall RVisual_t::SetRenderPriority(enum RenderList_e) 	1002a7bd	FUN_1002a7bd
DisplaySystem.dll	RVisual_t	load	0xB8	4	this:public void __thiscall RVisual_t::SetRenderPriority(enum RenderList_e) 	1002a7bd	FUN_1002a7bd
DisplaySystem.dll	RVisual_t	load	0x190	4	this:public void __thiscall RVisual_t::SetRenderPriority(enum RenderList_e) 	1002a7bd	FUN_1002a7bd
DisplaySystem.dll	RVisual_t	load	0xB8	4	this:public void __thiscall RVisual_t::SetRenderPriority(enum RenderList_e) 	1002a7bd	FUN_1002a7bd
DisplaySystem.dll	RVisual_t	load	0xB8	4	this:public void __thiscall RVisual_t::SetRenderPriority(enum RenderList_e) 	1002a7bd	FUN_1002a7bd
DisplaySystem.dll	RVisual_t	load	0xB8	4	this:public void __thiscall RVisual_t::SetRenderPriority(enum RenderList_e) 	1002a7bd	FUN_1002a7bd
DisplaySystem.dll	RVisual_t	load	0xB8	4	this:public void __thiscall RVisual_t::SetRenderPriority(enum RenderList_e) 	1002a7bd	FUN_1002a7bd
DisplaySystem.dll	RVisual_t	load	0x194	4	this:public void __thiscall RVisual_t::SetRenderPriority(enum RenderList_e) 	1002a7bd	FUN_1002a7bd
DisplaySystem.dll	RVisual_t	load	0xB8	4	this:public void __thiscall RVisual_t::SetRenderPriority(enum RenderList_e) 	1002a7bd	FUN_1002a7bd
DisplaySystem.dll	RVisual_t	load	0xB8	4	this:public void __thiscall RVisual_t::SetRenderPriority(enum RenderList_e) 	1002a7bd	FUN_1002a7bd
DisplaySystem.dll	RVisual_t	load	0xB8	4	this:public void __thiscall RVisual_t::SetRenderPriority(enum RenderList_e) 	1002a7bd	FUN_1002a7bd
DisplaySystem.dll	RRefFrame_t	addr_passed	0x1AC	0	this:public class TMatrix4_t const & __thiscall RRefFrame_t::GetWorldMatrix(void) const 	1002aaa3	FUN_1002aaa3
DisplaySystem.dll	RRefFrame_t	addr_passed	0x1AC	0	this:public class TMatrix4_t const & __thiscall RRefFrame_t::GetWorldMatrix(void) const 	1002aaa3	FUN_1002aaa3
DisplaySystem.dll	RRefFrame_t	addr_passed	0x1C4	0	this:public class TMatrix4_t const & __thiscall RRefFrame_t::GetWorldMatrix(void) const 	1002aaa3	FUN_1002aaa3
DisplaySystem.dll	RRefFrame_t	addr_passed	0x1DC	0	this:public class TMatrix4_t const & __thiscall RRefFrame_t::GetWorldMatrix(void) const 	1002aaa3	FUN_1002aaa3
DisplaySystem.dll	RRefFrame_t	load	0x1BB	1	this:public class TMatrix4_t const & __thiscall RRefFrame_t::GetWorldMatrix(void) const 	1002aaa3	FUN_1002aaa3
DisplaySystem.dll	RRefFrame_t	load	0x1B8	4	this:public class TMatrix4_t const & __thiscall RRefFrame_t::GetWorldMatrix(void) const 	1002aaa3	FUN_1002aaa3
DisplaySystem.dll	RRefFrame_t	store	0x1B8	4	this:public class TMatrix4_t const & __thiscall RRefFrame_t::GetWorldMatrix(void) const 	1002aaa3	FUN_1002aaa3
DisplaySystem.dll	RRefFrame_t	load	0x178	4	this:public class TMatrix4_t const & __thiscall RRefFrame_t::GetWorldMatrix(void) const 	1002b0d2	FUN_1002b0d2
DisplaySystem.dll	RRefFrame_t	load	0x228	4	this:public class TMatrix4_t const & __thiscall RRefFrame_t::GetWorldMatrix(void) const 	1002b0d2	FUN_1002b0d2
DisplaySystem.dll	RRefFrame_t	load	0x17C	4	this:public class TMatrix4_t const & __thiscall RRefFrame_t::GetWorldMatrix(void) const 	1002b0d2	FUN_1002b0d2
DisplaySystem.dll	RRefFrame_t	load_vptr?	0x0	4	this:public class TMatrix4_t const & __thiscall RRefFrame_t::GetWorldMatrix(void) const 	1002b0d2	FUN_1002b0d2
DisplaySystem.dll	RRefFrame_t	vcall	0x40	4	this:public class TMatrix4_t const & __thiscall RRefFrame_t::GetWorldMatrix(void) const 	1002b0d2	FUN_1002b0d2
DisplaySystem.dll	RRefFrame_t	load_vptr?	0x0	4	this:public class TMatrix4_t const & __thiscall RRefFrame_t::GetWorldMatrix(void) const 	1002b0d2	FUN_1002b0d2
DisplaySystem.dll	RRefFrame_t	vcall	0x44	4	this:public class TMatrix4_t const & __thiscall RRefFrame_t::GetWorldMatrix(void) const 	1002b0d2	FUN_1002b0d2
DisplaySystem.dll	RRefFrame_t	load_vptr?	0x0	4	this:public class TMatrix4_t const & __thiscall RRefFrame_t::GetWorldMatrix(void) const 	1002b0d2	FUN_1002b0d2
DisplaySystem.dll	RRefFrame_t	vcall	0x48	4	this:public class TMatrix4_t const & __thiscall RRefFrame_t::GetWorldMatrix(void) const 	1002b0d2	FUN_1002b0d2
DisplaySystem.dll	RDeltaState	new_size	0x16C	0	ctor:public __thiscall RDeltaState::RDeltaState(char const *) 	1002b1a3	GfxVisualTrail::GfxVisualTrail
DisplaySystem.dll	RVisual_t	addr_passed	0x1E0	0	this:public void __thiscall RVisual_t::SetRenderPriority(enum RenderList_e) 	1002b1a3	GfxVisualTrail::GfxVisualTrail
DisplaySystem.dll	RVisual_t	store_vptr?	0x0	4	this:public void __thiscall RVisual_t::SetRenderPriority(enum RenderList_e) 	1002b1a3	GfxVisualTrail::GfxVisualTrail
DisplaySystem.dll	RVisual_t	store	0xA4	4	this:public void __thiscall RVisual_t::SetRenderPriority(enum RenderList_e) 	1002b1a3	GfxVisualTrail::GfxVisualTrail
DisplaySystem.dll	RVisual_t	store	0x1B8	4	this:public void __thiscall RVisual_t::SetRenderPriority(enum RenderList_e) 	1002b1a3	GfxVisualTrail::GfxVisualTrail
DisplaySystem.dll	RVisual_t	store	0x1BC	4	this:public void __thiscall RVisual_t::SetRenderPriority(enum RenderList_e) 	1002b1a3	GfxVisualTrail::GfxVisualTrail
DisplaySystem.dll	RVisual_t	store	0x1C0	4	this:public void __thiscall RVisual_t::SetRenderPriority(enum RenderList_e) 	1002b1a3	GfxVisualTrail::GfxVisualTrail
DisplaySystem.dll	RVisual_t	store	0x1C4	4	this:public void __thiscall RVisual_t::SetRenderPriority(enum RenderList_e) 	1002b1a3	GfxVisualTrail::GfxVisualTrail
DisplaySystem.dll	RVisual_t	store	0x1DC	4	this:public void __thiscall RVisual_t::SetRenderPriority(enum RenderList_e) 	1002b1a3	GfxVisualTrail::GfxVisualTrail
DisplaySystem.dll	RVisual_t	addr_passed	0x220	0	this:public void __thiscall RVisual_t::SetRenderPriority(enum RenderList_e) 	1002b1a3	GfxVisualTrail::GfxVisualTrail
DisplaySystem.dll	RVisual_t	store	0xB8	4	this:public void __thiscall RVisual_t::SetRenderPriority(enum RenderList_e) 	1002b1a3	GfxVisualTrail::GfxVisualTrail
DisplaySystem.dll	RVisual_t	store	0xB8	4	this:public void __thiscall RVisual_t::SetRenderPriority(enum RenderList_e) 	1002b1a3	GfxVisualTrail::GfxVisualTrail
DisplaySystem.dll	RVisual_t	load	0xB8	4	this:public void __thiscall RVisual_t::SetRenderPriority(enum RenderList_e) 	1002b1a3	GfxVisualTrail::GfxVisualTrail
DisplaySystem.dll	RVisual_t	load	0xB8	4	this:public void __thiscall RVisual_t::SetRenderPriority(enum RenderList_e) 	1002b1a3	GfxVisualTrail::GfxVisualTrail
DisplaySystem.dll	RVisual_t	load	0xB8	4	this:public void __thiscall RVisual_t::SetRenderPriority(enum RenderList_e) 	1002b1a3	GfxVisualTrail::GfxVisualTrail
DisplaySystem.dll	RVisual_t	load	0xB8	4	this:public void __thiscall RVisual_t::SetRenderPriority(enum RenderList_e) 	1002b1a3	GfxVisualTrail::GfxVisualTrail
DisplaySystem.dll	RVisual_t	load	0xB8	4	this:public void __thiscall RVisual_t::SetRenderPriority(enum RenderList_e) 	1002b1a3	GfxVisualTrail::GfxVisualTrail
DisplaySystem.dll	RVisual_t	load	0xB8	4	this:public void __thiscall RVisual_t::SetRenderPriority(enum RenderList_e) 	1002b1a3	GfxVisualTrail::GfxVisualTrail
DisplaySystem.dll	RVisual_t	load	0x17C	4	this:public void __thiscall RVisual_t::SetRenderPriority(enum RenderList_e) 	1002b1a3	GfxVisualTrail::GfxVisualTrail
DisplaySystem.dll	RVisual_t	load	0xB8	4	this:public void __thiscall RVisual_t::SetRenderPriority(enum RenderList_e) 	1002b1a3	GfxVisualTrail::GfxVisualTrail
DisplaySystem.dll	RVisual_t	load	0xB8	4	this:public void __thiscall RVisual_t::SetRenderPriority(enum RenderList_e) 	1002b1a3	GfxVisualTrail::GfxVisualTrail
DisplaySystem.dll	RVisual_t	load	0xB8	4	this:public void __thiscall RVisual_t::SetRenderPriority(enum RenderList_e) 	1002b1a3	GfxVisualTrail::GfxVisualTrail
DisplaySystem.dll	RVisual_t	load	0xB8	4	this:public void __thiscall RVisual_t::SetRenderPriority(enum RenderList_e) 	1002b1a3	GfxVisualTrail::GfxVisualTrail
DisplaySystem.dll	RVisual_t	load	0xB8	4	this:public void __thiscall RVisual_t::SetRenderPriority(enum RenderList_e) 	1002b1a3	GfxVisualTrail::GfxVisualTrail
DisplaySystem.dll	RVisual_t	load	0xB8	4	this:public void __thiscall RVisual_t::SetRenderPriority(enum RenderList_e) 	1002b1a3	GfxVisualTrail::GfxVisualTrail
DisplaySystem.dll	RVisual_t	load	0xB8	4	this:public void __thiscall RVisual_t::SetRenderPriority(enum RenderList_e) 	1002b1a3	GfxVisualTrail::GfxVisualTrail
DisplaySystem.dll	RVisual_t	load	0xB8	4	this:public void __thiscall RVisual_t::SetRenderPriority(enum RenderList_e) 	1002b1a3	GfxVisualTrail::GfxVisualTrail
DisplaySystem.dll	RVisual_t	store	0x184	4	this:public void __thiscall RVisual_t::SetRenderPriority(enum RenderList_e) 	1002b1a3	GfxVisualTrail::GfxVisualTrail
DisplaySystem.dll	RVisual_t	store	0x188	4	this:public void __thiscall RVisual_t::SetRenderPriority(enum RenderList_e) 	1002b1a3	GfxVisualTrail::GfxVisualTrail
DisplaySystem.dll	RVisual_t	load	0xB8	4	this:public void __thiscall RVisual_t::SetRenderPriority(enum RenderList_e) 	1002b1a3	GfxVisualTrail::GfxVisualTrail
DisplaySystem.dll	RVisual_t	load	0xB8	4	this:public void __thiscall RVisual_t::SetRenderPriority(enum RenderList_e) 	1002b1a3	GfxVisualTrail::GfxVisualTrail
DisplaySystem.dll	RVisual_t	load	0xB8	4	this:public void __thiscall RVisual_t::SetRenderPriority(enum RenderList_e) 	1002b1a3	GfxVisualTrail::GfxVisualTrail
DisplaySystem.dll	RVisual_t	addr_passed	0x220	0	this:public void __thiscall RVisual_t::SetRenderPriority(enum RenderList_e) 	1002b1a3	GfxVisualTrail::GfxVisualTrail
DisplaySystem.dll	RRefFrame_t	addr_passed	0x220	0	this:public class TMatrix4_t const & __thiscall RRefFrame_t::GetWorldMatrix(void) const 	1002b486	FUN_1002b486
DisplaySystem.dll	RRefFrame_t	load	0x248	4	this:public class TMatrix4_t const & __thiscall RRefFrame_t::GetWorldMatrix(void) const 	1002b486	FUN_1002b486
DisplaySystem.dll	RRefFrame_t	load	0x1CC	4	this:public class TMatrix4_t const & __thiscall RRefFrame_t::GetWorldMatrix(void) const 	1002b486	FUN_1002b486
DisplaySystem.dll	RRefFrame_t	store	0x248	4	this:public class TMatrix4_t const & __thiscall RRefFrame_t::GetWorldMatrix(void) const 	1002b486	FUN_1002b486
DisplaySystem.dll	RRefFrame_t	load	0x1B8	4	this:public class TMatrix4_t const & __thiscall RRefFrame_t::GetWorldMatrix(void) const 	1002b486	FUN_1002b486
DisplaySystem.dll	RRefFrame_t	load	0x1BC	4	this:public class TMatrix4_t const & __thiscall RRefFrame_t::GetWorldMatrix(void) const 	1002b486	FUN_1002b486
DisplaySystem.dll	RRefFrame_t	load	0x1E0	4	this:public class TMatrix4_t const & __thiscall RRefFrame_t::GetWorldMatrix(void) const 	1002b486	FUN_1002b486
DisplaySystem.dll	RRefFrame_t	load	0x1C0	4	this:public class TMatrix4_t const & __thiscall RRefFrame_t::GetWorldMatrix(void) const 	1002b486	FUN_1002b486
DisplaySystem.dll	RRefFrame_t	load	0x1CC	4	this:public class TMatrix4_t const & __thiscall RRefFrame_t::GetWorldMatrix(void) const 	1002b486	FUN_1002b486
DisplaySystem.dll	RRefFrame_t	load	0x1C4	4	this:public class TMatrix4_t const & __thiscall RRefFrame_t::GetWorldMatrix(void) const 	1002b486	FUN_1002b486
DisplaySystem.dll	RRefFrame_t	load	0x1B8	4	this:public class TMatrix4_t const & __thiscall RRefFrame_t::GetWorldMatrix(void) const 	1002b486	FUN_1002b486
DisplaySystem.dll	RRefFrame_t	load	0x1C4	4	this:public class TMatrix4_t const & __thiscall RRefFrame_t::GetWorldMatrix(void) const 	1002b486	FUN_1002b486
DisplaySystem.dll	RRefFrame_t	load	0x1C4	4	this:public class TMatrix4_t const & __thiscall RRefFrame_t::GetWorldMatrix(void) const 	1002b486	FUN_1002b486
DisplaySystem.dll	RRefFrame_t	load	0x1D8	4	this:public class TMatrix4_t const & __thiscall RRefFrame_t::GetWorldMatrix(void) const 	1002b486	FUN_1002b486
DisplaySystem.dll	RRefFrame_t	store	0x1D8	4	this:public class TMatrix4_t const & __thiscall RRefFrame_t::GetWorldMatrix(void) const 	1002b486	FUN_1002b486
DisplaySystem.dll	RRefFrame_t	load	0x1CC	4	this:public class TMatrix4_t const & __thiscall RRefFrame_t::GetWorldMatrix(void) const 	1002b486	FUN_1002b486
DisplaySystem.dll	RRefFrame_t	store	0x1CC	4	this:public class TMatrix4_t const & __thiscall RRefFrame_t::GetWorldMatrix(void) const 	1002b486	FUN_1002b486
DisplaySystem.dll	RRefFrame_t	load	0x178	4	this:public class TMatrix4_t const & __thiscall RRefFrame_t::GetWorldMatrix(void) const 	1002b486	FUN_1002b486
DisplaySystem.dll	RRefFrame_t	load	0x17C	4	this:public class TMatrix4_t const & __thiscall RRefFrame_t::GetWorldMatrix(void) const 	1002b486	FUN_1002b486
DisplaySystem.dll	RRefFrame_t	load_vptr?	0x0	4	this:public class TMatrix4_t const & __thiscall RRefFrame_t::GetWorldMatrix(void) const 	1002b486	FUN_1002b486
DisplaySystem.dll	RRefFrame_t	vcall	0x40	4	this:public class TMatrix4_t const & __thiscall RRefFrame_t::GetWorldMatrix(void) const 	1002b486	FUN_1002b486
DisplaySystem.dll	RRefFrame_t	load_vptr?	0x0	4	this:public class TMatrix4_t const & __thiscall RRefFrame_t::GetWorldMatrix(void) const 	1002b486	FUN_1002b486
DisplaySystem.dll	RRefFrame_t	vcall	0x44	4	this:public class TMatrix4_t const & __thiscall RRefFrame_t::GetWorldMatrix(void) const 	1002b486	FUN_1002b486
DisplaySystem.dll	RRefFrame_t	load	0x1CC	4	this:public class TMatrix4_t const & __thiscall RRefFrame_t::GetWorldMatrix(void) const 	1002b486	FUN_1002b486
DisplaySystem.dll	RRefFrame_t	load	0x1C8	4	this:public class TMatrix4_t const & __thiscall RRefFrame_t::GetWorldMatrix(void) const 	1002b486	FUN_1002b486
DisplaySystem.dll	RRefFrame_t	load	0x1D4	4	this:public class TMatrix4_t const & __thiscall RRefFrame_t::GetWorldMatrix(void) const 	1002b486	FUN_1002b486
DisplaySystem.dll	RRefFrame_t	load	0x1B4	4	this:public class TMatrix4_t const & __thiscall RRefFrame_t::GetWorldMatrix(void) const 	1002b486	FUN_1002b486
DisplaySystem.dll	RRefFrame_t	load	0x1B8	4	this:public class TMatrix4_t const & __thiscall RRefFrame_t::GetWorldMatrix(void) const 	1002b486	FUN_1002b486
DisplaySystem.dll	RRefFrame_t	load	0x1D8	4	this:public class TMatrix4_t const & __thiscall RRefFrame_t::GetWorldMatrix(void) const 	1002b486	FUN_1002b486
DisplaySystem.dll	RRefFrame_t	load	0x1B4	4	this:public class TMatrix4_t const & __thiscall RRefFrame_t::GetWorldMatrix(void) const 	1002b486	FUN_1002b486
DisplaySystem.dll	RRefFrame_t	load	0x1AC	4	this:public class TMatrix4_t const & __thiscall RRefFrame_t::GetWorldMatrix(void) const 	1002b486	FUN_1002b486
DisplaySystem.dll	RRefFrame_t	load	0x1AC	4	this:public class TMatrix4_t const & __thiscall RRefFrame_t::GetWorldMatrix(void) const 	1002b486	FUN_1002b486
DisplaySystem.dll	RRefFrame_t	load	0x1DC	4	this:public class TMatrix4_t const & __thiscall RRefFrame_t::GetWorldMatrix(void) const 	1002b486	FUN_1002b486
DisplaySystem.dll	RRefFrame_t	load	0x1CC	4	this:public class TMatrix4_t const & __thiscall RRefFrame_t::GetWorldMatrix(void) const 	1002b486	FUN_1002b486
DisplaySystem.dll	RRefFrame_t	load	0x1D4	4	this:public class TMatrix4_t const & __thiscall RRefFrame_t::GetWorldMatrix(void) const 	1002b486	FUN_1002b486
DisplaySystem.dll	RRefFrame_t	load	0x1B4	4	this:public class TMatrix4_t const & __thiscall RRefFrame_t::GetWorldMatrix(void) const 	1002b486	FUN_1002b486
DisplaySystem.dll	RRefFrame_t	load	0x1B8	4	this:public class TMatrix4_t const & __thiscall RRefFrame_t::GetWorldMatrix(void) const 	1002b486	FUN_1002b486
DisplaySystem.dll	RRefFrame_t	load	0x1BC	4	this:public class TMatrix4_t const & __thiscall RRefFrame_t::GetWorldMatrix(void) const 	1002b486	FUN_1002b486
DisplaySystem.dll	RRefFrame_t	load	0x1D8	4	this:public class TMatrix4_t const & __thiscall RRefFrame_t::GetWorldMatrix(void) const 	1002b486	FUN_1002b486
DisplaySystem.dll	RRefFrame_t	load	0x1B4	4	this:public class TMatrix4_t const & __thiscall RRefFrame_t::GetWorldMatrix(void) const 	1002b486	FUN_1002b486
DisplaySystem.dll	RRefFrame_t	load	0x1AC	4	this:public class TMatrix4_t const & __thiscall RRefFrame_t::GetWorldMatrix(void) const 	1002b486	FUN_1002b486
DisplaySystem.dll	RRefFrame_t	load	0x1AC	4	this:public class TMatrix4_t const & __thiscall RRefFrame_t::GetWorldMatrix(void) const 	1002b486	FUN_1002b486
DisplaySystem.dll	RRefFrame_t	load	0x1AC	4	this:public class TMatrix4_t const & __thiscall RRefFrame_t::GetWorldMatrix(void) const 	1002b486	FUN_1002b486
DisplaySystem.dll	RRefFrame_t	load	0x1A8	4	this:public class TMatrix4_t const & __thiscall RRefFrame_t::GetWorldMatrix(void) const 	1002b486	FUN_1002b486
DisplaySystem.dll	RRefFrame_t	load	0x1A8	4	this:public class TMatrix4_t const & __thiscall RRefFrame_t::GetWorldMatrix(void) const 	1002b486	FUN_1002b486
DisplaySystem.dll	RRefFrame_t	load	0x1C4	4	this:public class TMatrix4_t const & __thiscall RRefFrame_t::GetWorldMatrix(void) const 	1002b486	FUN_1002b486
DisplaySystem.dll	RRefFrame_t	load	0x1D4	4	this:public class TMatrix4_t const & __thiscall RRefFrame_t::GetWorldMatrix(void) const 	1002b486	FUN_1002b486
DisplaySystem.dll	RRefFrame_t	load	0x1C0	4	this:public class TMatrix4_t const & __thiscall RRefFrame_t::GetWorldMatrix(void) const 	1002b486	FUN_1002b486
DisplaySystem.dll	RRefFrame_t	load	0x1B8	4	this:public class TMatrix4_t const & __thiscall RRefFrame_t::GetWorldMatrix(void) const 	1002b486	FUN_1002b486
DisplaySystem.dll	RRefFrame_t	load	0x1C4	4	this:public class TMatrix4_t const & __thiscall RRefFrame_t::GetWorldMatrix(void) const 	1002b486	FUN_1002b486
DisplaySystem.dll	RRefFrame_t	load	0x1D4	4	this:public class TMatrix4_t const & __thiscall RRefFrame_t::GetWorldMatrix(void) const 	1002b486	FUN_1002b486
DisplaySystem.dll	RRefFrame_t	load	0x1D4	4	this:public class TMatrix4_t const & __thiscall RRefFrame_t::GetWorldMatrix(void) const 	1002b486	FUN_1002b486
DisplaySystem.dll	RRefFrame_t	load	0x1B8	4	this:public class TMatrix4_t const & __thiscall RRefFrame_t::GetWorldMatrix(void) const 	1002b486	FUN_1002b486
DisplaySystem.dll	RRefFrame_t	load	0x1BC	4	this:public class TMatrix4_t const & __thiscall RRefFrame_t::GetWorldMatrix(void) const 	1002b486	FUN_1002b486
DisplaySystem.dll	RRefFrame_t	load	0x1C0	4	this:public class TMatrix4_t const & __thiscall RRefFrame_t::GetWorldMatrix(void) const 	1002b486	FUN_1002b486
DisplaySystem.dll	RRefFrame_t	load	0x1B0	4	this:public class TMatrix4_t const & __thiscall RRefFrame_t::GetWorldMatrix(void) const 	1002b486	FUN_1002b486
DisplaySystem.dll	RRefFrame_t	load	0x1A8	4	this:public class TMatrix4_t const & __thiscall RRefFrame_t::GetWorldMatrix(void) const 	1002b486	FUN_1002b486
DisplaySystem.dll	RRefFrame_t	load	0x1AC	4	this:public class TMatrix4_t const & __thiscall RRefFrame_t::GetWorldMatrix(void) const 	1002b486	FUN_1002b486
DisplaySystem.dll	RRefFrame_t	load	0x1AC	4	this:public class TMatrix4_t const & __thiscall RRefFrame_t::GetWorldMatrix(void) const 	1002b486	FUN_1002b486
DisplaySystem.dll	RRefFrame_t	load	0x1AC	4	this:public class TMatrix4_t const & __thiscall RRefFrame_t::GetWorldMatrix(void) const 	1002b486	FUN_1002b486
DisplaySystem.dll	RRefFrame_t	load	0x1A8	4	this:public class TMatrix4_t const & __thiscall RRefFrame_t::GetWorldMatrix(void) const 	1002b486	FUN_1002b486
DisplaySystem.dll	RRefFrame_t	load	0x1A8	4	this:public class TMatrix4_t const & __thiscall RRefFrame_t::GetWorldMatrix(void) const 	1002b486	FUN_1002b486
DisplaySystem.dll	RRefFrame_t	load	0x1C4	4	this:public class TMatrix4_t const & __thiscall RRefFrame_t::GetWorldMatrix(void) const 	1002b486	FUN_1002b486
DisplaySystem.dll	RRefFrame_t	load	0x1D4	4	this:public class TMatrix4_t const & __thiscall RRefFrame_t::GetWorldMatrix(void) const 	1002b486	FUN_1002b486
DisplaySystem.dll	RRefFrame_t	load	0x1C0	4	this:public class TMatrix4_t const & __thiscall RRefFrame_t::GetWorldMatrix(void) const 	1002b486	FUN_1002b486
DisplaySystem.dll	RRefFrame_t	load	0x1B8	4	this:public class TMatrix4_t const & __thiscall RRefFrame_t::GetWorldMatrix(void) const 	1002b486	FUN_1002b486
DisplaySystem.dll	RRefFrame_t	load	0x1C4	4	this:public class TMatrix4_t const & __thiscall RRefFrame_t::GetWorldMatrix(void) const 	1002b486	FUN_1002b486
DisplaySystem.dll	RRefFrame_t	load	0x1D4	4	this:public class TMatrix4_t const & __thiscall RRefFrame_t::GetWorldMatrix(void) const 	1002b486	FUN_1002b486
DisplaySystem.dll	RRefFrame_t	load	0x1C4	4	this:public class TMatrix4_t const & __thiscall RRefFrame_t::GetWorldMatrix(void) const 	1002b486	FUN_1002b486
DisplaySystem.dll	RRefFrame_t	load	0x1D4	4	this:public class TMatrix4_t const & __thiscall RRefFrame_t::GetWorldMatrix(void) const 	1002b486	FUN_1002b486
DisplaySystem.dll	RRefFrame_t	load	0x1B8	4	this:public class TMatrix4_t const & __thiscall RRefFrame_t::GetWorldMatrix(void) const 	1002b486	FUN_1002b486
DisplaySystem.dll	RRefFrame_t	load	0x1C0	4	this:public class TMatrix4_t const & __thiscall RRefFrame_t::GetWorldMatrix(void) const 	1002b486	FUN_1002b486
DisplaySystem.dll	RRefFrame_t	load	0x1B0	4	this:public class TMatrix4_t const & __thiscall RRefFrame_t::GetWorldMatrix(void) const 	1002b486	FUN_1002b486
DisplaySystem.dll	RRefFrame_t	load	0x1A8	4	this:public class TMatrix4_t const & __thiscall RRefFrame_t::GetWorldMatrix(void) const 	1002b486	FUN_1002b486
DisplaySystem.dll	RRefFrame_t	load_vptr?	0x0	4	this:public class TMatrix4_t const & __thiscall RRefFrame_t::GetWorldMatrix(void) const 	1002b486	FUN_1002b486
DisplaySystem.dll	RRefFrame_t	vcall	0x48	4	this:public class TMatrix4_t const & __thiscall RRefFrame_t::GetWorldMatrix(void) const 	1002b486	FUN_1002b486
DisplaySystem.dll	RDeltaState	new_size	0x16C	0	ctor:public __thiscall RDeltaState::RDeltaState(char const *) 	1002c63e	FUN_1002c63e
DisplaySystem.dll	RVisual_t	store	0xB8	4	this:public void __thiscall RVisual_t::SetRenderPriority(enum RenderList_e) 	1002c63e	FUN_1002c63e
DisplaySystem.dll	RVisual_t	store	0xB8	4	this:public void __thiscall RVisual_t::SetRenderPriority(enum RenderList_e) 	1002c63e	FUN_1002c63e
DisplaySystem.dll	RVisual_t	load	0xB8	4	this:public void __thiscall RVisual_t::SetRenderPriority(enum RenderList_e) 	1002c63e	FUN_1002c63e
DisplaySystem.dll	RVisual_t	load	0xB8	4	this:public void __thiscall RVisual_t::SetRenderPriority(enum RenderList_e) 	1002c63e	FUN_1002c63e
DisplaySystem.dll	RVisual_t	load	0xB8	4	this:public void __thiscall RVisual_t::SetRenderPriority(enum RenderList_e) 	1002c63e	FUN_1002c63e
DisplaySystem.dll	RVisual_t	load	0xB8	4	this:public void __thiscall RVisual_t::SetRenderPriority(enum RenderList_e) 	1002c63e	FUN_1002c63e
DisplaySystem.dll	RVisual_t	load	0xB8	4	this:public void __thiscall RVisual_t::SetRenderPriority(enum RenderList_e) 	1002c63e	FUN_1002c63e
DisplaySystem.dll	RVisual_t	load	0x17C	4	this:public void __thiscall RVisual_t::SetRenderPriority(enum RenderList_e) 	1002c63e	FUN_1002c63e
DisplaySystem.dll	RVisual_t	load	0xB8	4	this:public void __thiscall RVisual_t::SetRenderPriority(enum RenderList_e) 	1002c63e	FUN_1002c63e
DisplaySystem.dll	RVisual_t	load	0xB8	4	this:public void __thiscall RVisual_t::SetRenderPriority(enum RenderList_e) 	1002c63e	FUN_1002c63e
DisplaySystem.dll	RVisual_t	load	0xB8	4	this:public void __thiscall RVisual_t::SetRenderPriority(enum RenderList_e) 	1002c63e	FUN_1002c63e
DisplaySystem.dll	RVisual_t	load	0xB8	4	this:public void __thiscall RVisual_t::SetRenderPriority(enum RenderList_e) 	1002c63e	FUN_1002c63e
DisplaySystem.dll	RVisual_t	load	0xB8	4	this:public void __thiscall RVisual_t::SetRenderPriority(enum RenderList_e) 	1002c63e	FUN_1002c63e
DisplaySystem.dll	RVisual_t	load	0xB8	4	this:public void __thiscall RVisual_t::SetRenderPriority(enum RenderList_e) 	1002c63e	FUN_1002c63e
DisplaySystem.dll	RVisual_t	load	0xB8	4	this:public void __thiscall RVisual_t::SetRenderPriority(enum RenderList_e) 	1002c63e	FUN_1002c63e
DisplaySystem.dll	RVisual_t	load	0xB8	4	this:public void __thiscall RVisual_t::SetRenderPriority(enum RenderList_e) 	1002c63e	FUN_1002c63e
DisplaySystem.dll	RVisual_t	load	0xB8	4	this:public void __thiscall RVisual_t::SetRenderPriority(enum RenderList_e) 	1002c63e	FUN_1002c63e
DisplaySystem.dll	RVisual_t	store	0x184	4	this:public void __thiscall RVisual_t::SetRenderPriority(enum RenderList_e) 	1002c63e	FUN_1002c63e
DisplaySystem.dll	RVisual_t	store	0x188	4	this:public void __thiscall RVisual_t::SetRenderPriority(enum RenderList_e) 	1002c63e	FUN_1002c63e
DisplaySystem.dll	RVisual_t	load	0xB8	4	this:public void __thiscall RVisual_t::SetRenderPriority(enum RenderList_e) 	1002c63e	FUN_1002c63e
DisplaySystem.dll	RVisual_t	load	0xB8	4	this:public void __thiscall RVisual_t::SetRenderPriority(enum RenderList_e) 	1002c63e	FUN_1002c63e
DisplaySystem.dll	RVisual_t	load	0xB8	4	this:public void __thiscall RVisual_t::SetRenderPriority(enum RenderList_e) 	1002c63e	FUN_1002c63e
DisplaySystem.dll	RRefFrame_t	load	0x208	4	this:public class TMatrix4_t const & __thiscall RRefFrame_t::GetWorldMatrix(void) const 	1002c918	FUN_1002c918
DisplaySystem.dll	RRefFrame_t	load	0x1AC	4	this:public class TMatrix4_t const & __thiscall RRefFrame_t::GetWorldMatrix(void) const 	1002c918	FUN_1002c918
DisplaySystem.dll	RRefFrame_t	load	0x1FC	4	this:public class TMatrix4_t const & __thiscall RRefFrame_t::GetWorldMatrix(void) const 	1002c918	FUN_1002c918
DisplaySystem.dll	RRefFrame_t	load	0x1CC	4	this:public class TMatrix4_t const & __thiscall RRefFrame_t::GetWorldMatrix(void) const 	1002c918	FUN_1002c918
DisplaySystem.dll	RRefFrame_t	load	0x1EC	4	this:public class TMatrix4_t const & __thiscall RRefFrame_t::GetWorldMatrix(void) const 	1002c918	FUN_1002c918
DisplaySystem.dll	RRefFrame_t	load	0x1D0	4	this:public class TMatrix4_t const & __thiscall RRefFrame_t::GetWorldMatrix(void) const 	1002c918	FUN_1002c918
DisplaySystem.dll	RRefFrame_t	load	0x1F0	4	this:public class TMatrix4_t const & __thiscall RRefFrame_t::GetWorldMatrix(void) const 	1002c918	FUN_1002c918
DisplaySystem.dll	RRefFrame_t	load	0x1D4	4	this:public class TMatrix4_t const & __thiscall RRefFrame_t::GetWorldMatrix(void) const 	1002c918	FUN_1002c918
DisplaySystem.dll	RRefFrame_t	load	0x1F4	4	this:public class TMatrix4_t const & __thiscall RRefFrame_t::GetWorldMatrix(void) const 	1002c918	FUN_1002c918
DisplaySystem.dll	RRefFrame_t	load	0x200	4	this:public class TMatrix4_t const & __thiscall RRefFrame_t::GetWorldMatrix(void) const 	1002c918	FUN_1002c918
DisplaySystem.dll	RRefFrame_t	load	0x1B8	4	this:public class TMatrix4_t const & __thiscall RRefFrame_t::GetWorldMatrix(void) const 	1002c918	FUN_1002c918
DisplaySystem.dll	RRefFrame_t	load	0x204	4	this:public class TMatrix4_t const & __thiscall RRefFrame_t::GetWorldMatrix(void) const 	1002c918	FUN_1002c918
DisplaySystem.dll	RRefFrame_t	load	0x204	4	this:public class TMatrix4_t const & __thiscall RRefFrame_t::GetWorldMatrix(void) const 	1002c918	FUN_1002c918
DisplaySystem.dll	RRefFrame_t	load	0x1A8	4	this:public class TMatrix4_t const & __thiscall RRefFrame_t::GetWorldMatrix(void) const 	1002c918	FUN_1002c918
DisplaySystem.dll	RRefFrame_t	load	0x204	4	this:public class TMatrix4_t const & __thiscall RRefFrame_t::GetWorldMatrix(void) const 	1002c918	FUN_1002c918
DisplaySystem.dll	RRefFrame_t	load	0x208	4	this:public class TMatrix4_t const & __thiscall RRefFrame_t::GetWorldMatrix(void) const 	1002c918	FUN_1002c918
DisplaySystem.dll	RRefFrame_t	load	0x208	4	this:public class TMatrix4_t const & __thiscall RRefFrame_t::GetWorldMatrix(void) const 	1002c918	FUN_1002c918
DisplaySystem.dll	RRefFrame_t	load	0x204	4	this:public class TMatrix4_t const & __thiscall RRefFrame_t::GetWorldMatrix(void) const 	1002c918	FUN_1002c918
DisplaySystem.dll	RRefFrame_t	load	0x204	4	this:public class TMatrix4_t const & __thiscall RRefFrame_t::GetWorldMatrix(void) const 	1002c918	FUN_1002c918
DisplaySystem.dll	RRefFrame_t	load	0x204	4	this:public class TMatrix4_t const & __thiscall RRefFrame_t::GetWorldMatrix(void) const 	1002c918	FUN_1002c918
DisplaySystem.dll	RRefFrame_t	load	0x1A8	4	this:public class TMatrix4_t const & __thiscall RRefFrame_t::GetWorldMatrix(void) const 	1002c918	FUN_1002c918
DisplaySystem.dll	RRefFrame_t	load	0x204	4	this:public class TMatrix4_t const & __thiscall RRefFrame_t::GetWorldMatrix(void) const 	1002c918	FUN_1002c918
DisplaySystem.dll	RRefFrame_t	load	0x208	4	this:public class TMatrix4_t const & __thiscall RRefFrame_t::GetWorldMatrix(void) const 	1002c918	FUN_1002c918
DisplaySystem.dll	RRefFrame_t	load	0x208	4	this:public class TMatrix4_t const & __thiscall RRefFrame_t::GetWorldMatrix(void) const 	1002c918	FUN_1002c918
DisplaySystem.dll	RRefFrame_t	load	0x204	4	this:public class TMatrix4_t const & __thiscall RRefFrame_t::GetWorldMatrix(void) const 	1002c918	FUN_1002c918
DisplaySystem.dll	RRefFrame_t	load	0x1AC	4	this:public class TMatrix4_t const & __thiscall RRefFrame_t::GetWorldMatrix(void) const 	1002c918	FUN_1002c918
DisplaySystem.dll	RRefFrame_t	load	0x1BC	4	this:public class TMatrix4_t const & __thiscall RRefFrame_t::GetWorldMatrix(void) const 	1002c918	FUN_1002c918
DisplaySystem.dll	RRefFrame_t	load	0x1EC	4	this:public class TMatrix4_t const & __thiscall RRefFrame_t::GetWorldMatrix(void) const 	1002c918	FUN_1002c918
DisplaySystem.dll	RRefFrame_t	load	0x1C0	4	this:public class TMatrix4_t const & __thiscall RRefFrame_t::GetWorldMatrix(void) const 	1002c918	FUN_1002c918
DisplaySystem.dll	RRefFrame_t	load	0x1F0	4	this:public class TMatrix4_t const & __thiscall RRefFrame_t::GetWorldMatrix(void) const 	1002c918	FUN_1002c918
DisplaySystem.dll	RRefFrame_t	load	0x1C4	4	this:public class TMatrix4_t const & __thiscall RRefFrame_t::GetWorldMatrix(void) const 	1002c918	FUN_1002c918
DisplaySystem.dll	RRefFrame_t	load	0x1F4	4	this:public class TMatrix4_t const & __thiscall RRefFrame_t::GetWorldMatrix(void) const 	1002c918	FUN_1002c918
DisplaySystem.dll	RRefFrame_t	load	0x200	4	this:public class TMatrix4_t const & __thiscall RRefFrame_t::GetWorldMatrix(void) const 	1002c918	FUN_1002c918
DisplaySystem.dll	RRefFrame_t	load	0x1B8	4	this:public class TMatrix4_t const & __thiscall RRefFrame_t::GetWorldMatrix(void) const 	1002c918	FUN_1002c918
DisplaySystem.dll	RRefFrame_t	load	0x204	4	this:public class TMatrix4_t const & __thiscall RRefFrame_t::GetWorldMatrix(void) const 	1002c918	FUN_1002c918
DisplaySystem.dll	RRefFrame_t	load	0x204	4	this:public class TMatrix4_t const & __thiscall RRefFrame_t::GetWorldMatrix(void) const 	1002c918	FUN_1002c918
DisplaySystem.dll	RRefFrame_t	load	0x1A8	4	this:public class TMatrix4_t const & __thiscall RRefFrame_t::GetWorldMatrix(void) const 	1002c918	FUN_1002c918
DisplaySystem.dll	RRefFrame_t	load	0x204	4	this:public class TMatrix4_t const & __thiscall RRefFrame_t::GetWorldMatrix(void) const 	1002c918	FUN_1002c918
DisplaySystem.dll	RRefFrame_t	load	0x208	4	this:public class TMatrix4_t const & __thiscall RRefFrame_t::GetWorldMatrix(void) const 	1002c918	FUN_1002c918
DisplaySystem.dll	RRefFrame_t	load	0x208	4	this:public class TMatrix4_t const & __thiscall RRefFrame_t::GetWorldMatrix(void) const 	1002c918	FUN_1002c918
DisplaySystem.dll	RRefFrame_t	load	0x204	4	this:public class TMatrix4_t const & __thiscall RRefFrame_t::GetWorldMatrix(void) const 	1002c918	FUN_1002c918
DisplaySystem.dll	RRefFrame_t	load	0x204	4	this:public class TMatrix4_t const & __thiscall RRefFrame_t::GetWorldMatrix(void) const 	1002c918	FUN_1002c918
DisplaySystem.dll	RRefFrame_t	load	0x204	4	this:public class TMatrix4_t const & __thiscall RRefFrame_t::GetWorldMatrix(void) const 	1002c918	FUN_1002c918
DisplaySystem.dll	RRefFrame_t	load	0x1A8	4	this:public class TMatrix4_t const & __thiscall RRefFrame_t::GetWorldMatrix(void) const 	1002c918	FUN_1002c918
DisplaySystem.dll	RRefFrame_t	load	0x204	4	this:public class TMatrix4_t const & __thiscall RRefFrame_t::GetWorldMatrix(void) const 	1002c918	FUN_1002c918
DisplaySystem.dll	RRefFrame_t	load	0x208	4	this:public class TMatrix4_t const & __thiscall RRefFrame_t::GetWorldMatrix(void) const 	1002c918	FUN_1002c918
DisplaySystem.dll	RRefFrame_t	load	0x208	4	this:public class TMatrix4_t const & __thiscall RRefFrame_t::GetWorldMatrix(void) const 	1002c918	FUN_1002c918
DisplaySystem.dll	RRefFrame_t	load	0x204	4	this:public class TMatrix4_t const & __thiscall RRefFrame_t::GetWorldMatrix(void) const 	1002c918	FUN_1002c918
DisplaySystem.dll	RRefFrame_t	load	0x1AC	4	this:public class TMatrix4_t const & __thiscall RRefFrame_t::GetWorldMatrix(void) const 	1002c918	FUN_1002c918
DisplaySystem.dll	RRefFrame_t	load	0x1BC	4	this:public class TMatrix4_t const & __thiscall RRefFrame_t::GetWorldMatrix(void) const 	1002c918	FUN_1002c918
DisplaySystem.dll	RRefFrame_t	load	0x1EC	4	this:public class TMatrix4_t const & __thiscall RRefFrame_t::GetWorldMatrix(void) const 	1002c918	FUN_1002c918
DisplaySystem.dll	RRefFrame_t	load	0x1C0	4	this:public class TMatrix4_t const & __thiscall RRefFrame_t::GetWorldMatrix(void) const 	1002c918	FUN_1002c918
DisplaySystem.dll	RRefFrame_t	load	0x1F0	4	this:public class TMatrix4_t const & __thiscall RRefFrame_t::GetWorldMatrix(void) const 	1002c918	FUN_1002c918
DisplaySystem.dll	RRefFrame_t	load	0x1C4	4	this:public class TMatrix4_t const & __thiscall RRefFrame_t::GetWorldMatrix(void) const 	1002c918	FUN_1002c918
DisplaySystem.dll	RRefFrame_t	load	0x1F4	4	this:public class TMatrix4_t const & __thiscall RRefFrame_t::GetWorldMatrix(void) const 	1002c918	FUN_1002c918
DisplaySystem.dll	RRefFrame_t	load	0x1CC	4	this:public class TMatrix4_t const & __thiscall RRefFrame_t::GetWorldMatrix(void) const 	1002c918	FUN_1002c918
DisplaySystem.dll	RRefFrame_t	load	0x1D0	4	this:public class TMatrix4_t const & __thiscall RRefFrame_t::GetWorldMatrix(void) const 	1002c918	FUN_1002c918
DisplaySystem.dll	RRefFrame_t	load	0x1D4	4	this:public class TMatrix4_t const & __thiscall RRefFrame_t::GetWorldMatrix(void) const 	1002c918	FUN_1002c918
DisplaySystem.dll	RRefFrame_t	load	0x200	4	this:public class TMatrix4_t const & __thiscall RRefFrame_t::GetWorldMatrix(void) const 	1002c918	FUN_1002c918
DisplaySystem.dll	RRefFrame_t	load	0x1B8	4	this:public class TMatrix4_t const & __thiscall RRefFrame_t::GetWorldMatrix(void) const 	1002c918	FUN_1002c918
DisplaySystem.dll	RRefFrame_t	load	0x204	4	this:public class TMatrix4_t const & __thiscall RRefFrame_t::GetWorldMatrix(void) const 	1002c918	FUN_1002c918
DisplaySystem.dll	RRefFrame_t	load	0x204	4	this:public class TMatrix4_t const & __thiscall RRefFrame_t::GetWorldMatrix(void) const 	1002c918	FUN_1002c918
DisplaySystem.dll	RRefFrame_t	load	0x1A8	4	this:public class TMatrix4_t const & __thiscall RRefFrame_t::GetWorldMatrix(void) const 	1002c918	FUN_1002c918
DisplaySystem.dll	RRefFrame_t	load	0x204	4	this:public class TMatrix4_t const & __thiscall RRefFrame_t::GetWorldMatrix(void) const 	1002c918	FUN_1002c918
DisplaySystem.dll	RRefFrame_t	load	0x208	4	this:public class TMatrix4_t const & __thiscall RRefFrame_t::GetWorldMatrix(void) const 	1002c918	FUN_1002c918
DisplaySystem.dll	RRefFrame_t	load	0x208	4	this:public class TMatrix4_t const & __thiscall RRefFrame_t::GetWorldMatrix(void) const 	1002c918	FUN_1002c918
DisplaySystem.dll	RRefFrame_t	load	0x204	4	this:public class TMatrix4_t const & __thiscall RRefFrame_t::GetWorldMatrix(void) const 	1002c918	FUN_1002c918
DisplaySystem.dll	RRefFrame_t	load	0x204	4	this:public class TMatrix4_t const & __thiscall RRefFrame_t::GetWorldMatrix(void) const 	1002c918	FUN_1002c918
DisplaySystem.dll	RRefFrame_t	load	0x204	4	this:public class TMatrix4_t const & __thiscall RRefFrame_t::GetWorldMatrix(void) const 	1002c918	FUN_1002c918
DisplaySystem.dll	RRefFrame_t	load	0x1A8	4	this:public class TMatrix4_t const & __thiscall RRefFrame_t::GetWorldMatrix(void) const 	1002c918	FUN_1002c918
DisplaySystem.dll	RRefFrame_t	load	0x204	4	this:public class TMatrix4_t const & __thiscall RRefFrame_t::GetWorldMatrix(void) const 	1002c918	FUN_1002c918
DisplaySystem.dll	RRefFrame_t	load	0x208	4	this:public class TMatrix4_t const & __thiscall RRefFrame_t::GetWorldMatrix(void) const 	1002c918	FUN_1002c918
DisplaySystem.dll	RRefFrame_t	load	0x208	4	this:public class TMatrix4_t const & __thiscall RRefFrame_t::GetWorldMatrix(void) const 	1002c918	FUN_1002c918
DisplaySystem.dll	RRefFrame_t	load	0x204	4	this:public class TMatrix4_t const & __thiscall RRefFrame_t::GetWorldMatrix(void) const 	1002c918	FUN_1002c918
DisplaySystem.dll	RRefFrame_t	load	0x1AC	4	this:public class TMatrix4_t const & __thiscall RRefFrame_t::GetWorldMatrix(void) const 	1002c918	FUN_1002c918
DisplaySystem.dll	RRefFrame_t	load	0x1BC	4	this:public class TMatrix4_t const & __thiscall RRefFrame_t::GetWorldMatrix(void) const 	1002c918	FUN_1002c918
DisplaySystem.dll	RRefFrame_t	load	0x1EC	4	this:public class TMatrix4_t const & __thiscall RRefFrame_t::GetWorldMatrix(void) const 	1002c918	FUN_1002c918
DisplaySystem.dll	RRefFrame_t	load	0x1C0	4	this:public class TMatrix4_t const & __thiscall RRefFrame_t::GetWorldMatrix(void) const 	1002c918	FUN_1002c918
DisplaySystem.dll	RRefFrame_t	load	0x1F0	4	this:public class TMatrix4_t const & __thiscall RRefFrame_t::GetWorldMatrix(void) const 	1002c918	FUN_1002c918
DisplaySystem.dll	RRefFrame_t	load	0x1C4	4	this:public class TMatrix4_t const & __thiscall RRefFrame_t::GetWorldMatrix(void) const 	1002c918	FUN_1002c918
DisplaySystem.dll	RRefFrame_t	load	0x1F4	4	this:public class TMatrix4_t const & __thiscall RRefFrame_t::GetWorldMatrix(void) const 	1002c918	FUN_1002c918
DisplaySystem.dll	RRefFrame_t	load	0x1CC	4	this:public class TMatrix4_t const & __thiscall RRefFrame_t::GetWorldMatrix(void) const 	1002c918	FUN_1002c918
DisplaySystem.dll	RRefFrame_t	load	0x1D0	4	this:public class TMatrix4_t const & __thiscall RRefFrame_t::GetWorldMatrix(void) const 	1002c918	FUN_1002c918
DisplaySystem.dll	RRefFrame_t	load	0x1D4	4	this:public class TMatrix4_t const & __thiscall RRefFrame_t::GetWorldMatrix(void) const 	1002c918	FUN_1002c918
DisplaySystem.dll	RRefFrame_t	load	0x200	4	this:public class TMatrix4_t const & __thiscall RRefFrame_t::GetWorldMatrix(void) const 	1002c918	FUN_1002c918
DisplaySystem.dll	RRefFrame_t	load	0x1B8	4	this:public class TMatrix4_t const & __thiscall RRefFrame_t::GetWorldMatrix(void) const 	1002c918	FUN_1002c918
DisplaySystem.dll	RRefFrame_t	load	0x204	4	this:public class TMatrix4_t const & __thiscall RRefFrame_t::GetWorldMatrix(void) const 	1002c918	FUN_1002c918
DisplaySystem.dll	RRefFrame_t	load	0x204	4	this:public class TMatrix4_t const & __thiscall RRefFrame_t::GetWorldMatrix(void) const 	1002c918	FUN_1002c918
DisplaySystem.dll	RRefFrame_t	load	0x1A8	4	this:public class TMatrix4_t const & __thiscall RRefFrame_t::GetWorldMatrix(void) const 	1002c918	FUN_1002c918
DisplaySystem.dll	RRefFrame_t	load	0x204	4	this:public class TMatrix4_t const & __thiscall RRefFrame_t::GetWorldMatrix(void) const 	1002c918	FUN_1002c918
DisplaySystem.dll	RRefFrame_t	load	0x208	4	this:public class TMatrix4_t const & __thiscall RRefFrame_t::GetWorldMatrix(void) const 	1002c918	FUN_1002c918
DisplaySystem.dll	RRefFrame_t	load	0x208	4	this:public class TMatrix4_t const & __thiscall RRefFrame_t::GetWorldMatrix(void) const 	1002c918	FUN_1002c918
DisplaySystem.dll	RRefFrame_t	load	0x204	4	this:public class TMatrix4_t const & __thiscall RRefFrame_t::GetWorldMatrix(void) const 	1002c918	FUN_1002c918
DisplaySystem.dll	RRefFrame_t	load	0x204	4	this:public class TMatrix4_t const & __thiscall RRefFrame_t::GetWorldMatrix(void) const 	1002c918	FUN_1002c918
DisplaySystem.dll	RRefFrame_t	load	0x204	4	this:public class TMatrix4_t const & __thiscall RRefFrame_t::GetWorldMatrix(void) const 	1002c918	FUN_1002c918
DisplaySystem.dll	RRefFrame_t	load	0x1A8	4	this:public class TMatrix4_t const & __thiscall RRefFrame_t::GetWorldMatrix(void) const 	1002c918	FUN_1002c918
DisplaySystem.dll	RRefFrame_t	load	0x204	4	this:public class TMatrix4_t const & __thiscall RRefFrame_t::GetWorldMatrix(void) const 	1002c918	FUN_1002c918
DisplaySystem.dll	RRefFrame_t	load	0x208	4	this:public class TMatrix4_t const & __thiscall RRefFrame_t::GetWorldMatrix(void) const 	1002c918	FUN_1002c918
DisplaySystem.dll	RRefFrame_t	load	0x208	4	this:public class TMatrix4_t const & __thiscall RRefFrame_t::GetWorldMatrix(void) const 	1002c918	FUN_1002c918
DisplaySystem.dll	RRefFrame_t	load	0x204	4	this:public class TMatrix4_t const & __thiscall RRefFrame_t::GetWorldMatrix(void) const 	1002c918	FUN_1002c918
DisplaySystem.dll	RRefFrame_t	load	0x17C	4	this:public class TMatrix4_t const & __thiscall RRefFrame_t::GetWorldMatrix(void) const 	1002c918	FUN_1002c918
DisplaySystem.dll	RRefFrame_t	load_vptr?	0x0	4	this:public class TMatrix4_t const & __thiscall RRefFrame_t::GetWorldMatrix(void) const 	1002c918	FUN_1002c918
DisplaySystem.dll	RRefFrame_t	vcall	0x40	4	this:public class TMatrix4_t const & __thiscall RRefFrame_t::GetWorldMatrix(void) const 	1002c918	FUN_1002c918
DisplaySystem.dll	RRefFrame_t	load_vptr?	0x0	4	this:public class TMatrix4_t const & __thiscall RRefFrame_t::GetWorldMatrix(void) const 	1002c918	FUN_1002c918
DisplaySystem.dll	RRefFrame_t	vcall	0x44	4	this:public class TMatrix4_t const & __thiscall RRefFrame_t::GetWorldMatrix(void) const 	1002c918	FUN_1002c918
DisplaySystem.dll	RRefFrame_t	load	0x204	4	this:public class TMatrix4_t const & __thiscall RRefFrame_t::GetWorldMatrix(void) const 	1002c918	FUN_1002c918
DisplaySystem.dll	RRefFrame_t	load_vptr?	0x0	4	this:public class TMatrix4_t const & __thiscall RRefFrame_t::GetWorldMatrix(void) const 	1002c918	FUN_1002c918
DisplaySystem.dll	RRefFrame_t	vcall	0x48	4	this:public class TMatrix4_t const & __thiscall RRefFrame_t::GetWorldMatrix(void) const 	1002c918	FUN_1002c918
DisplaySystem.dll	RRefFrame_t	load	0x178	4	this:public class TMatrix4_t const & __thiscall RRefFrame_t::GetWorldMatrix(void) const 	1002d2bf	FUN_1002d2bf
DisplaySystem.dll	RRefFrame_t	load	0x17C	4	this:public class TMatrix4_t const & __thiscall RRefFrame_t::GetWorldMatrix(void) const 	1002d2bf	FUN_1002d2bf
DisplaySystem.dll	RRefFrame_t	load	0x198	4	this:public class TMatrix4_t const & __thiscall RRefFrame_t::GetWorldMatrix(void) const 	1002d2bf	FUN_1002d2bf
DisplaySystem.dll	RRefFrame_t	load	0x17C	4	this:public class TMatrix4_t const & __thiscall RRefFrame_t::GetWorldMatrix(void) const 	1002d2bf	FUN_1002d2bf
DisplaySystem.dll	RRefFrame_t	load_vptr?	0x0	4	this:public class TMatrix4_t const & __thiscall RRefFrame_t::GetWorldMatrix(void) const 	1002d2bf	FUN_1002d2bf
DisplaySystem.dll	RRefFrame_t	vcall	0x40	4	this:public class TMatrix4_t const & __thiscall RRefFrame_t::GetWorldMatrix(void) const 	1002d2bf	FUN_1002d2bf
DisplaySystem.dll	RRefFrame_t	load_vptr?	0x0	4	this:public class TMatrix4_t const & __thiscall RRefFrame_t::GetWorldMatrix(void) const 	1002d2bf	FUN_1002d2bf
DisplaySystem.dll	RRefFrame_t	vcall	0x44	4	this:public class TMatrix4_t const & __thiscall RRefFrame_t::GetWorldMatrix(void) const 	1002d2bf	FUN_1002d2bf
DisplaySystem.dll	RRefFrame_t	load	0x198	4	this:public class TMatrix4_t const & __thiscall RRefFrame_t::GetWorldMatrix(void) const 	1002d2bf	FUN_1002d2bf
DisplaySystem.dll	RRefFrame_t	load	0x1AC	4	this:public class TMatrix4_t const & __thiscall RRefFrame_t::GetWorldMatrix(void) const 	1002d2bf	FUN_1002d2bf
DisplaySystem.dll	RRefFrame_t	load	0x1A8	4	this:public class TMatrix4_t const & __thiscall RRefFrame_t::GetWorldMatrix(void) const 	1002d2bf	FUN_1002d2bf
DisplaySystem.dll	RRefFrame_t	load	0x1A8	4	this:public class TMatrix4_t const & __thiscall RRefFrame_t::GetWorldMatrix(void) const 	1002d2bf	FUN_1002d2bf
DisplaySystem.dll	RRefFrame_t	load	0x1A8	4	this:public class TMatrix4_t const & __thiscall RRefFrame_t::GetWorldMatrix(void) const 	1002d2bf	FUN_1002d2bf
DisplaySystem.dll	RRefFrame_t	load	0x1AC	4	this:public class TMatrix4_t const & __thiscall RRefFrame_t::GetWorldMatrix(void) const 	1002d2bf	FUN_1002d2bf
DisplaySystem.dll	RRefFrame_t	load	0x1AC	4	this:public class TMatrix4_t const & __thiscall RRefFrame_t::GetWorldMatrix(void) const 	1002d2bf	FUN_1002d2bf
DisplaySystem.dll	RRefFrame_t	load	0x1A8	4	this:public class TMatrix4_t const & __thiscall RRefFrame_t::GetWorldMatrix(void) const 	1002d2bf	FUN_1002d2bf
DisplaySystem.dll	RRefFrame_t	load_vptr?	0x0	4	this:public class TMatrix4_t const & __thiscall RRefFrame_t::GetWorldMatrix(void) const 	1002d2bf	FUN_1002d2bf
DisplaySystem.dll	RRefFrame_t	vcall	0x48	4	this:public class TMatrix4_t const & __thiscall RRefFrame_t::GetWorldMatrix(void) const 	1002d2bf	FUN_1002d2bf
DisplaySystem.dll	RDeltaState	new_size	0x16C	0	ctor:public __thiscall RDeltaState::RDeltaState(char const *) 	1002d4b3	FUN_1002d4b3
DisplaySystem.dll	RVisual_t	store_vptr?	0x0	4	this:public void __thiscall RVisual_t::SetRenderPriority(enum RenderList_e) 	1002d4b3	FUN_1002d4b3
DisplaySystem.dll	RVisual_t	store	0xA4	4	this:public void __thiscall RVisual_t::SetRenderPriority(enum RenderList_e) 	1002d4b3	FUN_1002d4b3
DisplaySystem.dll	RVisual_t	load	0xB8	4	this:public void __thiscall RVisual_t::SetRenderPriority(enum RenderList_e) 	1002d4b3	FUN_1002d4b3
DisplaySystem.dll	RVisual_t	store	0xB8	4	this:public void __thiscall RVisual_t::SetRenderPriority(enum RenderList_e) 	1002d4b3	FUN_1002d4b3
DisplaySystem.dll	RVisual_t	load	0xB8	4	this:public void __thiscall RVisual_t::SetRenderPriority(enum RenderList_e) 	1002d4b3	FUN_1002d4b3
DisplaySystem.dll	RVisual_t	load	0xB8	4	this:public void __thiscall RVisual_t::SetRenderPriority(enum RenderList_e) 	1002d4b3	FUN_1002d4b3
DisplaySystem.dll	RVisual_t	load	0xB8	4	this:public void __thiscall RVisual_t::SetRenderPriority(enum RenderList_e) 	1002d4b3	FUN_1002d4b3
DisplaySystem.dll	RVisual_t	load	0xB8	4	this:public void __thiscall RVisual_t::SetRenderPriority(enum RenderList_e) 	1002d4b3	FUN_1002d4b3
DisplaySystem.dll	RVisual_t	load	0xB8	4	this:public void __thiscall RVisual_t::SetRenderPriority(enum RenderList_e) 	1002d4b3	FUN_1002d4b3
DisplaySystem.dll	RVisual_t	load	0xB8	4	this:public void __thiscall RVisual_t::SetRenderPriority(enum RenderList_e) 	1002d4b3	FUN_1002d4b3
DisplaySystem.dll	RVisual_t	load	0xB8	4	this:public void __thiscall RVisual_t::SetRenderPriority(enum RenderList_e) 	1002d4b3	FUN_1002d4b3
DisplaySystem.dll	RVisual_t	load	0x17C	4	this:public void __thiscall RVisual_t::SetRenderPriority(enum RenderList_e) 	1002d4b3	FUN_1002d4b3
DisplaySystem.dll	RVisual_t	load	0xB8	4	this:public void __thiscall RVisual_t::SetRenderPriority(enum RenderList_e) 	1002d4b3	FUN_1002d4b3
DisplaySystem.dll	RVisual_t	load	0xB8	4	this:public void __thiscall RVisual_t::SetRenderPriority(enum RenderList_e) 	1002d4b3	FUN_1002d4b3
DisplaySystem.dll	RVisual_t	load	0xB8	4	this:public void __thiscall RVisual_t::SetRenderPriority(enum RenderList_e) 	1002d4b3	FUN_1002d4b3
DisplaySystem.dll	RVisual_t	load	0xB8	4	this:public void __thiscall RVisual_t::SetRenderPriority(enum RenderList_e) 	1002d4b3	FUN_1002d4b3
DisplaySystem.dll	RVisual_t	load	0xB8	4	this:public void __thiscall RVisual_t::SetRenderPriority(enum RenderList_e) 	1002d4b3	FUN_1002d4b3
DisplaySystem.dll	RVisual_t	load	0xB8	4	this:public void __thiscall RVisual_t::SetRenderPriority(enum RenderList_e) 	1002d4b3	FUN_1002d4b3
DisplaySystem.dll	RVisual_t	load	0x190	4	this:public void __thiscall RVisual_t::SetRenderPriority(enum RenderList_e) 	1002d4b3	FUN_1002d4b3
DisplaySystem.dll	RVisual_t	load	0xB8	4	this:public void __thiscall RVisual_t::SetRenderPriority(enum RenderList_e) 	1002d4b3	FUN_1002d4b3
DisplaySystem.dll	RVisual_t	load	0xB8	4	this:public void __thiscall RVisual_t::SetRenderPriority(enum RenderList_e) 	1002d4b3	FUN_1002d4b3
DisplaySystem.dll	RVisual_t	load	0xB8	4	this:public void __thiscall RVisual_t::SetRenderPriority(enum RenderList_e) 	1002d4b3	FUN_1002d4b3
DisplaySystem.dll	RVisual_t	load	0xB8	4	this:public void __thiscall RVisual_t::SetRenderPriority(enum RenderList_e) 	1002d4b3	FUN_1002d4b3
DisplaySystem.dll	RVisual_t	load	0x194	4	this:public void __thiscall RVisual_t::SetRenderPriority(enum RenderList_e) 	1002d4b3	FUN_1002d4b3
DisplaySystem.dll	RVisual_t	load	0xB8	4	this:public void __thiscall RVisual_t::SetRenderPriority(enum RenderList_e) 	1002d4b3	FUN_1002d4b3
DisplaySystem.dll	RVisual_t	load	0xB8	4	this:public void __thiscall RVisual_t::SetRenderPriority(enum RenderList_e) 	1002d4b3	FUN_1002d4b3
DisplaySystem.dll	RVisual_t	load	0xB8	4	this:public void __thiscall RVisual_t::SetRenderPriority(enum RenderList_e) 	1002d4b3	FUN_1002d4b3
DisplaySystem.dll	RVisual_t	store	0x1AC	4	this:public void __thiscall RVisual_t::SetRenderPriority(enum RenderList_e) 	1002d4b3	FUN_1002d4b3
DisplaySystem.dll	RVisual_t	store	0x1A8	4	this:public void __thiscall RVisual_t::SetRenderPriority(enum RenderList_e) 	1002d4b3	FUN_1002d4b3
DisplaySystem.dll	RVisual_t	load	0x1AC	4	this:public void __thiscall RVisual_t::SetRenderPriority(enum RenderList_e) 	1002d4b3	FUN_1002d4b3
DisplaySystem.dll	RVisual_t	load	0x1A8	4	this:public void __thiscall RVisual_t::SetRenderPriority(enum RenderList_e) 	1002d4b3	FUN_1002d4b3
DisplaySystem.dll	RVisual_t	load	0x1A8	4	this:public void __thiscall RVisual_t::SetRenderPriority(enum RenderList_e) 	1002d4b3	FUN_1002d4b3
DisplaySystem.dll	RVisual_t	load	0x1A8	4	this:public void __thiscall RVisual_t::SetRenderPriority(enum RenderList_e) 	1002d4b3	FUN_1002d4b3
DisplaySystem.dll	RVisual_t	load	0x1A8	4	this:public void __thiscall RVisual_t::SetRenderPriority(enum RenderList_e) 	1002d4b3	FUN_1002d4b3
DisplaySystem.dll	RVisual_t	load	0x1A8	4	this:public void __thiscall RVisual_t::SetRenderPriority(enum RenderList_e) 	1002d4b3	FUN_1002d4b3
DisplaySystem.dll	RVisual_t	load	0x1A8	4	this:public void __thiscall RVisual_t::SetRenderPriority(enum RenderList_e) 	1002d4b3	FUN_1002d4b3
DisplaySystem.dll	RVisual_t	load	0x1AC	4	this:public void __thiscall RVisual_t::SetRenderPriority(enum RenderList_e) 	1002d4b3	FUN_1002d4b3
DisplaySystem.dll	RDeltaState	new_size	0x16C	0	ctor:public __thiscall RDeltaState::RDeltaState(char const *) 	1002d940	FUN_1002d940
DisplaySystem.dll	RVisual_t	load	0xB8	4	this:public void __thiscall RVisual_t::SetRenderPriority(enum RenderList_e) 	1002d940	FUN_1002d940
DisplaySystem.dll	RVisual_t	store	0xB8	4	this:public void __thiscall RVisual_t::SetRenderPriority(enum RenderList_e) 	1002d940	FUN_1002d940
DisplaySystem.dll	RVisual_t	load	0xB8	4	this:public void __thiscall RVisual_t::SetRenderPriority(enum RenderList_e) 	1002d940	FUN_1002d940
DisplaySystem.dll	RVisual_t	load	0xB8	4	this:public void __thiscall RVisual_t::SetRenderPriority(enum RenderList_e) 	1002d940	FUN_1002d940
DisplaySystem.dll	RVisual_t	load	0xB8	4	this:public void __thiscall RVisual_t::SetRenderPriority(enum RenderList_e) 	1002d940	FUN_1002d940
DisplaySystem.dll	RVisual_t	load	0xB8	4	this:public void __thiscall RVisual_t::SetRenderPriority(enum RenderList_e) 	1002d940	FUN_1002d940
DisplaySystem.dll	RVisual_t	load	0xB8	4	this:public void __thiscall RVisual_t::SetRenderPriority(enum RenderList_e) 	1002d940	FUN_1002d940
DisplaySystem.dll	RVisual_t	load	0xB8	4	this:public void __thiscall RVisual_t::SetRenderPriority(enum RenderList_e) 	1002d940	FUN_1002d940
DisplaySystem.dll	RVisual_t	load	0xB8	4	this:public void __thiscall RVisual_t::SetRenderPriority(enum RenderList_e) 	1002d940	FUN_1002d940
DisplaySystem.dll	RVisual_t	load	0x17C	4	this:public void __thiscall RVisual_t::SetRenderPriority(enum RenderList_e) 	1002d940	FUN_1002d940
DisplaySystem.dll	RVisual_t	load	0xB8	4	this:public void __thiscall RVisual_t::SetRenderPriority(enum RenderList_e) 	1002d940	FUN_1002d940
DisplaySystem.dll	RVisual_t	load	0xB8	4	this:public void __thiscall RVisual_t::SetRenderPriority(enum RenderList_e) 	1002d940	FUN_1002d940
DisplaySystem.dll	RVisual_t	load	0xB8	4	this:public void __thiscall RVisual_t::SetRenderPriority(enum RenderList_e) 	1002d940	FUN_1002d940
DisplaySystem.dll	RVisual_t	load	0xB8	4	this:public void __thiscall RVisual_t::SetRenderPriority(enum RenderList_e) 	1002d940	FUN_1002d940
DisplaySystem.dll	RVisual_t	load	0xB8	4	this:public void __thiscall RVisual_t::SetRenderPriority(enum RenderList_e) 	1002d940	FUN_1002d940
DisplaySystem.dll	RVisual_t	load	0xB8	4	this:public void __thiscall RVisual_t::SetRenderPriority(enum RenderList_e) 	1002d940	FUN_1002d940
DisplaySystem.dll	RVisual_t	load	0xB8	4	this:public void __thiscall RVisual_t::SetRenderPriority(enum RenderList_e) 	1002d940	FUN_1002d940
DisplaySystem.dll	RVisual_t	load	0x190	4	this:public void __thiscall RVisual_t::SetRenderPriority(enum RenderList_e) 	1002d940	FUN_1002d940
DisplaySystem.dll	RVisual_t	load	0xB8	4	this:public void __thiscall RVisual_t::SetRenderPriority(enum RenderList_e) 	1002d940	FUN_1002d940
DisplaySystem.dll	RVisual_t	load	0xB8	4	this:public void __thiscall RVisual_t::SetRenderPriority(enum RenderList_e) 	1002d940	FUN_1002d940
DisplaySystem.dll	RVisual_t	load	0xB8	4	this:public void __thiscall RVisual_t::SetRenderPriority(enum RenderList_e) 	1002d940	FUN_1002d940
DisplaySystem.dll	RVisual_t	load	0xB8	4	this:public void __thiscall RVisual_t::SetRenderPriority(enum RenderList_e) 	1002d940	FUN_1002d940
DisplaySystem.dll	RVisual_t	load	0x1A8	1	this:public void __thiscall RVisual_t::SetRenderPriority(enum RenderList_e) 	1002d940	FUN_1002d940
DisplaySystem.dll	RVisual_t	load	0xB8	4	this:public void __thiscall RVisual_t::SetRenderPriority(enum RenderList_e) 	1002d940	FUN_1002d940
DisplaySystem.dll	RVisual_t	load	0x194	4	this:public void __thiscall RVisual_t::SetRenderPriority(enum RenderList_e) 	1002d940	FUN_1002d940
DisplaySystem.dll	RVisual_t	load	0xB8	4	this:public void __thiscall RVisual_t::SetRenderPriority(enum RenderList_e) 	1002d940	FUN_1002d940
DisplaySystem.dll	RVisual_t	load	0xB8	4	this:public void __thiscall RVisual_t::SetRenderPriority(enum RenderList_e) 	1002d940	FUN_1002d940
DisplaySystem.dll	RVisual_t	load	0xB8	4	this:public void __thiscall RVisual_t::SetRenderPriority(enum RenderList_e) 	1002d940	FUN_1002d940
DisplaySystem.dll	RRefFrame_t	load	0x178	4	this:public class TMatrix4_t const & __thiscall RRefFrame_t::GetWorldMatrix(void) const 	1002e6d1	FUN_1002e6d1
DisplaySystem.dll	RRefFrame_t	load	0x17C	4	this:public class TMatrix4_t const & __thiscall RRefFrame_t::GetWorldMatrix(void) const 	1002e6d1	FUN_1002e6d1
DisplaySystem.dll	RRefFrame_t	load_vptr?	0x0	4	this:public class TMatrix4_t const & __thiscall RRefFrame_t::GetWorldMatrix(void) const 	1002e6d1	FUN_1002e6d1
DisplaySystem.dll	RRefFrame_t	vcall	0x40	4	this:public class TMatrix4_t const & __thiscall RRefFrame_t::GetWorldMatrix(void) const 	1002e6d1	FUN_1002e6d1
DisplaySystem.dll	RRefFrame_t	load_vptr?	0x0	4	this:public class TMatrix4_t const & __thiscall RRefFrame_t::GetWorldMatrix(void) const 	1002e6d1	FUN_1002e6d1
DisplaySystem.dll	RRefFrame_t	vcall	0x44	4	this:public class TMatrix4_t const & __thiscall RRefFrame_t::GetWorldMatrix(void) const 	1002e6d1	FUN_1002e6d1
DisplaySystem.dll	RRefFrame_t	load	0x250	4	this:public class TMatrix4_t const & __thiscall RRefFrame_t::GetWorldMatrix(void) const 	1002e6d1	FUN_1002e6d1
DisplaySystem.dll	RRefFrame_t	load	0x210	4	this:public class TMatrix4_t const & __thiscall RRefFrame_t::GetWorldMatrix(void) const 	1002e6d1	FUN_1002e6d1
DisplaySystem.dll	RRefFrame_t	load	0x20C	4	this:public class TMatrix4_t const & __thiscall RRefFrame_t::GetWorldMatrix(void) const 	1002e6d1	FUN_1002e6d1
DisplaySystem.dll	RRefFrame_t	load	0x250	4	this:public class TMatrix4_t const & __thiscall RRefFrame_t::GetWorldMatrix(void) const 	1002e6d1	FUN_1002e6d1
DisplaySystem.dll	RRefFrame_t	load	0x250	4	this:public class TMatrix4_t const & __thiscall RRefFrame_t::GetWorldMatrix(void) const 	1002e6d1	FUN_1002e6d1
DisplaySystem.dll	RRefFrame_t	load	0x210	4	this:public class TMatrix4_t const & __thiscall RRefFrame_t::GetWorldMatrix(void) const 	1002e6d1	FUN_1002e6d1
DisplaySystem.dll	RRefFrame_t	load	0x20C	4	this:public class TMatrix4_t const & __thiscall RRefFrame_t::GetWorldMatrix(void) const 	1002e6d1	FUN_1002e6d1
DisplaySystem.dll	RRefFrame_t	load	0x250	4	this:public class TMatrix4_t const & __thiscall RRefFrame_t::GetWorldMatrix(void) const 	1002e6d1	FUN_1002e6d1
DisplaySystem.dll	RRefFrame_t	load_vptr?	0x0	4	this:public class TMatrix4_t const & __thiscall RRefFrame_t::GetWorldMatrix(void) const 	1002e6d1	FUN_1002e6d1
DisplaySystem.dll	RRefFrame_t	vcall	0x48	4	this:public class TMatrix4_t const & __thiscall RRefFrame_t::GetWorldMatrix(void) const 	1002e6d1	FUN_1002e6d1
DisplaySystem.dll	RDeltaState	new_size	0x16C	0	ctor:public __thiscall RDeltaState::RDeltaState(char const *) 	1002ece0	FUN_1002ece0
DisplaySystem.dll	RVisual_t	load	0xB8	4	this:public void __thiscall RVisual_t::SetRenderPriority(enum RenderList_e) 	1002ece0	FUN_1002ece0
DisplaySystem.dll	RVisual_t	store	0xB8	4	this:public void __thiscall RVisual_t::SetRenderPriority(enum RenderList_e) 	1002ece0	FUN_1002ece0
DisplaySystem.dll	RVisual_t	load	0xB8	4	this:public void __thiscall RVisual_t::SetRenderPriority(enum RenderList_e) 	1002ece0	FUN_1002ece0
DisplaySystem.dll	RVisual_t	load	0xB8	4	this:public void __thiscall RVisual_t::SetRenderPriority(enum RenderList_e) 	1002ece0	FUN_1002ece0
DisplaySystem.dll	RVisual_t	load	0xB8	4	this:public void __thiscall RVisual_t::SetRenderPriority(enum RenderList_e) 	1002ece0	FUN_1002ece0
DisplaySystem.dll	RVisual_t	load	0xB8	4	this:public void __thiscall RVisual_t::SetRenderPriority(enum RenderList_e) 	1002ece0	FUN_1002ece0
DisplaySystem.dll	RVisual_t	load	0xB8	4	this:public void __thiscall RVisual_t::SetRenderPriority(enum RenderList_e) 	1002ece0	FUN_1002ece0
DisplaySystem.dll	RVisual_t	load	0xB8	4	this:public void __thiscall RVisual_t::SetRenderPriority(enum RenderList_e) 	1002ece0	FUN_1002ece0
DisplaySystem.dll	RVisual_t	load	0xB8	4	this:public void __thiscall RVisual_t::SetRenderPriority(enum RenderList_e) 	1002ece0	FUN_1002ece0
DisplaySystem.dll	RVisual_t	load	0xB8	4	this:public void __thiscall RVisual_t::SetRenderPriority(enum RenderList_e) 	1002ece0	FUN_1002ece0
DisplaySystem.dll	RVisual_t	load	0x17C	4	this:public void __thiscall RVisual_t::SetRenderPriority(enum RenderList_e) 	1002ece0	FUN_1002ece0
DisplaySystem.dll	RVisual_t	load	0xB8	4	this:public void __thiscall RVisual_t::SetRenderPriority(enum RenderList_e) 	1002ece0	FUN_1002ece0
DisplaySystem.dll	RVisual_t	load	0xB8	4	this:public void __thiscall RVisual_t::SetRenderPriority(enum RenderList_e) 	1002ece0	FUN_1002ece0
DisplaySystem.dll	RVisual_t	load	0xB8	4	this:public void __thiscall RVisual_t::SetRenderPriority(enum RenderList_e) 	1002ece0	FUN_1002ece0
DisplaySystem.dll	RVisual_t	load	0xB8	4	this:public void __thiscall RVisual_t::SetRenderPriority(enum RenderList_e) 	1002ece0	FUN_1002ece0
DisplaySystem.dll	RVisual_t	load	0xB8	4	this:public void __thiscall RVisual_t::SetRenderPriority(enum RenderList_e) 	1002ece0	FUN_1002ece0
DisplaySystem.dll	RVisual_t	load	0xB8	4	this:public void __thiscall RVisual_t::SetRenderPriority(enum RenderList_e) 	1002ece0	FUN_1002ece0
DisplaySystem.dll	RVisual_t	load	0xB8	4	this:public void __thiscall RVisual_t::SetRenderPriority(enum RenderList_e) 	1002ece0	FUN_1002ece0
DisplaySystem.dll	RVisual_t	load	0x190	4	this:public void __thiscall RVisual_t::SetRenderPriority(enum RenderList_e) 	1002ece0	FUN_1002ece0
DisplaySystem.dll	RVisual_t	load	0xB8	4	this:public void __thiscall RVisual_t::SetRenderPriority(enum RenderList_e) 	1002ece0	FUN_1002ece0
DisplaySystem.dll	RVisual_t	load	0xB8	4	this:public void __thiscall RVisual_t::SetRenderPriority(enum RenderList_e) 	1002ece0	FUN_1002ece0
DisplaySystem.dll	RVisual_t	load	0xB8	4	this:public void __thiscall RVisual_t::SetRenderPriority(enum RenderList_e) 	1002ece0	FUN_1002ece0
DisplaySystem.dll	RVisual_t	load	0xB8	4	this:public void __thiscall RVisual_t::SetRenderPriority(enum RenderList_e) 	1002ece0	FUN_1002ece0
DisplaySystem.dll	RVisual_t	load	0xB8	4	this:public void __thiscall RVisual_t::SetRenderPriority(enum RenderList_e) 	1002ece0	FUN_1002ece0
DisplaySystem.dll	RVisual_t	load	0x194	4	this:public void __thiscall RVisual_t::SetRenderPriority(enum RenderList_e) 	1002ece0	FUN_1002ece0
DisplaySystem.dll	RVisual_t	load	0xB8	4	this:public void __thiscall RVisual_t::SetRenderPriority(enum RenderList_e) 	1002ece0	FUN_1002ece0
DisplaySystem.dll	RVisual_t	load	0xB8	4	this:public void __thiscall RVisual_t::SetRenderPriority(enum RenderList_e) 	1002ece0	FUN_1002ece0
DisplaySystem.dll	RVisual_t	load	0xB8	4	this:public void __thiscall RVisual_t::SetRenderPriority(enum RenderList_e) 	1002ece0	FUN_1002ece0
DisplaySystem.dll	RRefFrame_t	load	0x178	4	this:public class TMatrix4_t const & __thiscall RRefFrame_t::GetWorldMatrix(void) const 	1002eec0	FUN_1002eec0
DisplaySystem.dll	RRefFrame_t	load	0x17C	4	this:public class TMatrix4_t const & __thiscall RRefFrame_t::GetWorldMatrix(void) const 	1002eec0	FUN_1002eec0
DisplaySystem.dll	RRefFrame_t	load_vptr?	0x0	4	this:public class TMatrix4_t const & __thiscall RRefFrame_t::GetWorldMatrix(void) const 	1002eec0	FUN_1002eec0
DisplaySystem.dll	RRefFrame_t	vcall	0x40	4	this:public class TMatrix4_t const & __thiscall RRefFrame_t::GetWorldMatrix(void) const 	1002eec0	FUN_1002eec0
DisplaySystem.dll	RRefFrame_t	load_vptr?	0x0	4	this:public class TMatrix4_t const & __thiscall RRefFrame_t::GetWorldMatrix(void) const 	1002eec0	FUN_1002eec0
DisplaySystem.dll	RRefFrame_t	vcall	0x44	4	this:public class TMatrix4_t const & __thiscall RRefFrame_t::GetWorldMatrix(void) const 	1002eec0	FUN_1002eec0
DisplaySystem.dll	RRefFrame_t	load	0x1C0	4	this:public class TMatrix4_t const & __thiscall RRefFrame_t::GetWorldMatrix(void) const 	1002eec0	FUN_1002eec0
DisplaySystem.dll	RRefFrame_t	load	0x198	4	this:public class TMatrix4_t const & __thiscall RRefFrame_t::GetWorldMatrix(void) const 	1002eec0	FUN_1002eec0
DisplaySystem.dll	RRefFrame_t	load	0x184	4	this:public class TMatrix4_t const & __thiscall RRefFrame_t::GetWorldMatrix(void) const 	1002eec0	FUN_1002eec0
DisplaySystem.dll	RRefFrame_t	load	0x1C4	4	this:public class TMatrix4_t const & __thiscall RRefFrame_t::GetWorldMatrix(void) const 	1002eec0	FUN_1002eec0
DisplaySystem.dll	RRefFrame_t	load	0x188	4	this:public class TMatrix4_t const & __thiscall RRefFrame_t::GetWorldMatrix(void) const 	1002eec0	FUN_1002eec0
DisplaySystem.dll	RRefFrame_t	load	0x180	4	this:public class TMatrix4_t const & __thiscall RRefFrame_t::GetWorldMatrix(void) const 	1002eec0	FUN_1002eec0
DisplaySystem.dll	RRefFrame_t	load	0x1C8	4	this:public class TMatrix4_t const & __thiscall RRefFrame_t::GetWorldMatrix(void) const 	1002eec0	FUN_1002eec0
DisplaySystem.dll	RRefFrame_t	load	0x198	4	this:public class TMatrix4_t const & __thiscall RRefFrame_t::GetWorldMatrix(void) const 	1002eec0	FUN_1002eec0
DisplaySystem.dll	RRefFrame_t	load	0x180	4	this:public class TMatrix4_t const & __thiscall RRefFrame_t::GetWorldMatrix(void) const 	1002eec0	FUN_1002eec0
DisplaySystem.dll	RRefFrame_t	load	0x188	4	this:public class TMatrix4_t const & __thiscall RRefFrame_t::GetWorldMatrix(void) const 	1002eec0	FUN_1002eec0
DisplaySystem.dll	RRefFrame_t	load	0x1CC	4	this:public class TMatrix4_t const & __thiscall RRefFrame_t::GetWorldMatrix(void) const 	1002eec0	FUN_1002eec0
DisplaySystem.dll	RRefFrame_t	load	0x1A8	4	this:public class TMatrix4_t const & __thiscall RRefFrame_t::GetWorldMatrix(void) const 	1002eec0	FUN_1002eec0
DisplaySystem.dll	RRefFrame_t	load	0x1A8	4	this:public class TMatrix4_t const & __thiscall RRefFrame_t::GetWorldMatrix(void) const 	1002eec0	FUN_1002eec0
DisplaySystem.dll	RRefFrame_t	load	0x1B0	4	this:public class TMatrix4_t const & __thiscall RRefFrame_t::GetWorldMatrix(void) const 	1002eec0	FUN_1002eec0
DisplaySystem.dll	RRefFrame_t	load	0x1B8	4	this:public class TMatrix4_t const & __thiscall RRefFrame_t::GetWorldMatrix(void) const 	1002eec0	FUN_1002eec0
DisplaySystem.dll	RRefFrame_t	load	0x1D0	4	this:public class TMatrix4_t const & __thiscall RRefFrame_t::GetWorldMatrix(void) const 	1002eec0	FUN_1002eec0
DisplaySystem.dll	RRefFrame_t	load	0x1B4	4	this:public class TMatrix4_t const & __thiscall RRefFrame_t::GetWorldMatrix(void) const 	1002eec0	FUN_1002eec0
DisplaySystem.dll	RRefFrame_t	load	0x1B8	4	this:public class TMatrix4_t const & __thiscall RRefFrame_t::GetWorldMatrix(void) const 	1002eec0	FUN_1002eec0
DisplaySystem.dll	RRefFrame_t	load	0x1D4	4	this:public class TMatrix4_t const & __thiscall RRefFrame_t::GetWorldMatrix(void) const 	1002eec0	FUN_1002eec0
DisplaySystem.dll	RRefFrame_t	load	0x1B0	4	this:public class TMatrix4_t const & __thiscall RRefFrame_t::GetWorldMatrix(void) const 	1002eec0	FUN_1002eec0
DisplaySystem.dll	RRefFrame_t	load	0x1BC	4	this:public class TMatrix4_t const & __thiscall RRefFrame_t::GetWorldMatrix(void) const 	1002eec0	FUN_1002eec0
DisplaySystem.dll	RRefFrame_t	load	0x1D8	4	this:public class TMatrix4_t const & __thiscall RRefFrame_t::GetWorldMatrix(void) const 	1002eec0	FUN_1002eec0
DisplaySystem.dll	RRefFrame_t	load	0x1B4	4	this:public class TMatrix4_t const & __thiscall RRefFrame_t::GetWorldMatrix(void) const 	1002eec0	FUN_1002eec0
DisplaySystem.dll	RRefFrame_t	load	0x1BC	4	this:public class TMatrix4_t const & __thiscall RRefFrame_t::GetWorldMatrix(void) const 	1002eec0	FUN_1002eec0
DisplaySystem.dll	RRefFrame_t	load	0x1DC	4	this:public class TMatrix4_t const & __thiscall RRefFrame_t::GetWorldMatrix(void) const 	1002eec0	FUN_1002eec0
DisplaySystem.dll	RRefFrame_t	load	0x1AC	4	this:public class TMatrix4_t const & __thiscall RRefFrame_t::GetWorldMatrix(void) const 	1002eec0	FUN_1002eec0
DisplaySystem.dll	RRefFrame_t	load	0x1AC	4	this:public class TMatrix4_t const & __thiscall RRefFrame_t::GetWorldMatrix(void) const 	1002eec0	FUN_1002eec0
DisplaySystem.dll	RRefFrame_t	load_vptr?	0x0	4	this:public class TMatrix4_t const & __thiscall RRefFrame_t::GetWorldMatrix(void) const 	1002eec0	FUN_1002eec0
DisplaySystem.dll	RRefFrame_t	vcall	0x48	4	this:public class TMatrix4_t const & __thiscall RRefFrame_t::GetWorldMatrix(void) const 	1002eec0	FUN_1002eec0
DisplaySystem.dll	Color_t	store_vptr?	0x0	1	this:public __thiscall Color_t::Color_t(void) 	1002f384	FUN_1002f384
DisplaySystem.dll	Color_t	store	0x1	2	this:public __thiscall Color_t::Color_t(void) 	1002f384	FUN_1002f384
DisplaySystem.dll	Color_t	store	0x3	1	this:public __thiscall Color_t::Color_t(void) 	1002f384	FUN_1002f384
DisplaySystem.dll	RDeltaState	new_size	0x16C	0	ctor:public __thiscall RDeltaState::RDeltaState(char const *) 	1002f410	FUN_1002f410
DisplaySystem.dll	RVisual_t	load	0xB8	4	this:public void __thiscall RVisual_t::SetRenderPriority(enum RenderList_e) 	1002f410	FUN_1002f410
DisplaySystem.dll	RVisual_t	store	0xB8	4	this:public void __thiscall RVisual_t::SetRenderPriority(enum RenderList_e) 	1002f410	FUN_1002f410
DisplaySystem.dll	RVisual_t	load	0xB8	4	this:public void __thiscall RVisual_t::SetRenderPriority(enum RenderList_e) 	1002f410	FUN_1002f410
DisplaySystem.dll	RVisual_t	load	0xB8	4	this:public void __thiscall RVisual_t::SetRenderPriority(enum RenderList_e) 	1002f410	FUN_1002f410
DisplaySystem.dll	RVisual_t	load	0xB8	4	this:public void __thiscall RVisual_t::SetRenderPriority(enum RenderList_e) 	1002f410	FUN_1002f410
DisplaySystem.dll	RVisual_t	load	0xB8	4	this:public void __thiscall RVisual_t::SetRenderPriority(enum RenderList_e) 	1002f410	FUN_1002f410
DisplaySystem.dll	RVisual_t	load	0xB8	4	this:public void __thiscall RVisual_t::SetRenderPriority(enum RenderList_e) 	1002f410	FUN_1002f410
DisplaySystem.dll	RVisual_t	load	0xB8	4	this:public void __thiscall RVisual_t::SetRenderPriority(enum RenderList_e) 	1002f410	FUN_1002f410
DisplaySystem.dll	RVisual_t	load	0xB8	4	this:public void __thiscall RVisual_t::SetRenderPriority(enum RenderList_e) 	1002f410	FUN_1002f410
DisplaySystem.dll	RVisual_t	load	0xB8	4	this:public void __thiscall RVisual_t::SetRenderPriority(enum RenderList_e) 	1002f410	FUN_1002f410
DisplaySystem.dll	RVisual_t	load	0xB8	4	this:public void __thiscall RVisual_t::SetRenderPriority(enum RenderList_e) 	1002f410	FUN_1002f410
DisplaySystem.dll	RVisual_t	load	0xB8	4	this:public void __thiscall RVisual_t::SetRenderPriority(enum RenderList_e) 	1002f410	FUN_1002f410
DisplaySystem.dll	RVisual_t	load	0x17C	4	this:public void __thiscall RVisual_t::SetRenderPriority(enum RenderList_e) 	1002f410	FUN_1002f410
DisplaySystem.dll	RVisual_t	load	0xB8	4	this:public void __thiscall RVisual_t::SetRenderPriority(enum RenderList_e) 	1002f410	FUN_1002f410
DisplaySystem.dll	RVisual_t	load	0xB8	4	this:public void __thiscall RVisual_t::SetRenderPriority(enum RenderList_e) 	1002f410	FUN_1002f410
DisplaySystem.dll	RVisual_t	load	0xB8	4	this:public void __thiscall RVisual_t::SetRenderPriority(enum RenderList_e) 	1002f410	FUN_1002f410
DisplaySystem.dll	RVisual_t	load	0xB8	4	this:public void __thiscall RVisual_t::SetRenderPriority(enum RenderList_e) 	1002f410	FUN_1002f410
DisplaySystem.dll	RVisual_t	load	0xB8	4	this:public void __thiscall RVisual_t::SetRenderPriority(enum RenderList_e) 	1002f410	FUN_1002f410
DisplaySystem.dll	RVisual_t	load	0xB8	4	this:public void __thiscall RVisual_t::SetRenderPriority(enum RenderList_e) 	1002f410	FUN_1002f410
DisplaySystem.dll	RVisual_t	load	0xB8	4	this:public void __thiscall RVisual_t::SetRenderPriority(enum RenderList_e) 	1002f410	FUN_1002f410
DisplaySystem.dll	RRefFrame_t	load	0x1D0	4	this:public class TMatrix4_t const & __thiscall RRefFrame_t::GetWorldMatrix(void) const 	1002f69e	FUN_1002f69e
DisplaySystem.dll	RRefFrame_t	load	0x1D0	4	this:public class TMatrix4_t const & __thiscall RRefFrame_t::GetWorldMatrix(void) const 	1002f69e	FUN_1002f69e
DisplaySystem.dll	RRefFrame_t	load	0x1D0	4	this:public class TMatrix4_t const & __thiscall RRefFrame_t::GetWorldMatrix(void) const 	1002f69e	FUN_1002f69e
DisplaySystem.dll	RRefFrame_t	load	0x1D0	4	this:public class TMatrix4_t const & __thiscall RRefFrame_t::GetWorldMatrix(void) const 	1002f69e	FUN_1002f69e
DisplaySystem.dll	RRefFrame_t	load	0x1D0	4	this:public class TMatrix4_t const & __thiscall RRefFrame_t::GetWorldMatrix(void) const 	1002f69e	FUN_1002f69e
DisplaySystem.dll	RViewPort_t	load	0xC	4	this:public void __thiscall RViewPort_t::SetMaterial(class RMaterial_t const *) 	100302ad	FUN_100302ad
DisplaySystem.dll	RRefFrame_t	load	0x178	4	this:public class TMatrix4_t const & __thiscall RRefFrame_t::GetWorldMatrix(void) const 	100302ad	FUN_100302ad
DisplaySystem.dll	RRefFrame_t	load	0x1E4	1	this:public class TMatrix4_t const & __thiscall RRefFrame_t::GetWorldMatrix(void) const 	100302ad	FUN_100302ad
DisplaySystem.dll	RRefFrame_t	store	0x1E4	1	this:public class TMatrix4_t const & __thiscall RRefFrame_t::GetWorldMatrix(void) const 	100302ad	FUN_100302ad
DisplaySystem.dll	RRefFrame_t	load	0x17C	4	this:public class TMatrix4_t const & __thiscall RRefFrame_t::GetWorldMatrix(void) const 	100302ad	FUN_100302ad
DisplaySystem.dll	RRefFrame_t	load_vptr?	0x0	4	this:public class TMatrix4_t const & __thiscall RRefFrame_t::GetWorldMatrix(void) const 	100302ad	FUN_100302ad
DisplaySystem.dll	RRefFrame_t	vcall	0x40	4	this:public class TMatrix4_t const & __thiscall RRefFrame_t::GetWorldMatrix(void) const 	100302ad	FUN_100302ad
DisplaySystem.dll	RRefFrame_t	load_vptr?	0x0	4	this:public class TMatrix4_t const & __thiscall RRefFrame_t::GetWorldMatrix(void) const 	100302ad	FUN_100302ad
DisplaySystem.dll	RRefFrame_t	vcall	0x44	4	this:public class TMatrix4_t const & __thiscall RRefFrame_t::GetWorldMatrix(void) const 	100302ad	FUN_100302ad
DisplaySystem.dll	RRefFrame_t	load	0x1AC	4	this:public class TMatrix4_t const & __thiscall RRefFrame_t::GetWorldMatrix(void) const 	100302ad	FUN_100302ad
DisplaySystem.dll	RRefFrame_t	load	0x1B0	4	this:public class TMatrix4_t const & __thiscall RRefFrame_t::GetWorldMatrix(void) const 	100302ad	FUN_100302ad
DisplaySystem.dll	RRefFrame_t	load	0x1B4	4	this:public class TMatrix4_t const & __thiscall RRefFrame_t::GetWorldMatrix(void) const 	100302ad	FUN_100302ad
DisplaySystem.dll	RRefFrame_t	addr_passed	0x1D4	0	this:public class TMatrix4_t const & __thiscall RRefFrame_t::GetWorldMatrix(void) const 	100302ad	FUN_100302ad
DisplaySystem.dll	RRefFrame_t	load	0x1D0	4	this:public class TMatrix4_t const & __thiscall RRefFrame_t::GetWorldMatrix(void) const 	100302ad	FUN_100302ad
DisplaySystem.dll	RRefFrame_t	load	0x1AC	4	this:public class TMatrix4_t const & __thiscall RRefFrame_t::GetWorldMatrix(void) const 	100302ad	FUN_100302ad
DisplaySystem.dll	RRefFrame_t	load	0x1B0	4	this:public class TMatrix4_t const & __thiscall RRefFrame_t::GetWorldMatrix(void) const 	100302ad	FUN_100302ad
DisplaySystem.dll	RRefFrame_t	load	0x1B4	4	this:public class TMatrix4_t const & __thiscall RRefFrame_t::GetWorldMatrix(void) const 	100302ad	FUN_100302ad
DisplaySystem.dll	RRefFrame_t	load_vptr?	0x0	4	this:public class TMatrix4_t const & __thiscall RRefFrame_t::GetWorldMatrix(void) const 	100302ad	FUN_100302ad
DisplaySystem.dll	RRefFrame_t	vcall	0x48	4	this:public class TMatrix4_t const & __thiscall RRefFrame_t::GetWorldMatrix(void) const 	100302ad	FUN_100302ad
DisplaySystem.dll	RRefFrame_t	load	0x178	4	this:public class TMatrix4_t const & __thiscall RRefFrame_t::GetWorldMatrix(void) const 	100305e4	FUN_100305e4
DisplaySystem.dll	RRefFrame_t	load	0x1C0	4	this:public class TMatrix4_t const & __thiscall RRefFrame_t::GetWorldMatrix(void) const 	100305e4	FUN_100305e4
DisplaySystem.dll	RRefFrame_t	load	0x17C	4	this:public class TMatrix4_t const & __thiscall RRefFrame_t::GetWorldMatrix(void) const 	100305e4	FUN_100305e4
DisplaySystem.dll	RRefFrame_t	load_vptr?	0x0	4	this:public class TMatrix4_t const & __thiscall RRefFrame_t::GetWorldMatrix(void) const 	100305e4	FUN_100305e4
DisplaySystem.dll	RRefFrame_t	vcall	0x40	4	this:public class TMatrix4_t const & __thiscall RRefFrame_t::GetWorldMatrix(void) const 	100305e4	FUN_100305e4
DisplaySystem.dll	RRefFrame_t	load_vptr?	0x0	4	this:public class TMatrix4_t const & __thiscall RRefFrame_t::GetWorldMatrix(void) const 	100305e4	FUN_100305e4
DisplaySystem.dll	RRefFrame_t	vcall	0x44	4	this:public class TMatrix4_t const & __thiscall RRefFrame_t::GetWorldMatrix(void) const 	100305e4	FUN_100305e4
DisplaySystem.dll	RRefFrame_t	load	0x1C0	4	this:public class TMatrix4_t const & __thiscall RRefFrame_t::GetWorldMatrix(void) const 	100305e4	FUN_100305e4
DisplaySystem.dll	RRefFrame_t	load	0x1BC	4	this:public class TMatrix4_t const & __thiscall RRefFrame_t::GetWorldMatrix(void) const 	100305e4	FUN_100305e4
DisplaySystem.dll	RRefFrame_t	load_vptr?	0x0	4	this:public class TMatrix4_t const & __thiscall RRefFrame_t::GetWorldMatrix(void) const 	100305e4	FUN_100305e4
DisplaySystem.dll	RRefFrame_t	vcall	0x48	4	this:public class TMatrix4_t const & __thiscall RRefFrame_t::GetWorldMatrix(void) const 	100305e4	FUN_100305e4
DisplaySystem.dll	RDeltaState	new_size	0x16C	0	ctor:public __thiscall RDeltaState::RDeltaState(char const *) 	1003067e	FUN_1003067e
DisplaySystem.dll	RVisual_t	load	0xB8	4	this:public void __thiscall RVisual_t::SetRenderPriority(enum RenderList_e) 	1003067e	FUN_1003067e
DisplaySystem.dll	RVisual_t	store	0xB8	4	this:public void __thiscall RVisual_t::SetRenderPriority(enum RenderList_e) 	1003067e	FUN_1003067e
DisplaySystem.dll	RVisual_t	load	0xB8	4	this:public void __thiscall RVisual_t::SetRenderPriority(enum RenderList_e) 	1003067e	FUN_1003067e
DisplaySystem.dll	RVisual_t	load	0xB8	4	this:public void __thiscall RVisual_t::SetRenderPriority(enum RenderList_e) 	1003067e	FUN_1003067e
DisplaySystem.dll	RVisual_t	load	0xB8	4	this:public void __thiscall RVisual_t::SetRenderPriority(enum RenderList_e) 	1003067e	FUN_1003067e
DisplaySystem.dll	RVisual_t	load	0xB8	4	this:public void __thiscall RVisual_t::SetRenderPriority(enum RenderList_e) 	1003067e	FUN_1003067e
DisplaySystem.dll	RVisual_t	load	0xB8	4	this:public void __thiscall RVisual_t::SetRenderPriority(enum RenderList_e) 	1003067e	FUN_1003067e
DisplaySystem.dll	RVisual_t	load	0xB8	4	this:public void __thiscall RVisual_t::SetRenderPriority(enum RenderList_e) 	1003067e	FUN_1003067e
DisplaySystem.dll	RVisual_t	load	0xB8	4	this:public void __thiscall RVisual_t::SetRenderPriority(enum RenderList_e) 	1003067e	FUN_1003067e
DisplaySystem.dll	RVisual_t	load	0x17C	4	this:public void __thiscall RVisual_t::SetRenderPriority(enum RenderList_e) 	1003067e	FUN_1003067e
DisplaySystem.dll	RVisual_t	load	0xB8	4	this:public void __thiscall RVisual_t::SetRenderPriority(enum RenderList_e) 	1003067e	FUN_1003067e
DisplaySystem.dll	RVisual_t	load	0xB8	4	this:public void __thiscall RVisual_t::SetRenderPriority(enum RenderList_e) 	1003067e	FUN_1003067e
DisplaySystem.dll	RVisual_t	load	0xB8	4	this:public void __thiscall RVisual_t::SetRenderPriority(enum RenderList_e) 	1003067e	FUN_1003067e
DisplaySystem.dll	RVisual_t	load	0xB8	4	this:public void __thiscall RVisual_t::SetRenderPriority(enum RenderList_e) 	1003067e	FUN_1003067e
DisplaySystem.dll	RVisual_t	load	0xB8	4	this:public void __thiscall RVisual_t::SetRenderPriority(enum RenderList_e) 	1003067e	FUN_1003067e
DisplaySystem.dll	RVisual_t	load	0xB8	4	this:public void __thiscall RVisual_t::SetRenderPriority(enum RenderList_e) 	1003067e	FUN_1003067e
DisplaySystem.dll	RVisual_t	load	0xB8	4	this:public void __thiscall RVisual_t::SetRenderPriority(enum RenderList_e) 	1003067e	FUN_1003067e
DisplaySystem.dll	RMaterial_t	new_size	0xC0	0	ctor:public __thiscall RMaterial_t::RMaterial_t(char const *,class RTexture_t *,class RGB_t const &,class RGB_t const &,class RGB_t const &,class RGB_t const &,float,float,float,bool,bool) 	10030cef	FUN_10030cef
DisplaySystem.dll	RDeltaState	new_size	0x16C	0	ctor:public __thiscall RDeltaState::RDeltaState(char const *) 	10030cef	FUN_10030cef
DisplaySystem.dll	RVisual_t	addr_passed	0x178	0	this:protected __thiscall RVisual_t::RVisual_t(class RRefFrame_t *,class RAnimation_t *) 	10030cef	FUN_10030cef
DisplaySystem.dll	RVisual_t	store_vptr?	0x0	4	this:protected __thiscall RVisual_t::RVisual_t(class RRefFrame_t *,class RAnimation_t *) 	10030cef	FUN_10030cef
DisplaySystem.dll	RVisual_t	store	0xA4	4	this:protected __thiscall RVisual_t::RVisual_t(class RRefFrame_t *,class RAnimation_t *) 	10030cef	FUN_10030cef
DisplaySystem.dll	RVisual_t	addr_passed	0x1A4	0	this:protected __thiscall RVisual_t::RVisual_t(class RRefFrame_t *,class RAnimation_t *) 	10030cef	FUN_10030cef
DisplaySystem.dll	RVisual_t	store	0x1B0	4	this:protected __thiscall RVisual_t::RVisual_t(class RRefFrame_t *,class RAnimation_t *) 	10030cef	FUN_10030cef
DisplaySystem.dll	RVisual_t	store	0x1B4	4	this:protected __thiscall RVisual_t::RVisual_t(class RRefFrame_t *,class RAnimation_t *) 	10030cef	FUN_10030cef
DisplaySystem.dll	RVisual_t	load	0xB8	4	this:protected __thiscall RVisual_t::RVisual_t(class RRefFrame_t *,class RAnimation_t *) 	10030cef	FUN_10030cef
DisplaySystem.dll	RVisual_t	store	0xB8	4	this:protected __thiscall RVisual_t::RVisual_t(class RRefFrame_t *,class RAnimation_t *) 	10030cef	FUN_10030cef
DisplaySystem.dll	RVisual_t	load	0xB8	4	this:protected __thiscall RVisual_t::RVisual_t(class RRefFrame_t *,class RAnimation_t *) 	10030cef	FUN_10030cef
DisplaySystem.dll	RVisual_t	load	0xB8	4	this:protected __thiscall RVisual_t::RVisual_t(class RRefFrame_t *,class RAnimation_t *) 	10030cef	FUN_10030cef
DisplaySystem.dll	RVisual_t	load	0xB8	4	this:protected __thiscall RVisual_t::RVisual_t(class RRefFrame_t *,class RAnimation_t *) 	10030cef	FUN_10030cef
DisplaySystem.dll	RVisual_t	load	0xB8	4	this:protected __thiscall RVisual_t::RVisual_t(class RRefFrame_t *,class RAnimation_t *) 	10030cef	FUN_10030cef
DisplaySystem.dll	RVisual_t	load	0xB8	4	this:protected __thiscall RVisual_t::RVisual_t(class RRefFrame_t *,class RAnimation_t *) 	10030cef	FUN_10030cef
DisplaySystem.dll	RVisual_t	load	0xB8	4	this:protected __thiscall RVisual_t::RVisual_t(class RRefFrame_t *,class RAnimation_t *) 	10030cef	FUN_10030cef
DisplaySystem.dll	RVisual_t	load	0xB8	4	this:protected __thiscall RVisual_t::RVisual_t(class RRefFrame_t *,class RAnimation_t *) 	10030cef	FUN_10030cef
DisplaySystem.dll	RVisual_t	addr_passed	0x178	0	this:protected __thiscall RVisual_t::RVisual_t(class RRefFrame_t *,class RAnimation_t *) 	10030cef	FUN_10030cef
DisplaySystem.dll	RVisual_t	store	0x1A0	4	this:protected __thiscall RVisual_t::RVisual_t(class RRefFrame_t *,class RAnimation_t *) 	10030cef	FUN_10030cef
DisplaySystem.dll	RVisual_t	store_vptr?	0x0	4	this:protected virtual __thiscall RVisual_t::~RVisual_t(void) 	10030ea1	FUN_10030ea1
DisplaySystem.dll	RVisual_t	store	0xA4	4	this:protected virtual __thiscall RVisual_t::~RVisual_t(void) 	10030ea1	FUN_10030ea1
DisplaySystem.dll	RVisual_t	load	0x1B4	4	this:protected virtual __thiscall RVisual_t::~RVisual_t(void) 	10030ea1	FUN_10030ea1
DisplaySystem.dll	RVisual_t	load	0xB8	4	this:protected virtual __thiscall RVisual_t::~RVisual_t(void) 	10030ea1	FUN_10030ea1
DisplaySystem.dll	RVisual_t	store	0xB8	4	this:protected virtual __thiscall RVisual_t::~RVisual_t(void) 	10030ea1	FUN_10030ea1
DisplaySystem.dll	RVisual_t	addr_passed	0x1A4	0	this:protected virtual __thiscall RVisual_t::~RVisual_t(void) 	10030ea1	FUN_10030ea1
DisplaySystem.dll	RVisual_t	load	0x1A4	4	this:protected virtual __thiscall RVisual_t::~RVisual_t(void) 	10030ea1	FUN_10030ea1
DisplaySystem.dll	Color_t	store_vptr?	0x0	1	this:public __thiscall Color_t::Color_t(void) 	10031076	FUN_10031076
DisplaySystem.dll	Color_t	store	0x1	1	this:public __thiscall Color_t::Color_t(void) 	10031076	FUN_10031076
DisplaySystem.dll	Color_t	store	0x2	1	this:public __thiscall Color_t::Color_t(void) 	10031076	FUN_10031076
DisplaySystem.dll	Color_t	store	0x3	1	this:public __thiscall Color_t::Color_t(void) 	10031076	FUN_10031076
DisplaySystem.dll	RVisual_t	store_vptr?	0x0	4	this:protected virtual __thiscall RVisual_t::~RVisual_t(void) 	100310f5	FUN_100310f5
DisplaySystem.dll	RVisual_t	store	0xA4	4	this:protected virtual __thiscall RVisual_t::~RVisual_t(void) 	100310f5	FUN_100310f5
DisplaySystem.dll	RVisual_t	load	0x190	4	this:protected virtual __thiscall RVisual_t::~RVisual_t(void) 	100310f5	FUN_100310f5
DisplaySystem.dll	RVisual_t	load	0x17C	4	this:protected virtual __thiscall RVisual_t::~RVisual_t(void) 	100310f5	FUN_100310f5
DisplaySystem.dll	RVisual_t	load	0x180	4	this:protected virtual __thiscall RVisual_t::~RVisual_t(void) 	100310f5	FUN_100310f5
DisplaySystem.dll	RVisual_t	load	0xB8	4	this:protected virtual __thiscall RVisual_t::~RVisual_t(void) 	100310f5	FUN_100310f5
DisplaySystem.dll	RVisual_t	store	0xB8	4	this:protected virtual __thiscall RVisual_t::~RVisual_t(void) 	100310f5	FUN_100310f5
DisplaySystem.dll	RMaterial_t	new_size	0xC0	0	ctor:public __thiscall RMaterial_t::RMaterial_t(char const *,class RTexture_t *,class RGB_t const &,class RGB_t const &,class RGB_t const &,class RGB_t const &,float,float,float,bool,bool) 	100314be	FUN_100314be
DisplaySystem.dll	RDeltaState	new_size	0x16C	0	ctor:public __thiscall RDeltaState::RDeltaState(char const *) 	100314be	FUN_100314be
DisplaySystem.dll	RVisual_t	store_vptr?	0x0	4	this:protected __thiscall RVisual_t::RVisual_t(class RRefFrame_t *,class RAnimation_t *) 	100314be	FUN_100314be
DisplaySystem.dll	RVisual_t	store	0xA4	4	this:protected __thiscall RVisual_t::RVisual_t(class RRefFrame_t *,class RAnimation_t *) 	100314be	FUN_100314be
DisplaySystem.dll	RVisual_t	store	0x17C	4	this:protected __thiscall RVisual_t::RVisual_t(class RRefFrame_t *,class RAnimation_t *) 	100314be	FUN_100314be
DisplaySystem.dll	RVisual_t	store	0x180	4	this:protected __thiscall RVisual_t::RVisual_t(class RRefFrame_t *,class RAnimation_t *) 	100314be	FUN_100314be
DisplaySystem.dll	RVisual_t	store	0x188	4	this:protected __thiscall RVisual_t::RVisual_t(class RRefFrame_t *,class RAnimation_t *) 	100314be	FUN_100314be
DisplaySystem.dll	RVisual_t	store	0x18C	4	this:protected __thiscall RVisual_t::RVisual_t(class RRefFrame_t *,class RAnimation_t *) 	100314be	FUN_100314be
DisplaySystem.dll	RVisual_t	store	0x190	4	this:protected __thiscall RVisual_t::RVisual_t(class RRefFrame_t *,class RAnimation_t *) 	100314be	FUN_100314be
DisplaySystem.dll	RVisual_t	load	0xB8	4	this:protected __thiscall RVisual_t::RVisual_t(class RRefFrame_t *,class RAnimation_t *) 	100314be	FUN_100314be
DisplaySystem.dll	RVisual_t	store	0xB8	4	this:protected __thiscall RVisual_t::RVisual_t(class RRefFrame_t *,class RAnimation_t *) 	100314be	FUN_100314be
DisplaySystem.dll	RVisual_t	load	0xB8	4	this:protected __thiscall RVisual_t::RVisual_t(class RRefFrame_t *,class RAnimation_t *) 	100314be	FUN_100314be
DisplaySystem.dll	RVisual_t	load	0xB8	4	this:protected __thiscall RVisual_t::RVisual_t(class RRefFrame_t *,class RAnimation_t *) 	100314be	FUN_100314be
DisplaySystem.dll	RVisual_t	load	0xB8	4	this:protected __thiscall RVisual_t::RVisual_t(class RRefFrame_t *,class RAnimation_t *) 	100314be	FUN_100314be
DisplaySystem.dll	RTexture_t	load	0x30	4	ret:public static class RTexture_t * __cdecl RandyShadowlandsData_s::GetGroundLightTexture(void) 	100323b8	FUN_100323b8
DisplaySystem.dll	RTexture_t	load	0x30	4	ret:public static class RTexture_t * __cdecl RandyShadowlandsData_s::GetGroundLightTexture(void) 	100323b8	FUN_100323b8
DisplaySystem.dll	RViewPort_t	load	0x8	4	this:public void __thiscall RViewPort_t::SetDefaultMaterial(void) 	100323b8	FUN_100323b8
DisplaySystem.dll	RVisual_t	addr_passed	0x980	0	this:protected unsigned int __thiscall RVisual_t::CullLights(class RViewPort_t &,float,unsigned int) 	100323b8	FUN_100323b8
DisplaySystem.dll	RVisual_t	addr_passed	0x980	0	this:protected unsigned int __thiscall RVisual_t::CullLights(class RViewPort_t &,float,unsigned int) 	100323b8	FUN_100323b8
DisplaySystem.dll	RVisual_t	addr_passed	0x980	0	this:protected unsigned int __thiscall RVisual_t::CullLights(class RViewPort_t &,float,unsigned int) 	100323b8	FUN_100323b8
DisplaySystem.dll	RVisual_t	load	0x88	4	this:protected unsigned int __thiscall RVisual_t::CullLights(class RViewPort_t &,float,unsigned int) 	100323b8	FUN_100323b8
DisplaySystem.dll	RVisual_t	load	0x5BC	4	this:protected unsigned int __thiscall RVisual_t::CullLights(class RViewPort_t &,float,unsigned int) 	100323b8	FUN_100323b8
DisplaySystem.dll	RVisual_t	load	0x5C0	4	this:protected unsigned int __thiscall RVisual_t::CullLights(class RViewPort_t &,float,unsigned int) 	100323b8	FUN_100323b8
DisplaySystem.dll	RVisual_t	load	0x5BC	4	this:protected unsigned int __thiscall RVisual_t::CullLights(class RViewPort_t &,float,unsigned int) 	100323b8	FUN_100323b8
DisplaySystem.dll	RVisual_t	load	0x5C0	4	this:protected unsigned int __thiscall RVisual_t::CullLights(class RViewPort_t &,float,unsigned int) 	100323b8	FUN_100323b8
DisplaySystem.dll	DeviceState	load	0x1128	4	this:public bool __thiscall DeviceState::SetTexture(class surface_t *,unsigned int,enum DeviceState::Priority_e) 	100323b8	FUN_100323b8
DisplaySystem.dll	RRefFrame_t	store	0xA58	4	this:public class TMatrix4_t const & __thiscall RRefFrame_t::GetWorldMatrix(void) const 	1003294b	FUN_1003294b
DisplaySystem.dll	RRefFrame_t	store	0xA5C	4	this:public class TMatrix4_t const & __thiscall RRefFrame_t::GetWorldMatrix(void) const 	1003294b	FUN_1003294b
DisplaySystem.dll	RRefFrame_t	store	0xA60	4	this:public class TMatrix4_t const & __thiscall RRefFrame_t::GetWorldMatrix(void) const 	1003294b	FUN_1003294b
DisplaySystem.dll	RRefFrame_t	store	0xAA0	4	this:public class TMatrix4_t const & __thiscall RRefFrame_t::GetWorldMatrix(void) const 	1003294b	FUN_1003294b
DisplaySystem.dll	RRefFrame_t	store	0xA64	4	this:public class TMatrix4_t const & __thiscall RRefFrame_t::GetWorldMatrix(void) const 	1003294b	FUN_1003294b
DisplaySystem.dll	RRefFrame_t	store	0xA68	4	this:public class TMatrix4_t const & __thiscall RRefFrame_t::GetWorldMatrix(void) const 	1003294b	FUN_1003294b
DisplaySystem.dll	RRefFrame_t	store	0xA6C	4	this:public class TMatrix4_t const & __thiscall RRefFrame_t::GetWorldMatrix(void) const 	1003294b	FUN_1003294b
DisplaySystem.dll	RRefFrame_t	store	0xAA4	4	this:public class TMatrix4_t const & __thiscall RRefFrame_t::GetWorldMatrix(void) const 	1003294b	FUN_1003294b
DisplaySystem.dll	RRefFrame_t	store	0xA70	4	this:public class TMatrix4_t const & __thiscall RRefFrame_t::GetWorldMatrix(void) const 	1003294b	FUN_1003294b
DisplaySystem.dll	RRefFrame_t	store	0xA74	4	this:public class TMatrix4_t const & __thiscall RRefFrame_t::GetWorldMatrix(void) const 	1003294b	FUN_1003294b
DisplaySystem.dll	RRefFrame_t	store	0xA78	4	this:public class TMatrix4_t const & __thiscall RRefFrame_t::GetWorldMatrix(void) const 	1003294b	FUN_1003294b
DisplaySystem.dll	RRefFrame_t	store	0xAA8	4	this:public class TMatrix4_t const & __thiscall RRefFrame_t::GetWorldMatrix(void) const 	1003294b	FUN_1003294b
DisplaySystem.dll	RRefFrame_t	store	0xA7C	4	this:public class TMatrix4_t const & __thiscall RRefFrame_t::GetWorldMatrix(void) const 	1003294b	FUN_1003294b
DisplaySystem.dll	RRefFrame_t	load	0xAA0	4	this:public class TMatrix4_t const & __thiscall RRefFrame_t::GetWorldMatrix(void) const 	1003294b	FUN_1003294b
DisplaySystem.dll	RRefFrame_t	store	0xAA0	4	this:public class TMatrix4_t const & __thiscall RRefFrame_t::GetWorldMatrix(void) const 	1003294b	FUN_1003294b
DisplaySystem.dll	RRefFrame_t	addr_passed	0xA58	0	this:public class TMatrix4_t const & __thiscall RRefFrame_t::GetWorldMatrix(void) const 	1003294b	FUN_1003294b
DisplaySystem.dll	RRefFrame_t	load	0xA58	4	this:public class TMatrix4_t const & __thiscall RRefFrame_t::GetWorldMatrix(void) const 	1003294b	FUN_1003294b
DisplaySystem.dll	RRefFrame_t	store	0xA58	4	this:public class TMatrix4_t const & __thiscall RRefFrame_t::GetWorldMatrix(void) const 	1003294b	FUN_1003294b
DisplaySystem.dll	RRefFrame_t	load	0xA5C	4	this:public class TMatrix4_t const & __thiscall RRefFrame_t::GetWorldMatrix(void) const 	1003294b	FUN_1003294b
DisplaySystem.dll	RRefFrame_t	store	0xA5C	4	this:public class TMatrix4_t const & __thiscall RRefFrame_t::GetWorldMatrix(void) const 	1003294b	FUN_1003294b
DisplaySystem.dll	RRefFrame_t	load	0xA60	4	this:public class TMatrix4_t const & __thiscall RRefFrame_t::GetWorldMatrix(void) const 	1003294b	FUN_1003294b
DisplaySystem.dll	RRefFrame_t	store	0xA60	4	this:public class TMatrix4_t const & __thiscall RRefFrame_t::GetWorldMatrix(void) const 	1003294b	FUN_1003294b
DisplaySystem.dll	RRefFrame_t	store	0xA80	4	this:public class TMatrix4_t const & __thiscall RRefFrame_t::GetWorldMatrix(void) const 	1003294b	FUN_1003294b
DisplaySystem.dll	RRefFrame_t	store	0xA84	4	this:public class TMatrix4_t const & __thiscall RRefFrame_t::GetWorldMatrix(void) const 	1003294b	FUN_1003294b
DisplaySystem.dll	RRefFrame_t	store	0xAAC	4	this:public class TMatrix4_t const & __thiscall RRefFrame_t::GetWorldMatrix(void) const 	1003294b	FUN_1003294b
DisplaySystem.dll	RRefFrame_t	store	0xA88	4	this:public class TMatrix4_t const & __thiscall RRefFrame_t::GetWorldMatrix(void) const 	1003294b	FUN_1003294b
DisplaySystem.dll	RRefFrame_t	store	0xA8C	4	this:public class TMatrix4_t const & __thiscall RRefFrame_t::GetWorldMatrix(void) const 	1003294b	FUN_1003294b
DisplaySystem.dll	RRefFrame_t	store	0xA90	4	this:public class TMatrix4_t const & __thiscall RRefFrame_t::GetWorldMatrix(void) const 	1003294b	FUN_1003294b
DisplaySystem.dll	RRefFrame_t	store	0xAB0	4	this:public class TMatrix4_t const & __thiscall RRefFrame_t::GetWorldMatrix(void) const 	1003294b	FUN_1003294b
DisplaySystem.dll	RRefFrame_t	store	0xA94	4	this:public class TMatrix4_t const & __thiscall RRefFrame_t::GetWorldMatrix(void) const 	1003294b	FUN_1003294b
DisplaySystem.dll	RRefFrame_t	store	0xA98	4	this:public class TMatrix4_t const & __thiscall RRefFrame_t::GetWorldMatrix(void) const 	1003294b	FUN_1003294b
DisplaySystem.dll	RRefFrame_t	store	0xA9C	4	this:public class TMatrix4_t const & __thiscall RRefFrame_t::GetWorldMatrix(void) const 	1003294b	FUN_1003294b
DisplaySystem.dll	RRefFrame_t	store	0xAB4	4	this:public class TMatrix4_t const & __thiscall RRefFrame_t::GetWorldMatrix(void) const 	1003294b	FUN_1003294b
DisplaySystem.dll	RVisual_t	store_vptr?	0x0	4	this:protected virtual __thiscall RVisual_t::~RVisual_t(void) 	10032dbc	FUN_10032dbc
DisplaySystem.dll	RVisual_t	store	0xA4	4	this:protected virtual __thiscall RVisual_t::~RVisual_t(void) 	10032dbc	FUN_10032dbc
DisplaySystem.dll	RVisual_t	load	0xA0C	4	this:protected virtual __thiscall RVisual_t::~RVisual_t(void) 	10032dbc	FUN_10032dbc
DisplaySystem.dll	RVisual_t	load	0xA08	4	this:protected virtual __thiscall RVisual_t::~RVisual_t(void) 	10032dbc	FUN_10032dbc
DisplaySystem.dll	RVisual_t	load	0xA04	4	this:protected virtual __thiscall RVisual_t::~RVisual_t(void) 	10032dbc	FUN_10032dbc
DisplaySystem.dll	RVisual_t	load	0x5CC	4	this:protected virtual __thiscall RVisual_t::~RVisual_t(void) 	10032dbc	FUN_10032dbc
DisplaySystem.dll	RVisual_t	load	0x17C	4	this:protected virtual __thiscall RVisual_t::~RVisual_t(void) 	10032dbc	FUN_10032dbc
DisplaySystem.dll	RVisual_t	load	0x5AC	4	this:protected virtual __thiscall RVisual_t::~RVisual_t(void) 	10032dbc	FUN_10032dbc
DisplaySystem.dll	RVisual_t	load	0x5B0	4	this:protected virtual __thiscall RVisual_t::~RVisual_t(void) 	10032dbc	FUN_10032dbc
DisplaySystem.dll	RVisual_t	load	0x5B0	4	this:protected virtual __thiscall RVisual_t::~RVisual_t(void) 	10032dbc	FUN_10032dbc
DisplaySystem.dll	RVisual_t	load	0x5AC	4	this:protected virtual __thiscall RVisual_t::~RVisual_t(void) 	10032dbc	FUN_10032dbc
DisplaySystem.dll	RVisual_t	addr_passed	0x5AC	0	this:protected virtual __thiscall RVisual_t::~RVisual_t(void) 	10032dbc	FUN_10032dbc
DisplaySystem.dll	RVisual_t	addr_passed	0x980	0	this:protected virtual __thiscall RVisual_t::~RVisual_t(void) 	10032dbc	FUN_10032dbc
DisplaySystem.dll	RVisual_t	addr_passed	0x8FC	0	this:protected virtual __thiscall RVisual_t::~RVisual_t(void) 	10032dbc	FUN_10032dbc
DisplaySystem.dll	RVisual_t	addr_passed	0x878	0	this:protected virtual __thiscall RVisual_t::~RVisual_t(void) 	10032dbc	FUN_10032dbc
DisplaySystem.dll	RVisual_t	addr_passed	0x7F4	0	this:protected virtual __thiscall RVisual_t::~RVisual_t(void) 	10032dbc	FUN_10032dbc
DisplaySystem.dll	RVisual_t	addr_passed	0x770	0	this:protected virtual __thiscall RVisual_t::~RVisual_t(void) 	10032dbc	FUN_10032dbc
DisplaySystem.dll	RVisual_t	addr_passed	0x6EC	0	this:protected virtual __thiscall RVisual_t::~RVisual_t(void) 	10032dbc	FUN_10032dbc
DisplaySystem.dll	RVisual_t	addr_passed	0x668	0	this:protected virtual __thiscall RVisual_t::~RVisual_t(void) 	10032dbc	FUN_10032dbc
DisplaySystem.dll	RVisual_t	addr_passed	0x5E4	0	this:protected virtual __thiscall RVisual_t::~RVisual_t(void) 	10032dbc	FUN_10032dbc
DisplaySystem.dll	RVisual_t	addr_passed	0x5BC	0	this:protected virtual __thiscall RVisual_t::~RVisual_t(void) 	10032dbc	FUN_10032dbc
DisplaySystem.dll	RVisual_t	addr_passed	0x5AC	0	this:protected virtual __thiscall RVisual_t::~RVisual_t(void) 	10032dbc	FUN_10032dbc
DisplaySystem.dll	RMaterial_t	new_size	0xC0	0	ctor:public __thiscall RMaterial_t::RMaterial_t(char const *,class RTexture_t *,class RGB_t const &,class RGB_t const &,class RGB_t const &,class RGB_t const &,float,float,float,bool,bool) 	10033b97	FUN_10033b97
DisplaySystem.dll	RMaterial_t	new_size	0xC0	0	ctor:public __thiscall RMaterial_t::RMaterial_t(char const *,class RTexture_t *,class RGB_t const &,class RGB_t const &,class RGB_t const &,class RGB_t const &,float,float,float,bool,bool) 	10033b97	FUN_10033b97
DisplaySystem.dll	RVisual_t	store_vptr?	0x0	4	this:protected __thiscall RVisual_t::RVisual_t(class RRefFrame_t *,class RAnimation_t *) 	10033b97	FUN_10033b97
DisplaySystem.dll	RVisual_t	store	0xA4	4	this:protected __thiscall RVisual_t::RVisual_t(class RRefFrame_t *,class RAnimation_t *) 	10033b97	FUN_10033b97
DisplaySystem.dll	RVisual_t	store	0x5AC	4	this:protected __thiscall RVisual_t::RVisual_t(class RRefFrame_t *,class RAnimation_t *) 	10033b97	FUN_10033b97
DisplaySystem.dll	RVisual_t	store	0x5B0	4	this:protected __thiscall RVisual_t::RVisual_t(class RRefFrame_t *,class RAnimation_t *) 	10033b97	FUN_10033b97
DisplaySystem.dll	RVisual_t	store	0x5B4	4	this:protected __thiscall RVisual_t::RVisual_t(class RRefFrame_t *,class RAnimation_t *) 	10033b97	FUN_10033b97
DisplaySystem.dll	RVisual_t	store	0x5BC	4	this:protected __thiscall RVisual_t::RVisual_t(class RRefFrame_t *,class RAnimation_t *) 	10033b97	FUN_10033b97
DisplaySystem.dll	RVisual_t	store	0x5C0	4	this:protected __thiscall RVisual_t::RVisual_t(class RRefFrame_t *,class RAnimation_t *) 	10033b97	FUN_10033b97
DisplaySystem.dll	RVisual_t	store	0x5C4	4	this:protected __thiscall RVisual_t::RVisual_t(class RRefFrame_t *,class RAnimation_t *) 	10033b97	FUN_10033b97
DisplaySystem.dll	RVisual_t	addr_passed	0x5E4	0	this:protected __thiscall RVisual_t::RVisual_t(class RRefFrame_t *,class RAnimation_t *) 	10033b97	FUN_10033b97
DisplaySystem.dll	RVisual_t	addr_passed	0x668	0	this:protected __thiscall RVisual_t::RVisual_t(class RRefFrame_t *,class RAnimation_t *) 	10033b97	FUN_10033b97
DisplaySystem.dll	RVisual_t	addr_passed	0x6EC	0	this:protected __thiscall RVisual_t::RVisual_t(class RRefFrame_t *,class RAnimation_t *) 	10033b97	FUN_10033b97
DisplaySystem.dll	RVisual_t	addr_passed	0x770	0	this:protected __thiscall RVisual_t::RVisual_t(class RRefFrame_t *,class RAnimation_t *) 	10033b97	FUN_10033b97
DisplaySystem.dll	RVisual_t	addr_passed	0x7F4	0	this:protected __thiscall RVisual_t::RVisual_t(class RRefFrame_t *,class RAnimation_t *) 	10033b97	FUN_10033b97
DisplaySystem.dll	RVisual_t	addr_passed	0x878	0	this:protected __thiscall RVisual_t::RVisual_t(class RRefFrame_t *,class RAnimation_t *) 	10033b97	FUN_10033b97
DisplaySystem.dll	RVisual_t	addr_passed	0x8FC	0	this:protected __thiscall RVisual_t::RVisual_t(class RRefFrame_t *,class RAnimation_t *) 	10033b97	FUN_10033b97
DisplaySystem.dll	RVisual_t	addr_passed	0x980	0	this:protected __thiscall RVisual_t::RVisual_t(class RRefFrame_t *,class RAnimation_t *) 	10033b97	FUN_10033b97
DisplaySystem.dll	RVisual_t	store	0xA48	4	this:protected __thiscall RVisual_t::RVisual_t(class RRefFrame_t *,class RAnimation_t *) 	10033b97	FUN_10033b97
DisplaySystem.dll	RVisual_t	store	0xA4C	4	this:protected __thiscall RVisual_t::RVisual_t(class RRefFrame_t *,class RAnimation_t *) 	10033b97	FUN_10033b97
DisplaySystem.dll	RVisual_t	store	0xA50	4	this:protected __thiscall RVisual_t::RVisual_t(class RRefFrame_t *,class RAnimation_t *) 	10033b97	FUN_10033b97
DisplaySystem.dll	RVisual_t	store	0xA58	4	this:protected __thiscall RVisual_t::RVisual_t(class RRefFrame_t *,class RAnimation_t *) 	10033b97	FUN_10033b97
DisplaySystem.dll	RVisual_t	store	0xA5C	4	this:protected __thiscall RVisual_t::RVisual_t(class RRefFrame_t *,class RAnimation_t *) 	10033b97	FUN_10033b97
DisplaySystem.dll	RVisual_t	store	0xA60	4	this:protected __thiscall RVisual_t::RVisual_t(class RRefFrame_t *,class RAnimation_t *) 	10033b97	FUN_10033b97
DisplaySystem.dll	RVisual_t	store	0x5DC	4	this:protected __thiscall RVisual_t::RVisual_t(class RRefFrame_t *,class RAnimation_t *) 	10033b97	FUN_10033b97
DisplaySystem.dll	RVisual_t	store	0x5E0	1	this:protected __thiscall RVisual_t::RVisual_t(class RRefFrame_t *,class RAnimation_t *) 	10033b97	FUN_10033b97
DisplaySystem.dll	RVisual_t	store	0xA30	4	this:protected __thiscall RVisual_t::RVisual_t(class RRefFrame_t *,class RAnimation_t *) 	10033b97	FUN_10033b97
DisplaySystem.dll	RVisual_t	store	0xA34	4	this:protected __thiscall RVisual_t::RVisual_t(class RRefFrame_t *,class RAnimation_t *) 	10033b97	FUN_10033b97
DisplaySystem.dll	RVisual_t	store	0x17C	4	this:protected __thiscall RVisual_t::RVisual_t(class RRefFrame_t *,class RAnimation_t *) 	10033b97	FUN_10033b97
DisplaySystem.dll	RVisual_t	load	0x17C	4	this:protected __thiscall RVisual_t::RVisual_t(class RRefFrame_t *,class RAnimation_t *) 	10033b97	FUN_10033b97
DisplaySystem.dll	RVisual_t	store	0x180	4	this:protected __thiscall RVisual_t::RVisual_t(class RRefFrame_t *,class RAnimation_t *) 	10033b97	FUN_10033b97
DisplaySystem.dll	RVisual_t	store	0x184	4	this:protected __thiscall RVisual_t::RVisual_t(class RRefFrame_t *,class RAnimation_t *) 	10033b97	FUN_10033b97
DisplaySystem.dll	RVisual_t	store	0x190	4	this:protected __thiscall RVisual_t::RVisual_t(class RRefFrame_t *,class RAnimation_t *) 	10033b97	FUN_10033b97
DisplaySystem.dll	RVisual_t	store	0x194	4	this:protected __thiscall RVisual_t::RVisual_t(class RRefFrame_t *,class RAnimation_t *) 	10033b97	FUN_10033b97
DisplaySystem.dll	RVisual_t	store	0x188	4	this:protected __thiscall RVisual_t::RVisual_t(class RRefFrame_t *,class RAnimation_t *) 	10033b97	FUN_10033b97
DisplaySystem.dll	RVisual_t	store	0x198	4	this:protected __thiscall RVisual_t::RVisual_t(class RRefFrame_t *,class RAnimation_t *) 	10033b97	FUN_10033b97
DisplaySystem.dll	RVisual_t	store	0x19C	4	this:protected __thiscall RVisual_t::RVisual_t(class RRefFrame_t *,class RAnimation_t *) 	10033b97	FUN_10033b97
DisplaySystem.dll	RVisual_t	store	0x18C	4	this:protected __thiscall RVisual_t::RVisual_t(class RRefFrame_t *,class RAnimation_t *) 	10033b97	FUN_10033b97
DisplaySystem.dll	RVisual_t	store	0x1A0	4	this:protected __thiscall RVisual_t::RVisual_t(class RRefFrame_t *,class RAnimation_t *) 	10033b97	FUN_10033b97
DisplaySystem.dll	RVisual_t	store	0x1A4	4	this:protected __thiscall RVisual_t::RVisual_t(class RRefFrame_t *,class RAnimation_t *) 	10033b97	FUN_10033b97
DisplaySystem.dll	RVisual_t	store	0x1A8	4	this:protected __thiscall RVisual_t::RVisual_t(class RRefFrame_t *,class RAnimation_t *) 	10033b97	FUN_10033b97
DisplaySystem.dll	RVisual_t	store	0xA18	4	this:protected __thiscall RVisual_t::RVisual_t(class RRefFrame_t *,class RAnimation_t *) 	10033b97	FUN_10033b97
DisplaySystem.dll	RVisual_t	store	0xA1C	4	this:protected __thiscall RVisual_t::RVisual_t(class RRefFrame_t *,class RAnimation_t *) 	10033b97	FUN_10033b97
DisplaySystem.dll	RVisual_t	store	0xA20	4	this:protected __thiscall RVisual_t::RVisual_t(class RRefFrame_t *,class RAnimation_t *) 	10033b97	FUN_10033b97
DisplaySystem.dll	RVisual_t	store	0xA10	4	this:protected __thiscall RVisual_t::RVisual_t(class RRefFrame_t *,class RAnimation_t *) 	10033b97	FUN_10033b97
DisplaySystem.dll	RVisual_t	store	0xA14	4	this:protected __thiscall RVisual_t::RVisual_t(class RRefFrame_t *,class RAnimation_t *) 	10033b97	FUN_10033b97
DisplaySystem.dll	RVisual_t	load	0x194	4	this:protected __thiscall RVisual_t::RVisual_t(class RRefFrame_t *,class RAnimation_t *) 	10033b97	FUN_10033b97
DisplaySystem.dll	RVisual_t	load	0x190	4	this:protected __thiscall RVisual_t::RVisual_t(class RRefFrame_t *,class RAnimation_t *) 	10033b97	FUN_10033b97
DisplaySystem.dll	RVisual_t	store	0x5CC	4	this:protected __thiscall RVisual_t::RVisual_t(class RRefFrame_t *,class RAnimation_t *) 	10033b97	FUN_10033b97
DisplaySystem.dll	RVisual_t	addr_passed	0xA04	0	this:protected __thiscall RVisual_t::RVisual_t(class RRefFrame_t *,class RAnimation_t *) 	10033b97	FUN_10033b97
DisplaySystem.dll	RVisual_t	store	0xA08	4	this:protected __thiscall RVisual_t::RVisual_t(class RRefFrame_t *,class RAnimation_t *) 	10033b97	FUN_10033b97
DisplaySystem.dll	RVisual_t	store	0xA0C	4	this:protected __thiscall RVisual_t::RVisual_t(class RRefFrame_t *,class RAnimation_t *) 	10033b97	FUN_10033b97
DisplaySystem.dll	RVisual_t	load	0x194	4	this:protected __thiscall RVisual_t::RVisual_t(class RRefFrame_t *,class RAnimation_t *) 	10033b97	FUN_10033b97
DisplaySystem.dll	RVisual_t	load	0x188	4	this:protected __thiscall RVisual_t::RVisual_t(class RRefFrame_t *,class RAnimation_t *) 	10033b97	FUN_10033b97
DisplaySystem.dll	RVisual_t	load	0x190	4	this:protected __thiscall RVisual_t::RVisual_t(class RRefFrame_t *,class RAnimation_t *) 	10033b97	FUN_10033b97
DisplaySystem.dll	RVisual_t	load	0x190	4	this:protected __thiscall RVisual_t::RVisual_t(class RRefFrame_t *,class RAnimation_t *) 	10033b97	FUN_10033b97
DisplaySystem.dll	RVisual_t	load	0x188	4	this:protected __thiscall RVisual_t::RVisual_t(class RRefFrame_t *,class RAnimation_t *) 	10033b97	FUN_10033b97
DisplaySystem.dll	RVisual_t	load	0x5CC	4	this:protected __thiscall RVisual_t::RVisual_t(class RRefFrame_t *,class RAnimation_t *) 	10033b97	FUN_10033b97
DisplaySystem.dll	RVisual_t	load	0x17C	4	this:protected __thiscall RVisual_t::RVisual_t(class RRefFrame_t *,class RAnimation_t *) 	10033b97	FUN_10033b97
DisplaySystem.dll	RVisual_t	load	0x17C	4	this:protected __thiscall RVisual_t::RVisual_t(class RRefFrame_t *,class RAnimation_t *) 	10033b97	FUN_10033b97
DisplaySystem.dll	RVisual_t	load	0x17C	4	this:protected __thiscall RVisual_t::RVisual_t(class RRefFrame_t *,class RAnimation_t *) 	10033b97	FUN_10033b97
DisplaySystem.dll	RVisual_t	load	0x17C	4	this:protected __thiscall RVisual_t::RVisual_t(class RRefFrame_t *,class RAnimation_t *) 	10033b97	FUN_10033b97
DisplaySystem.dll	RVisual_t	load	0x188	4	this:protected __thiscall RVisual_t::RVisual_t(class RRefFrame_t *,class RAnimation_t *) 	10033b97	FUN_10033b97
DisplaySystem.dll	RVisual_t	load	0x18C	4	this:protected __thiscall RVisual_t::RVisual_t(class RRefFrame_t *,class RAnimation_t *) 	10033b97	FUN_10033b97
DisplaySystem.dll	RVisual_t	load	0x18C	4	this:protected __thiscall RVisual_t::RVisual_t(class RRefFrame_t *,class RAnimation_t *) 	10033b97	FUN_10033b97
DisplaySystem.dll	RVisual_t	load	0x17C	4	this:protected __thiscall RVisual_t::RVisual_t(class RRefFrame_t *,class RAnimation_t *) 	10033b97	FUN_10033b97
DisplaySystem.dll	RVisual_t	load	0x17C	4	this:protected __thiscall RVisual_t::RVisual_t(class RRefFrame_t *,class RAnimation_t *) 	10033b97	FUN_10033b97
DisplaySystem.dll	RVisual_t	load	0x190	4	this:protected __thiscall RVisual_t::RVisual_t(class RRefFrame_t *,class RAnimation_t *) 	10033b97	FUN_10033b97
DisplaySystem.dll	RVisual_t	load	0x194	4	this:protected __thiscall RVisual_t::RVisual_t(class RRefFrame_t *,class RAnimation_t *) 	10033b97	FUN_10033b97
DisplaySystem.dll	RVisual_t	addr_passed	0x980	0	this:protected __thiscall RVisual_t::RVisual_t(class RRefFrame_t *,class RAnimation_t *) 	10033b97	FUN_10033b97
DisplaySystem.dll	RVisual_t	addr_passed	0x980	0	this:protected __thiscall RVisual_t::RVisual_t(class RRefFrame_t *,class RAnimation_t *) 	10033b97	FUN_10033b97
DisplaySystem.dll	RVisual_t	addr_passed	0x980	0	this:protected __thiscall RVisual_t::RVisual_t(class RRefFrame_t *,class RAnimation_t *) 	10033b97	FUN_10033b97
DisplaySystem.dll	RVisual_t	addr_passed	0x980	0	this:protected __thiscall RVisual_t::RVisual_t(class RRefFrame_t *,class RAnimation_t *) 	10033b97	FUN_10033b97
DisplaySystem.dll	RVisual_t	addr_passed	0x980	0	this:protected __thiscall RVisual_t::RVisual_t(class RRefFrame_t *,class RAnimation_t *) 	10033b97	FUN_10033b97
DisplaySystem.dll	RVisual_t	addr_passed	0x980	0	this:protected __thiscall RVisual_t::RVisual_t(class RRefFrame_t *,class RAnimation_t *) 	10033b97	FUN_10033b97
DisplaySystem.dll	RVisual_t	addr_passed	0x980	0	this:protected __thiscall RVisual_t::RVisual_t(class RRefFrame_t *,class RAnimation_t *) 	10033b97	FUN_10033b97
DisplaySystem.dll	RVisual_t	addr_passed	0x980	0	this:protected __thiscall RVisual_t::RVisual_t(class RRefFrame_t *,class RAnimation_t *) 	10033b97	FUN_10033b97
DisplaySystem.dll	RVisual_t	addr_passed	0x980	0	this:protected __thiscall RVisual_t::RVisual_t(class RRefFrame_t *,class RAnimation_t *) 	10033b97	FUN_10033b97
DisplaySystem.dll	RVisual_t	addr_passed	0x980	0	this:protected __thiscall RVisual_t::RVisual_t(class RRefFrame_t *,class RAnimation_t *) 	10033b97	FUN_10033b97
DisplaySystem.dll	RVisual_t	addr_passed	0x980	0	this:protected __thiscall RVisual_t::RVisual_t(class RRefFrame_t *,class RAnimation_t *) 	10033b97	FUN_10033b97
DisplaySystem.dll	RVisual_t	addr_passed	0x980	0	this:protected __thiscall RVisual_t::RVisual_t(class RRefFrame_t *,class RAnimation_t *) 	10033b97	FUN_10033b97
DisplaySystem.dll	RVisual_t	addr_passed	0x980	0	this:protected __thiscall RVisual_t::RVisual_t(class RRefFrame_t *,class RAnimation_t *) 	10033b97	FUN_10033b97
DisplaySystem.dll	RVisual_t	addr_passed	0x980	0	this:protected __thiscall RVisual_t::RVisual_t(class RRefFrame_t *,class RAnimation_t *) 	10033b97	FUN_10033b97
DisplaySystem.dll	RVisual_t	addr_passed	0x5E4	0	this:protected __thiscall RVisual_t::RVisual_t(class RRefFrame_t *,class RAnimation_t *) 	10033b97	FUN_10033b97
DisplaySystem.dll	RVisual_t	addr_passed	0x5E4	0	this:protected __thiscall RVisual_t::RVisual_t(class RRefFrame_t *,class RAnimation_t *) 	10033b97	FUN_10033b97
DisplaySystem.dll	RVisual_t	addr_passed	0x5E4	0	this:protected __thiscall RVisual_t::RVisual_t(class RRefFrame_t *,class RAnimation_t *) 	10033b97	FUN_10033b97
DisplaySystem.dll	RVisual_t	addr_passed	0x5E4	0	this:protected __thiscall RVisual_t::RVisual_t(class RRefFrame_t *,class RAnimation_t *) 	10033b97	FUN_10033b97
DisplaySystem.dll	RVisual_t	addr_passed	0x5E4	0	this:protected __thiscall RVisual_t::RVisual_t(class RRefFrame_t *,class RAnimation_t *) 	10033b97	FUN_10033b97
DisplaySystem.dll	RVisual_t	addr_passed	0x5E4	0	this:protected __thiscall RVisual_t::RVisual_t(class RRefFrame_t *,class RAnimation_t *) 	10033b97	FUN_10033b97
DisplaySystem.dll	RVisual_t	addr_passed	0x5E4	0	this:protected __thiscall RVisual_t::RVisual_t(class RRefFrame_t *,class RAnimation_t *) 	10033b97	FUN_10033b97
DisplaySystem.dll	RVisual_t	addr_passed	0x5E4	0	this:protected __thiscall RVisual_t::RVisual_t(class RRefFrame_t *,class RAnimation_t *) 	10033b97	FUN_10033b97
DisplaySystem.dll	RVisual_t	addr_passed	0x5E4	0	this:protected __thiscall RVisual_t::RVisual_t(class RRefFrame_t *,class RAnimation_t *) 	10033b97	FUN_10033b97
DisplaySystem.dll	RVisual_t	addr_passed	0x5E4	0	this:protected __thiscall RVisual_t::RVisual_t(class RRefFrame_t *,class RAnimation_t *) 	10033b97	FUN_10033b97
DisplaySystem.dll	RVisual_t	addr_passed	0x5E4	0	this:protected __thiscall RVisual_t::RVisual_t(class RRefFrame_t *,class RAnimation_t *) 	10033b97	FUN_10033b97
DisplaySystem.dll	RVisual_t	addr_passed	0x5E4	0	this:protected __thiscall RVisual_t::RVisual_t(class RRefFrame_t *,class RAnimation_t *) 	10033b97	FUN_10033b97
DisplaySystem.dll	RVisual_t	addr_passed	0x5E4	0	this:protected __thiscall RVisual_t::RVisual_t(class RRefFrame_t *,class RAnimation_t *) 	10033b97	FUN_10033b97
DisplaySystem.dll	RVisual_t	addr_passed	0x5E4	0	this:protected __thiscall RVisual_t::RVisual_t(class RRefFrame_t *,class RAnimation_t *) 	10033b97	FUN_10033b97
DisplaySystem.dll	RVisual_t	addr_passed	0x5E4	0	this:protected __thiscall RVisual_t::RVisual_t(class RRefFrame_t *,class RAnimation_t *) 	10033b97	FUN_10033b97
DisplaySystem.dll	RVisual_t	addr_passed	0x5E4	0	this:protected __thiscall RVisual_t::RVisual_t(class RRefFrame_t *,class RAnimation_t *) 	10033b97	FUN_10033b97
DisplaySystem.dll	RVisual_t	addr_passed	0x668	0	this:protected __thiscall RVisual_t::RVisual_t(class RRefFrame_t *,class RAnimation_t *) 	10033b97	FUN_10033b97
DisplaySystem.dll	RVisual_t	addr_passed	0x668	0	this:protected __thiscall RVisual_t::RVisual_t(class RRefFrame_t *,class RAnimation_t *) 	10033b97	FUN_10033b97
DisplaySystem.dll	RVisual_t	addr_passed	0x668	0	this:protected __thiscall RVisual_t::RVisual_t(class RRefFrame_t *,class RAnimation_t *) 	10033b97	FUN_10033b97
DisplaySystem.dll	RVisual_t	addr_passed	0x668	0	this:protected __thiscall RVisual_t::RVisual_t(class RRefFrame_t *,class RAnimation_t *) 	10033b97	FUN_10033b97
DisplaySystem.dll	RVisual_t	addr_passed	0x668	0	this:protected __thiscall RVisual_t::RVisual_t(class RRefFrame_t *,class RAnimation_t *) 	10033b97	FUN_10033b97
DisplaySystem.dll	RVisual_t	addr_passed	0x668	0	this:protected __thiscall RVisual_t::RVisual_t(class RRefFrame_t *,class RAnimation_t *) 	10033b97	FUN_10033b97
DisplaySystem.dll	RVisual_t	addr_passed	0x668	0	this:protected __thiscall RVisual_t::RVisual_t(class RRefFrame_t *,class RAnimation_t *) 	10033b97	FUN_10033b97
DisplaySystem.dll	RVisual_t	addr_passed	0x668	0	this:protected __thiscall RVisual_t::RVisual_t(class RRefFrame_t *,class RAnimation_t *) 	10033b97	FUN_10033b97
DisplaySystem.dll	RVisual_t	addr_passed	0x668	0	this:protected __thiscall RVisual_t::RVisual_t(class RRefFrame_t *,class RAnimation_t *) 	10033b97	FUN_10033b97
DisplaySystem.dll	RVisual_t	addr_passed	0x668	0	this:protected __thiscall RVisual_t::RVisual_t(class RRefFrame_t *,class RAnimation_t *) 	10033b97	FUN_10033b97
DisplaySystem.dll	RVisual_t	addr_passed	0x668	0	this:protected __thiscall RVisual_t::RVisual_t(class RRefFrame_t *,class RAnimation_t *) 	10033b97	FUN_10033b97
DisplaySystem.dll	RVisual_t	addr_passed	0x668	0	this:protected __thiscall RVisual_t::RVisual_t(class RRefFrame_t *,class RAnimation_t *) 	10033b97	FUN_10033b97
DisplaySystem.dll	RVisual_t	addr_passed	0x668	0	this:protected __thiscall RVisual_t::RVisual_t(class RRefFrame_t *,class RAnimation_t *) 	10033b97	FUN_10033b97
DisplaySystem.dll	RVisual_t	addr_passed	0x668	0	this:protected __thiscall RVisual_t::RVisual_t(class RRefFrame_t *,class RAnimation_t *) 	10033b97	FUN_10033b97
DisplaySystem.dll	RVisual_t	addr_passed	0x668	0	this:protected __thiscall RVisual_t::RVisual_t(class RRefFrame_t *,class RAnimation_t *) 	10033b97	FUN_10033b97
DisplaySystem.dll	RVisual_t	addr_passed	0x668	0	this:protected __thiscall RVisual_t::RVisual_t(class RRefFrame_t *,class RAnimation_t *) 	10033b97	FUN_10033b97
DisplaySystem.dll	RVisual_t	addr_passed	0x668	0	this:protected __thiscall RVisual_t::RVisual_t(class RRefFrame_t *,class RAnimation_t *) 	10033b97	FUN_10033b97
DisplaySystem.dll	RVisual_t	addr_passed	0x668	0	this:protected __thiscall RVisual_t::RVisual_t(class RRefFrame_t *,class RAnimation_t *) 	10033b97	FUN_10033b97
DisplaySystem.dll	RVisual_t	addr_passed	0x668	0	this:protected __thiscall RVisual_t::RVisual_t(class RRefFrame_t *,class RAnimation_t *) 	10033b97	FUN_10033b97
DisplaySystem.dll	RVisual_t	addr_passed	0x668	0	this:protected __thiscall RVisual_t::RVisual_t(class RRefFrame_t *,class RAnimation_t *) 	10033b97	FUN_10033b97
DisplaySystem.dll	RVisual_t	addr_passed	0x668	0	this:protected __thiscall RVisual_t::RVisual_t(class RRefFrame_t *,class RAnimation_t *) 	10033b97	FUN_10033b97
DisplaySystem.dll	RVisual_t	addr_passed	0x668	0	this:protected __thiscall RVisual_t::RVisual_t(class RRefFrame_t *,class RAnimation_t *) 	10033b97	FUN_10033b97
DisplaySystem.dll	RVisual_t	addr_passed	0x668	0	this:protected __thiscall RVisual_t::RVisual_t(class RRefFrame_t *,class RAnimation_t *) 	10033b97	FUN_10033b97
DisplaySystem.dll	RVisual_t	addr_passed	0x668	0	this:protected __thiscall RVisual_t::RVisual_t(class RRefFrame_t *,class RAnimation_t *) 	10033b97	FUN_10033b97
DisplaySystem.dll	RVisual_t	addr_passed	0x6EC	0	this:protected __thiscall RVisual_t::RVisual_t(class RRefFrame_t *,class RAnimation_t *) 	10033b97	FUN_10033b97
DisplaySystem.dll	RVisual_t	addr_passed	0x6EC	0	this:protected __thiscall RVisual_t::RVisual_t(class RRefFrame_t *,class RAnimation_t *) 	10033b97	FUN_10033b97
DisplaySystem.dll	RVisual_t	addr_passed	0x6EC	0	this:protected __thiscall RVisual_t::RVisual_t(class RRefFrame_t *,class RAnimation_t *) 	10033b97	FUN_10033b97
DisplaySystem.dll	RVisual_t	addr_passed	0x6EC	0	this:protected __thiscall RVisual_t::RVisual_t(class RRefFrame_t *,class RAnimation_t *) 	10033b97	FUN_10033b97
DisplaySystem.dll	RVisual_t	addr_passed	0x6EC	0	this:protected __thiscall RVisual_t::RVisual_t(class RRefFrame_t *,class RAnimation_t *) 	10033b97	FUN_10033b97
DisplaySystem.dll	RVisual_t	addr_passed	0x6EC	0	this:protected __thiscall RVisual_t::RVisual_t(class RRefFrame_t *,class RAnimation_t *) 	10033b97	FUN_10033b97
DisplaySystem.dll	RVisual_t	addr_passed	0x6EC	0	this:protected __thiscall RVisual_t::RVisual_t(class RRefFrame_t *,class RAnimation_t *) 	10033b97	FUN_10033b97
DisplaySystem.dll	RVisual_t	addr_passed	0x6EC	0	this:protected __thiscall RVisual_t::RVisual_t(class RRefFrame_t *,class RAnimation_t *) 	10033b97	FUN_10033b97
DisplaySystem.dll	RVisual_t	addr_passed	0x6EC	0	this:protected __thiscall RVisual_t::RVisual_t(class RRefFrame_t *,class RAnimation_t *) 	10033b97	FUN_10033b97
DisplaySystem.dll	RVisual_t	addr_passed	0x6EC	0	this:protected __thiscall RVisual_t::RVisual_t(class RRefFrame_t *,class RAnimation_t *) 	10033b97	FUN_10033b97
DisplaySystem.dll	RVisual_t	addr_passed	0x6EC	0	this:protected __thiscall RVisual_t::RVisual_t(class RRefFrame_t *,class RAnimation_t *) 	10033b97	FUN_10033b97
DisplaySystem.dll	RVisual_t	addr_passed	0x6EC	0	this:protected __thiscall RVisual_t::RVisual_t(class RRefFrame_t *,class RAnimation_t *) 	10033b97	FUN_10033b97
DisplaySystem.dll	RVisual_t	addr_passed	0x6EC	0	this:protected __thiscall RVisual_t::RVisual_t(class RRefFrame_t *,class RAnimation_t *) 	10033b97	FUN_10033b97
DisplaySystem.dll	RVisual_t	addr_passed	0x6EC	0	this:protected __thiscall RVisual_t::RVisual_t(class RRefFrame_t *,class RAnimation_t *) 	10033b97	FUN_10033b97
DisplaySystem.dll	RVisual_t	addr_passed	0x6EC	0	this:protected __thiscall RVisual_t::RVisual_t(class RRefFrame_t *,class RAnimation_t *) 	10033b97	FUN_10033b97
DisplaySystem.dll	RVisual_t	addr_passed	0x6EC	0	this:protected __thiscall RVisual_t::RVisual_t(class RRefFrame_t *,class RAnimation_t *) 	10033b97	FUN_10033b97
DisplaySystem.dll	RVisual_t	addr_passed	0x770	0	this:protected __thiscall RVisual_t::RVisual_t(class RRefFrame_t *,class RAnimation_t *) 	10033b97	FUN_10033b97
DisplaySystem.dll	RVisual_t	addr_passed	0x770	0	this:protected __thiscall RVisual_t::RVisual_t(class RRefFrame_t *,class RAnimation_t *) 	10033b97	FUN_10033b97
DisplaySystem.dll	RVisual_t	addr_passed	0x770	0	this:protected __thiscall RVisual_t::RVisual_t(class RRefFrame_t *,class RAnimation_t *) 	10033b97	FUN_10033b97
DisplaySystem.dll	RVisual_t	addr_passed	0x770	0	this:protected __thiscall RVisual_t::RVisual_t(class RRefFrame_t *,class RAnimation_t *) 	10033b97	FUN_10033b97
DisplaySystem.dll	RVisual_t	addr_passed	0x770	0	this:protected __thiscall RVisual_t::RVisual_t(class RRefFrame_t *,class RAnimation_t *) 	10033b97	FUN_10033b97
DisplaySystem.dll	RVisual_t	addr_passed	0x770	0	this:protected __thiscall RVisual_t::RVisual_t(class RRefFrame_t *,class RAnimation_t *) 	10033b97	FUN_10033b97
DisplaySystem.dll	RVisual_t	addr_passed	0x770	0	this:protected __thiscall RVisual_t::RVisual_t(class RRefFrame_t *,class RAnimation_t *) 	10033b97	FUN_10033b97
DisplaySystem.dll	RVisual_t	addr_passed	0x770	0	this:protected __thiscall RVisual_t::RVisual_t(class RRefFrame_t *,class RAnimation_t *) 	10033b97	FUN_10033b97
DisplaySystem.dll	RVisual_t	addr_passed	0x770	0	this:protected __thiscall RVisual_t::RVisual_t(class RRefFrame_t *,class RAnimation_t *) 	10033b97	FUN_10033b97
DisplaySystem.dll	RVisual_t	addr_passed	0x770	0	this:protected __thiscall RVisual_t::RVisual_t(class RRefFrame_t *,class RAnimation_t *) 	10033b97	FUN_10033b97
DisplaySystem.dll	RVisual_t	addr_passed	0x770	0	this:protected __thiscall RVisual_t::RVisual_t(class RRefFrame_t *,class RAnimation_t *) 	10033b97	FUN_10033b97
DisplaySystem.dll	RVisual_t	addr_passed	0x770	0	this:protected __thiscall RVisual_t::RVisual_t(class RRefFrame_t *,class RAnimation_t *) 	10033b97	FUN_10033b97
DisplaySystem.dll	RVisual_t	addr_passed	0x770	0	this:protected __thiscall RVisual_t::RVisual_t(class RRefFrame_t *,class RAnimation_t *) 	10033b97	FUN_10033b97
DisplaySystem.dll	RVisual_t	addr_passed	0x770	0	this:protected __thiscall RVisual_t::RVisual_t(class RRefFrame_t *,class RAnimation_t *) 	10033b97	FUN_10033b97
DisplaySystem.dll	RVisual_t	addr_passed	0x770	0	this:protected __thiscall RVisual_t::RVisual_t(class RRefFrame_t *,class RAnimation_t *) 	10033b97	FUN_10033b97
DisplaySystem.dll	RVisual_t	addr_passed	0x770	0	this:protected __thiscall RVisual_t::RVisual_t(class RRefFrame_t *,class RAnimation_t *) 	10033b97	FUN_10033b97
DisplaySystem.dll	RVisual_t	store	0xA38	4	this:protected __thiscall RVisual_t::RVisual_t(class RRefFrame_t *,class RAnimation_t *) 	10033b97	FUN_10033b97
DisplaySystem.dll	RVisual_t	store	0xA48	4	this:protected __thiscall RVisual_t::RVisual_t(class RRefFrame_t *,class RAnimation_t *) 	10033b97	FUN_10033b97
DisplaySystem.dll	RVisual_t	store	0xA3C	4	this:protected __thiscall RVisual_t::RVisual_t(class RRefFrame_t *,class RAnimation_t *) 	10033b97	FUN_10033b97
DisplaySystem.dll	RVisual_t	store	0xA54	1	this:protected __thiscall RVisual_t::RVisual_t(class RRefFrame_t *,class RAnimation_t *) 	10033b97	FUN_10033b97
DisplaySystem.dll	RVisual_t	store	0xA40	4	this:protected __thiscall RVisual_t::RVisual_t(class RRefFrame_t *,class RAnimation_t *) 	10033b97	FUN_10033b97
DisplaySystem.dll	RVisual_t	store	0x178	1	this:protected __thiscall RVisual_t::RVisual_t(class RRefFrame_t *,class RAnimation_t *) 	10033b97	FUN_10033b97
DisplaySystem.dll	RVisual_t	store	0xA44	4	this:protected __thiscall RVisual_t::RVisual_t(class RRefFrame_t *,class RAnimation_t *) 	10033b97	FUN_10033b97
DisplaySystem.dll	RVisual_t	store	0xA4C	4	this:protected __thiscall RVisual_t::RVisual_t(class RRefFrame_t *,class RAnimation_t *) 	10033b97	FUN_10033b97
DisplaySystem.dll	RVisual_t	store	0xA50	4	this:protected __thiscall RVisual_t::RVisual_t(class RRefFrame_t *,class RAnimation_t *) 	10033b97	FUN_10033b97
DisplaySystem.dll	RRefFrame_t	load	0x1A0	4	this:public class TMatrix4_t const & __thiscall RRefFrame_t::GetWorldMatrix(void) const 	10034dab	FUN_10034dab
DisplaySystem.dll	RRefFrame_t	load	0x188	4	this:public class TMatrix4_t const & __thiscall RRefFrame_t::GetWorldMatrix(void) const 	10034dab	FUN_10034dab
DisplaySystem.dll	RRefFrame_t	load	0x198	4	this:public class TMatrix4_t const & __thiscall RRefFrame_t::GetWorldMatrix(void) const 	10034dab	FUN_10034dab
DisplaySystem.dll	RRefFrame_t	load	0x1A0	4	this:public class TMatrix4_t const & __thiscall RRefFrame_t::GetWorldMatrix(void) const 	10034dab	FUN_10034dab
DisplaySystem.dll	RRefFrame_t	load	0x19C	4	this:public class TMatrix4_t const & __thiscall RRefFrame_t::GetWorldMatrix(void) const 	10034dab	FUN_10034dab
DisplaySystem.dll	RRefFrame_t	load	0xA30	4	this:public class TMatrix4_t const & __thiscall RRefFrame_t::GetWorldMatrix(void) const 	10034dab	FUN_10034dab
DisplaySystem.dll	RRefFrame_t	load	0x20	4	this:public class TMatrix4_t const & __thiscall RRefFrame_t::GetWorldMatrix(void) const 	10034dab	FUN_10034dab
DisplaySystem.dll	RRefFrame_t	load	0x198	4	this:public class TMatrix4_t const & __thiscall RRefFrame_t::GetWorldMatrix(void) const 	10034dab	FUN_10034dab
DisplaySystem.dll	RRefFrame_t	load	0x24	4	this:public class TMatrix4_t const & __thiscall RRefFrame_t::GetWorldMatrix(void) const 	10034dab	FUN_10034dab
DisplaySystem.dll	RRefFrame_t	load	0x28	4	this:public class TMatrix4_t const & __thiscall RRefFrame_t::GetWorldMatrix(void) const 	10034dab	FUN_10034dab
DisplaySystem.dll	RRefFrame_t	load	0xA34	4	this:public class TMatrix4_t const & __thiscall RRefFrame_t::GetWorldMatrix(void) const 	10034dab	FUN_10034dab
DisplaySystem.dll	RRefFrame_t	load	0x19C	4	this:public class TMatrix4_t const & __thiscall RRefFrame_t::GetWorldMatrix(void) const 	10034dab	FUN_10034dab
DisplaySystem.dll	RRefFrame_t	load	0xA38	4	this:public class TMatrix4_t const & __thiscall RRefFrame_t::GetWorldMatrix(void) const 	10034dab	FUN_10034dab
DisplaySystem.dll	RRefFrame_t	addr_passed	0x668	0	this:public class TMatrix4_t const & __thiscall RRefFrame_t::GetWorldMatrix(void) const 	10034dab	FUN_10034dab
DisplaySystem.dll	RRefFrame_t	load	0x5E0	1	this:public class TMatrix4_t const & __thiscall RRefFrame_t::GetWorldMatrix(void) const 	10034dab	FUN_10034dab
DisplaySystem.dll	RRefFrame_t	addr_passed	0x6EC	0	this:public class TMatrix4_t const & __thiscall RRefFrame_t::GetWorldMatrix(void) const 	10034dab	FUN_10034dab
DisplaySystem.dll	RRefFrame_t	addr_passed	0x770	0	this:public class TMatrix4_t const & __thiscall RRefFrame_t::GetWorldMatrix(void) const 	10034dab	FUN_10034dab
DisplaySystem.dll	RRefFrame_t	load	0x5DC	4	this:public class TMatrix4_t const & __thiscall RRefFrame_t::GetWorldMatrix(void) const 	10034dab	FUN_10034dab
DisplaySystem.dll	RRefFrame_t	addr_passed	0x5E4	0	this:public class TMatrix4_t const & __thiscall RRefFrame_t::GetWorldMatrix(void) const 	10034dab	FUN_10034dab
DisplaySystem.dll	RRefFrame_t	load	0xA0C	4	this:public class TMatrix4_t const & __thiscall RRefFrame_t::GetWorldMatrix(void) const 	10034dab	FUN_10034dab
DisplaySystem.dll	RRefFrame_t	load	0x5BC	4	this:public class TMatrix4_t const & __thiscall RRefFrame_t::GetWorldMatrix(void) const 	10034dab	FUN_10034dab
DisplaySystem.dll	RRefFrame_t	load	0x5C0	4	this:public class TMatrix4_t const & __thiscall RRefFrame_t::GetWorldMatrix(void) const 	10034dab	FUN_10034dab
DisplaySystem.dll	RRefFrame_t	load	0x17C	4	this:public class TMatrix4_t const & __thiscall RRefFrame_t::GetWorldMatrix(void) const 	10034dab	FUN_10034dab
DisplaySystem.dll	RRefFrame_t	load	0x5BC	4	this:public class TMatrix4_t const & __thiscall RRefFrame_t::GetWorldMatrix(void) const 	10034dab	FUN_10034dab
DisplaySystem.dll	RRefFrame_t	load	0x5C0	4	this:public class TMatrix4_t const & __thiscall RRefFrame_t::GetWorldMatrix(void) const 	10034dab	FUN_10034dab
DisplaySystem.dll	RRefFrame_t	load	0x5BC	4	this:public class TMatrix4_t const & __thiscall RRefFrame_t::GetWorldMatrix(void) const 	10034dab	FUN_10034dab
DisplaySystem.dll	RRefFrame_t	load	0x5C0	4	this:public class TMatrix4_t const & __thiscall RRefFrame_t::GetWorldMatrix(void) const 	10034dab	FUN_10034dab
DisplaySystem.dll	RRefFrame_t	load	0x17C	4	this:public class TMatrix4_t const & __thiscall RRefFrame_t::GetWorldMatrix(void) const 	10034dab	FUN_10034dab
DisplaySystem.dll	RRefFrame_t	load	0x5BC	4	this:public class TMatrix4_t const & __thiscall RRefFrame_t::GetWorldMatrix(void) const 	10034dab	FUN_10034dab
DisplaySystem.dll	RRefFrame_t	load	0x5C0	4	this:public class TMatrix4_t const & __thiscall RRefFrame_t::GetWorldMatrix(void) const 	10034dab	FUN_10034dab
DisplaySystem.dll	RRefFrame_t	load	0xA08	4	this:public class TMatrix4_t const & __thiscall RRefFrame_t::GetWorldMatrix(void) const 	10034dab	FUN_10034dab
DisplaySystem.dll	RRefFrame_t	addr_passed	0x6EC	0	this:public class TMatrix4_t const & __thiscall RRefFrame_t::GetWorldMatrix(void) const 	10034dab	FUN_10034dab
DisplaySystem.dll	RRefFrame_t	load	0x5BC	4	this:public class TMatrix4_t const & __thiscall RRefFrame_t::GetWorldMatrix(void) const 	10034dab	FUN_10034dab
DisplaySystem.dll	RRefFrame_t	load	0x5C0	4	this:public class TMatrix4_t const & __thiscall RRefFrame_t::GetWorldMatrix(void) const 	10034dab	FUN_10034dab
DisplaySystem.dll	RRefFrame_t	load	0x17C	4	this:public class TMatrix4_t const & __thiscall RRefFrame_t::GetWorldMatrix(void) const 	10034dab	FUN_10034dab
DisplaySystem.dll	RRefFrame_t	load	0x5BC	4	this:public class TMatrix4_t const & __thiscall RRefFrame_t::GetWorldMatrix(void) const 	10034dab	FUN_10034dab
DisplaySystem.dll	RRefFrame_t	load	0x5C0	4	this:public class TMatrix4_t const & __thiscall RRefFrame_t::GetWorldMatrix(void) const 	10034dab	FUN_10034dab
DisplaySystem.dll	RRefFrame_t	addr_passed	0x6EC	0	this:public class TMatrix4_t const & __thiscall RRefFrame_t::GetWorldMatrix(void) const 	10034dab	FUN_10034dab
DisplaySystem.dll	RRefFrame_t	load	0x5BC	4	this:public class TMatrix4_t const & __thiscall RRefFrame_t::GetWorldMatrix(void) const 	10034dab	FUN_10034dab
DisplaySystem.dll	RRefFrame_t	load	0x5C0	4	this:public class TMatrix4_t const & __thiscall RRefFrame_t::GetWorldMatrix(void) const 	10034dab	FUN_10034dab
DisplaySystem.dll	RRefFrame_t	load	0x5BC	4	this:public class TMatrix4_t const & __thiscall RRefFrame_t::GetWorldMatrix(void) const 	10034dab	FUN_10034dab
DisplaySystem.dll	RRefFrame_t	load	0x5C0	4	this:public class TMatrix4_t const & __thiscall RRefFrame_t::GetWorldMatrix(void) const 	10034dab	FUN_10034dab
DisplaySystem.dll	RRefFrame_t	load	0xA08	4	this:public class TMatrix4_t const & __thiscall RRefFrame_t::GetWorldMatrix(void) const 	10034dab	FUN_10034dab
DisplaySystem.dll	RRefFrame_t	load	0x5BC	4	this:public class TMatrix4_t const & __thiscall RRefFrame_t::GetWorldMatrix(void) const 	10034dab	FUN_10034dab
DisplaySystem.dll	RRefFrame_t	load	0x5C0	4	this:public class TMatrix4_t const & __thiscall RRefFrame_t::GetWorldMatrix(void) const 	10034dab	FUN_10034dab
DisplaySystem.dll	RRefFrame_t	load	0x17C	4	this:public class TMatrix4_t const & __thiscall RRefFrame_t::GetWorldMatrix(void) const 	10034dab	FUN_10034dab
DisplaySystem.dll	RRefFrame_t	load	0x5BC	4	this:public class TMatrix4_t const & __thiscall RRefFrame_t::GetWorldMatrix(void) const 	10034dab	FUN_10034dab
DisplaySystem.dll	RRefFrame_t	load	0x5C0	4	this:public class TMatrix4_t const & __thiscall RRefFrame_t::GetWorldMatrix(void) const 	10034dab	FUN_10034dab
DisplaySystem.dll	RViewPort_t	load	0x8	4	arg:protected unsigned int __thiscall RVisual_t::CullLights(class RViewPort_t &,float,unsigned int) 	10034dab	FUN_10034dab
DisplaySystem.dll	RViewPort_t	load	0x8	4	arg:protected unsigned int __thiscall RVisual_t::CullLights(class RViewPort_t &,float,unsigned int) 	10034dab	FUN_10034dab
DisplaySystem.dll	RViewPort_t	load	0x8	4	arg:protected unsigned int __thiscall RVisual_t::CullLights(class RViewPort_t &,float,unsigned int) 	10034dab	FUN_10034dab
DisplaySystem.dll	RViewPort_t	load	0x8	4	arg:protected unsigned int __thiscall RVisual_t::CullLights(class RViewPort_t &,float,unsigned int) 	10034dab	FUN_10034dab
DisplaySystem.dll	RVisual_t	load	0x5AC	4	this:public virtual void __thiscall RVisual_t::RestoreData(void) 	1003543e	FUN_1003543e
DisplaySystem.dll	RVisual_t	load	0x5B0	4	this:public virtual void __thiscall RVisual_t::RestoreData(void) 	1003543e	FUN_1003543e
DisplaySystem.dll	RVisual_t	load	0x5AC	4	this:public virtual void __thiscall RVisual_t::RestoreData(void) 	1003543e	FUN_1003543e
DisplaySystem.dll	RVisual_t	load	0x5B0	4	this:public virtual void __thiscall RVisual_t::RestoreData(void) 	1003543e	FUN_1003543e
DisplaySystem.dll	RVisual_t	load	0xA34	4	this:public virtual void __thiscall RVisual_t::RestoreData(void) 	1003543e	FUN_1003543e
DisplaySystem.dll	RVisual_t	load	0xA30	4	this:public virtual void __thiscall RVisual_t::RestoreData(void) 	1003543e	FUN_1003543e
DisplaySystem.dll	RResource_t	load	0x34	4	this:public virtual void __thiscall RResource_t::Archive(class fun::ObjectArchive_c *) const 	1003637e	AnarchyGroundData_t::Archive
DisplaySystem.dll	RResource_t	load	0x38	4	this:public virtual void __thiscall RResource_t::Archive(class fun::ObjectArchive_c *) const 	1003637e	AnarchyGroundData_t::Archive
DisplaySystem.dll	RResource_t	load	0x3C	4	this:public virtual void __thiscall RResource_t::Archive(class fun::ObjectArchive_c *) const 	1003637e	AnarchyGroundData_t::Archive
DisplaySystem.dll	RResource_t	load	0x68	4	this:public virtual void __thiscall RResource_t::Archive(class fun::ObjectArchive_c *) const 	1003637e	AnarchyGroundData_t::Archive
DisplaySystem.dll	RResource_t	load	0x64	4	this:public virtual void __thiscall RResource_t::Archive(class fun::ObjectArchive_c *) const 	1003637e	AnarchyGroundData_t::Archive
DisplaySystem.dll	RResource_t	load	0x54	4	this:public virtual void __thiscall RResource_t::Archive(class fun::ObjectArchive_c *) const 	1003637e	AnarchyGroundData_t::Archive
DisplaySystem.dll	RResource_t	load	0x50	4	this:public virtual void __thiscall RResource_t::Archive(class fun::ObjectArchive_c *) const 	1003637e	AnarchyGroundData_t::Archive
DisplaySystem.dll	RResource_t	load	0x58	4	this:public virtual void __thiscall RResource_t::Archive(class fun::ObjectArchive_c *) const 	1003637e	AnarchyGroundData_t::Archive
DisplaySystem.dll	RResource_t	load	0x50	4	this:public virtual void __thiscall RResource_t::Archive(class fun::ObjectArchive_c *) const 	1003637e	AnarchyGroundData_t::Archive
DisplaySystem.dll	RResource_t	load	0x54	4	this:public virtual void __thiscall RResource_t::Archive(class fun::ObjectArchive_c *) const 	1003637e	AnarchyGroundData_t::Archive
DisplaySystem.dll	RResource_t	load	0xD8	4	this:public virtual void __thiscall RResource_t::Archive(class fun::ObjectArchive_c *) const 	1003637e	AnarchyGroundData_t::Archive
DisplaySystem.dll	RResource_t	load	0xDC	4	this:public virtual void __thiscall RResource_t::Archive(class fun::ObjectArchive_c *) const 	1003637e	AnarchyGroundData_t::Archive
DisplaySystem.dll	RResource_t	store_vptr?	0x0	4	this:protected virtual __thiscall RResource_t::~RResource_t(void) 	1003674c	AnarchyGroundData_t::~AnarchyGroundData_t
DisplaySystem.dll	RResource_t	load	0x58	4	this:protected virtual __thiscall RResource_t::~RResource_t(void) 	1003674c	AnarchyGroundData_t::~AnarchyGroundData_t
DisplaySystem.dll	RResource_t	load	0x94	4	this:protected virtual __thiscall RResource_t::~RResource_t(void) 	1003674c	AnarchyGroundData_t::~AnarchyGroundData_t
DisplaySystem.dll	RResource_t	addr_passed	0xD8	0	this:protected virtual __thiscall RResource_t::~RResource_t(void) 	1003674c	AnarchyGroundData_t::~AnarchyGroundData_t
DisplaySystem.dll	RResource_t	addr_passed	0xC8	0	this:protected virtual __thiscall RResource_t::~RResource_t(void) 	1003674c	AnarchyGroundData_t::~AnarchyGroundData_t
DisplaySystem.dll	RResource_t	addr_passed	0xB8	0	this:protected virtual __thiscall RResource_t::~RResource_t(void) 	1003674c	AnarchyGroundData_t::~AnarchyGroundData_t
DisplaySystem.dll	RResource_t	addr_passed	0xA8	0	this:protected virtual __thiscall RResource_t::~RResource_t(void) 	1003674c	AnarchyGroundData_t::~AnarchyGroundData_t
DisplaySystem.dll	RResource_t	addr_passed	0x98	0	this:protected virtual __thiscall RResource_t::~RResource_t(void) 	1003674c	AnarchyGroundData_t::~AnarchyGroundData_t
DisplaySystem.dll	RResource_t	addr_passed	0x64	0	this:protected virtual __thiscall RResource_t::~RResource_t(void) 	1003674c	AnarchyGroundData_t::~AnarchyGroundData_t
DisplaySystem.dll	RResource_t	store_vptr?	0x0	4	this:protected __thiscall RResource_t::RResource_t(class fun::ObjectArchive_c *) 	10036f17	AnarchyGroundData_t::AnarchyGroundData_t
DisplaySystem.dll	RResource_t	store	0x2C	4	this:protected __thiscall RResource_t::RResource_t(class fun::ObjectArchive_c *) 	10036f17	AnarchyGroundData_t::AnarchyGroundData_t
DisplaySystem.dll	RResource_t	store	0x64	4	this:protected __thiscall RResource_t::RResource_t(class fun::ObjectArchive_c *) 	10036f17	AnarchyGroundData_t::AnarchyGroundData_t
DisplaySystem.dll	RResource_t	store	0x68	4	this:protected __thiscall RResource_t::RResource_t(class fun::ObjectArchive_c *) 	10036f17	AnarchyGroundData_t::AnarchyGroundData_t
DisplaySystem.dll	RResource_t	store	0x6C	4	this:protected __thiscall RResource_t::RResource_t(class fun::ObjectArchive_c *) 	10036f17	AnarchyGroundData_t::AnarchyGroundData_t
DisplaySystem.dll	RResource_t	store	0x98	4	this:protected __thiscall RResource_t::RResource_t(class fun::ObjectArchive_c *) 	10036f17	AnarchyGroundData_t::AnarchyGroundData_t
DisplaySystem.dll	RResource_t	store	0x9C	4	this:protected __thiscall RResource_t::RResource_t(class fun::ObjectArchive_c *) 	10036f17	AnarchyGroundData_t::AnarchyGroundData_t
DisplaySystem.dll	RResource_t	store	0xA0	4	this:protected __thiscall RResource_t::RResource_t(class fun::ObjectArchive_c *) 	10036f17	AnarchyGroundData_t::AnarchyGroundData_t
DisplaySystem.dll	RResource_t	store	0xA8	4	this:protected __thiscall RResource_t::RResource_t(class fun::ObjectArchive_c *) 	10036f17	AnarchyGroundData_t::AnarchyGroundData_t
DisplaySystem.dll	RResource_t	store	0xAC	4	this:protected __thiscall RResource_t::RResource_t(class fun::ObjectArchive_c *) 	10036f17	AnarchyGroundData_t::AnarchyGroundData_t
DisplaySystem.dll	RResource_t	store	0xB0	4	this:protected __thiscall RResource_t::RResource_t(class fun::ObjectArchive_c *) 	10036f17	AnarchyGroundData_t::AnarchyGroundData_t
DisplaySystem.dll	RResource_t	store	0xB8	4	this:protected __thiscall RResource_t::RResource_t(class fun::ObjectArchive_c *) 	10036f17	AnarchyGroundData_t::AnarchyGroundData_t
DisplaySystem.dll	RResource_t	store	0xBC	4	this:protected __thiscall RResource_t::RResource_t(class fun::ObjectArchive_c *) 	10036f17	AnarchyGroundData_t::AnarchyGroundData_t
DisplaySystem.dll	RResource_t	store	0xC0	4	this:protected __thiscall RResource_t::RResource_t(class fun::ObjectArchive_c *) 	10036f17	AnarchyGroundData_t::AnarchyGroundData_t
DisplaySystem.dll	RResource_t	store	0xC8	4	this:protected __thiscall RResource_t::RResource_t(class fun::ObjectArchive_c *) 	10036f17	AnarchyGroundData_t::AnarchyGroundData_t
DisplaySystem.dll	RResource_t	store	0xCC	4	this:protected __thiscall RResource_t::RResource_t(class fun::ObjectArchive_c *) 	10036f17	AnarchyGroundData_t::AnarchyGroundData_t
DisplaySystem.dll	RResource_t	store	0xD0	4	this:protected __thiscall RResource_t::RResource_t(class fun::ObjectArchive_c *) 	10036f17	AnarchyGroundData_t::AnarchyGroundData_t
DisplaySystem.dll	RResource_t	store	0xD8	4	this:protected __thiscall RResource_t::RResource_t(class fun::ObjectArchive_c *) 	10036f17	AnarchyGroundData_t::AnarchyGroundData_t
DisplaySystem.dll	RResource_t	store	0xDC	4	this:protected __thiscall RResource_t::RResource_t(class fun::ObjectArchive_c *) 	10036f17	AnarchyGroundData_t::AnarchyGroundData_t
DisplaySystem.dll	RResource_t	store	0xE0	4	this:protected __thiscall RResource_t::RResource_t(class fun::ObjectArchive_c *) 	10036f17	AnarchyGroundData_t::AnarchyGroundData_t
DisplaySystem.dll	RResource_t	store	0xE8	4	this:protected __thiscall RResource_t::RResource_t(class fun::ObjectArchive_c *) 	10036f17	AnarchyGroundData_t::AnarchyGroundData_t
DisplaySystem.dll	RResource_t	store	0x80	4	this:protected __thiscall RResource_t::RResource_t(class fun::ObjectArchive_c *) 	10036f17	AnarchyGroundData_t::AnarchyGroundData_t
DisplaySystem.dll	RResource_t	addr_passed	0x34	0	this:protected __thiscall RResource_t::RResource_t(class fun::ObjectArchive_c *) 	10036f17	AnarchyGroundData_t::AnarchyGroundData_t
DisplaySystem.dll	RResource_t	store	0x5C	1	this:protected __thiscall RResource_t::RResource_t(class fun::ObjectArchive_c *) 	10036f17	AnarchyGroundData_t::AnarchyGroundData_t
DisplaySystem.dll	RResource_t	store	0x30	2	this:protected __thiscall RResource_t::RResource_t(class fun::ObjectArchive_c *) 	10036f17	AnarchyGroundData_t::AnarchyGroundData_t
DisplaySystem.dll	RResource_t	store	0x60	4	this:protected __thiscall RResource_t::RResource_t(class fun::ObjectArchive_c *) 	10036f17	AnarchyGroundData_t::AnarchyGroundData_t
DisplaySystem.dll	RResource_t	addr_passed	0x38	0	this:protected __thiscall RResource_t::RResource_t(class fun::ObjectArchive_c *) 	10036f17	AnarchyGroundData_t::AnarchyGroundData_t
DisplaySystem.dll	RResource_t	addr_passed	0x3C	0	this:protected __thiscall RResource_t::RResource_t(class fun::ObjectArchive_c *) 	10036f17	AnarchyGroundData_t::AnarchyGroundData_t
DisplaySystem.dll	RResource_t	load	0x38	4	this:protected __thiscall RResource_t::RResource_t(class fun::ObjectArchive_c *) 	10036f17	AnarchyGroundData_t::AnarchyGroundData_t
DisplaySystem.dll	RResource_t	load	0x34	4	this:protected __thiscall RResource_t::RResource_t(class fun::ObjectArchive_c *) 	10036f17	AnarchyGroundData_t::AnarchyGroundData_t
DisplaySystem.dll	RResource_t	store	0x44	4	this:protected __thiscall RResource_t::RResource_t(class fun::ObjectArchive_c *) 	10036f17	AnarchyGroundData_t::AnarchyGroundData_t
DisplaySystem.dll	RResource_t	store	0x40	4	this:protected __thiscall RResource_t::RResource_t(class fun::ObjectArchive_c *) 	10036f17	AnarchyGroundData_t::AnarchyGroundData_t
DisplaySystem.dll	RResource_t	store	0x48	4	this:protected __thiscall RResource_t::RResource_t(class fun::ObjectArchive_c *) 	10036f17	AnarchyGroundData_t::AnarchyGroundData_t
DisplaySystem.dll	RResource_t	store	0x4C	4	this:protected __thiscall RResource_t::RResource_t(class fun::ObjectArchive_c *) 	10036f17	AnarchyGroundData_t::AnarchyGroundData_t
DisplaySystem.dll	RResource_t	store	0x50	4	this:protected __thiscall RResource_t::RResource_t(class fun::ObjectArchive_c *) 	10036f17	AnarchyGroundData_t::AnarchyGroundData_t
DisplaySystem.dll	RResource_t	store	0x54	4	this:protected __thiscall RResource_t::RResource_t(class fun::ObjectArchive_c *) 	10036f17	AnarchyGroundData_t::AnarchyGroundData_t
DisplaySystem.dll	RResource_t	addr_passed	0x94	0	this:protected __thiscall RResource_t::RResource_t(class fun::ObjectArchive_c *) 	10036f17	AnarchyGroundData_t::AnarchyGroundData_t
DisplaySystem.dll	RResource_t	load	0x54	4	this:protected __thiscall RResource_t::RResource_t(class fun::ObjectArchive_c *) 	10036f17	AnarchyGroundData_t::AnarchyGroundData_t
DisplaySystem.dll	RResource_t	load	0x50	4	this:protected __thiscall RResource_t::RResource_t(class fun::ObjectArchive_c *) 	10036f17	AnarchyGroundData_t::AnarchyGroundData_t
DisplaySystem.dll	RResource_t	store	0x58	4	this:protected __thiscall RResource_t::RResource_t(class fun::ObjectArchive_c *) 	10036f17	AnarchyGroundData_t::AnarchyGroundData_t
DisplaySystem.dll	RResource_t	load	0x64	4	this:protected __thiscall RResource_t::RResource_t(class fun::ObjectArchive_c *) 	10036f17	AnarchyGroundData_t::AnarchyGroundData_t
DisplaySystem.dll	RResource_t	addr_passed	0x64	0	this:protected __thiscall RResource_t::RResource_t(class fun::ObjectArchive_c *) 	10036f17	AnarchyGroundData_t::AnarchyGroundData_t
DisplaySystem.dll	RResource_t	load	0x54	4	this:protected __thiscall RResource_t::RResource_t(class fun::ObjectArchive_c *) 	10036f17	AnarchyGroundData_t::AnarchyGroundData_t
DisplaySystem.dll	RResource_t	load	0x50	4	this:protected __thiscall RResource_t::RResource_t(class fun::ObjectArchive_c *) 	10036f17	AnarchyGroundData_t::AnarchyGroundData_t
DisplaySystem.dll	RResource_t	load	0x50	4	this:protected __thiscall RResource_t::RResource_t(class fun::ObjectArchive_c *) 	10036f17	AnarchyGroundData_t::AnarchyGroundData_t
DisplaySystem.dll	RResource_t	load	0x58	4	this:protected __thiscall RResource_t::RResource_t(class fun::ObjectArchive_c *) 	10036f17	AnarchyGroundData_t::AnarchyGroundData_t
DisplaySystem.dll	RResource_t	load	0x40	4	this:protected __thiscall RResource_t::RResource_t(class fun::ObjectArchive_c *) 	10036f17	AnarchyGroundData_t::AnarchyGroundData_t
DisplaySystem.dll	RResource_t	store	0x31	1	this:protected __thiscall RResource_t::RResource_t(class fun::ObjectArchive_c *) 	10036f17	AnarchyGroundData_t::AnarchyGroundData_t
DisplaySystem.dll	RResource_t	load	0x50	4	this:protected __thiscall RResource_t::RResource_t(class fun::ObjectArchive_c *) 	10036f17	AnarchyGroundData_t::AnarchyGroundData_t
DisplaySystem.dll	RResource_t	load	0x54	4	this:protected __thiscall RResource_t::RResource_t(class fun::ObjectArchive_c *) 	10036f17	AnarchyGroundData_t::AnarchyGroundData_t
DisplaySystem.dll	RResource_t	addr_passed	0xD8	0	this:protected __thiscall RResource_t::RResource_t(class fun::ObjectArchive_c *) 	10036f17	AnarchyGroundData_t::AnarchyGroundData_t
DisplaySystem.dll	RResource_t	store	0x60	4	this:protected __thiscall RResource_t::RResource_t(class fun::ObjectArchive_c *) 	10036f17	AnarchyGroundData_t::AnarchyGroundData_t
DisplaySystem.dll	RResource_t	store_vptr?	0x0	4	this:protected __thiscall RResource_t::RResource_t(char const *) 	10037333	AnarchyGroundData_t::AnarchyGroundData_t
DisplaySystem.dll	RResource_t	store	0x2C	4	this:protected __thiscall RResource_t::RResource_t(char const *) 	10037333	AnarchyGroundData_t::AnarchyGroundData_t
DisplaySystem.dll	RResource_t	store	0x64	4	this:protected __thiscall RResource_t::RResource_t(char const *) 	10037333	AnarchyGroundData_t::AnarchyGroundData_t
DisplaySystem.dll	RResource_t	store	0x68	4	this:protected __thiscall RResource_t::RResource_t(char const *) 	10037333	AnarchyGroundData_t::AnarchyGroundData_t
DisplaySystem.dll	RResource_t	store	0x6C	4	this:protected __thiscall RResource_t::RResource_t(char const *) 	10037333	AnarchyGroundData_t::AnarchyGroundData_t
DisplaySystem.dll	RResource_t	store	0x98	4	this:protected __thiscall RResource_t::RResource_t(char const *) 	10037333	AnarchyGroundData_t::AnarchyGroundData_t
DisplaySystem.dll	RResource_t	store	0x9C	4	this:protected __thiscall RResource_t::RResource_t(char const *) 	10037333	AnarchyGroundData_t::AnarchyGroundData_t
DisplaySystem.dll	RResource_t	store	0xA0	4	this:protected __thiscall RResource_t::RResource_t(char const *) 	10037333	AnarchyGroundData_t::AnarchyGroundData_t
DisplaySystem.dll	RResource_t	store	0xA8	4	this:protected __thiscall RResource_t::RResource_t(char const *) 	10037333	AnarchyGroundData_t::AnarchyGroundData_t
DisplaySystem.dll	RResource_t	store	0xAC	4	this:protected __thiscall RResource_t::RResource_t(char const *) 	10037333	AnarchyGroundData_t::AnarchyGroundData_t
DisplaySystem.dll	RResource_t	store	0xB0	4	this:protected __thiscall RResource_t::RResource_t(char const *) 	10037333	AnarchyGroundData_t::AnarchyGroundData_t
DisplaySystem.dll	RResource_t	store	0xB8	4	this:protected __thiscall RResource_t::RResource_t(char const *) 	10037333	AnarchyGroundData_t::AnarchyGroundData_t
DisplaySystem.dll	RResource_t	store	0xBC	4	this:protected __thiscall RResource_t::RResource_t(char const *) 	10037333	AnarchyGroundData_t::AnarchyGroundData_t
DisplaySystem.dll	RResource_t	store	0xC0	4	this:protected __thiscall RResource_t::RResource_t(char const *) 	10037333	AnarchyGroundData_t::AnarchyGroundData_t
DisplaySystem.dll	RResource_t	store	0xC8	4	this:protected __thiscall RResource_t::RResource_t(char const *) 	10037333	AnarchyGroundData_t::AnarchyGroundData_t
DisplaySystem.dll	RResource_t	store	0xCC	4	this:protected __thiscall RResource_t::RResource_t(char const *) 	10037333	AnarchyGroundData_t::AnarchyGroundData_t
DisplaySystem.dll	RResource_t	store	0xD0	4	this:protected __thiscall RResource_t::RResource_t(char const *) 	10037333	AnarchyGroundData_t::AnarchyGroundData_t
DisplaySystem.dll	RResource_t	store	0xD8	4	this:protected __thiscall RResource_t::RResource_t(char const *) 	10037333	AnarchyGroundData_t::AnarchyGroundData_t
DisplaySystem.dll	RResource_t	store	0xDC	4	this:protected __thiscall RResource_t::RResource_t(char const *) 	10037333	AnarchyGroundData_t::AnarchyGroundData_t
DisplaySystem.dll	RResource_t	store	0xE0	4	this:protected __thiscall RResource_t::RResource_t(char const *) 	10037333	AnarchyGroundData_t::AnarchyGroundData_t
DisplaySystem.dll	RResource_t	store	0xE8	4	this:protected __thiscall RResource_t::RResource_t(char const *) 	10037333	AnarchyGroundData_t::AnarchyGroundData_t
DisplaySystem.dll	RResource_t	store_vptr?	0x0	4	this:protected __thiscall RResource_t::RResource_t(char const *) 	100373fc	AnarchyGroundData_t::AnarchyGroundData_t
DisplaySystem.dll	RResource_t	store	0x2C	4	this:protected __thiscall RResource_t::RResource_t(char const *) 	100373fc	AnarchyGroundData_t::AnarchyGroundData_t
DisplaySystem.dll	RResource_t	store	0x64	4	this:protected __thiscall RResource_t::RResource_t(char const *) 	100373fc	AnarchyGroundData_t::AnarchyGroundData_t
DisplaySystem.dll	RResource_t	store	0x68	4	this:protected __thiscall RResource_t::RResource_t(char const *) 	100373fc	AnarchyGroundData_t::AnarchyGroundData_t
DisplaySystem.dll	RResource_t	store	0x6C	4	this:protected __thiscall RResource_t::RResource_t(char const *) 	100373fc	AnarchyGroundData_t::AnarchyGroundData_t
DisplaySystem.dll	RResource_t	store	0x98	4	this:protected __thiscall RResource_t::RResource_t(char const *) 	100373fc	AnarchyGroundData_t::AnarchyGroundData_t
DisplaySystem.dll	RResource_t	store	0x9C	4	this:protected __thiscall RResource_t::RResource_t(char const *) 	100373fc	AnarchyGroundData_t::AnarchyGroundData_t
DisplaySystem.dll	RResource_t	store	0xA0	4	this:protected __thiscall RResource_t::RResource_t(char const *) 	100373fc	AnarchyGroundData_t::AnarchyGroundData_t
DisplaySystem.dll	RResource_t	store	0xA8	4	this:protected __thiscall RResource_t::RResource_t(char const *) 	100373fc	AnarchyGroundData_t::AnarchyGroundData_t
DisplaySystem.dll	RResource_t	store	0xAC	4	this:protected __thiscall RResource_t::RResource_t(char const *) 	100373fc	AnarchyGroundData_t::AnarchyGroundData_t
DisplaySystem.dll	RResource_t	store	0xB0	4	this:protected __thiscall RResource_t::RResource_t(char const *) 	100373fc	AnarchyGroundData_t::AnarchyGroundData_t
DisplaySystem.dll	RResource_t	store	0xB8	4	this:protected __thiscall RResource_t::RResource_t(char const *) 	100373fc	AnarchyGroundData_t::AnarchyGroundData_t
DisplaySystem.dll	RResource_t	store	0xBC	4	this:protected __thiscall RResource_t::RResource_t(char const *) 	100373fc	AnarchyGroundData_t::AnarchyGroundData_t
DisplaySystem.dll	RResource_t	store	0xC0	4	this:protected __thiscall RResource_t::RResource_t(char const *) 	100373fc	AnarchyGroundData_t::AnarchyGroundData_t
DisplaySystem.dll	RResource_t	store	0xC8	4	this:protected __thiscall RResource_t::RResource_t(char const *) 	100373fc	AnarchyGroundData_t::AnarchyGroundData_t
DisplaySystem.dll	RResource_t	store	0xCC	4	this:protected __thiscall RResource_t::RResource_t(char const *) 	100373fc	AnarchyGroundData_t::AnarchyGroundData_t
DisplaySystem.dll	RResource_t	store	0xD0	4	this:protected __thiscall RResource_t::RResource_t(char const *) 	100373fc	AnarchyGroundData_t::AnarchyGroundData_t
DisplaySystem.dll	RResource_t	store	0xD8	4	this:protected __thiscall RResource_t::RResource_t(char const *) 	100373fc	AnarchyGroundData_t::AnarchyGroundData_t
DisplaySystem.dll	RResource_t	store	0xDC	4	this:protected __thiscall RResource_t::RResource_t(char const *) 	100373fc	AnarchyGroundData_t::AnarchyGroundData_t
DisplaySystem.dll	RResource_t	store	0xE0	4	this:protected __thiscall RResource_t::RResource_t(char const *) 	100373fc	AnarchyGroundData_t::AnarchyGroundData_t
DisplaySystem.dll	RResource_t	store	0xE8	4	this:protected __thiscall RResource_t::RResource_t(char const *) 	100373fc	AnarchyGroundData_t::AnarchyGroundData_t
DisplaySystem.dll	RTexture_t	new_size	0xBC	0	ctor:public __thiscall RTexture_t::RTexture_t(char const *) 	100383a8	FUN_100383a8
DisplaySystem.dll	TextureCreator	load	0x8	4	this:public virtual void __thiscall TextureCreator::Archive(class fun::ObjectArchive_c *) const 	10038811	FUN_10038811
DisplaySystem.dll	surface_t	new_size	0x88	0	ctor:public __thiscall surface_t::surface_t(class surface_t *,char *) 	10038839	FUN_10038839
DisplaySystem.dll	TextureCreator	store_vptr?	0x0	4	this:public __thiscall TextureCreator::TextureCreator(class fun::ObjectArchive_c *) 	10038978	FUN_10038978
DisplaySystem.dll	TextureCreator	store	0x8	4	this:public __thiscall TextureCreator::TextureCreator(class fun::ObjectArchive_c *) 	10038978	FUN_10038978
DisplaySystem.dll	RTexture_t	new_size	0xBC	0	ctor:public __thiscall RTexture_t::RTexture_t(char const *,unsigned short,unsigned short,enum RTexture_t::TextureFormat_e,bool,void *) 	100389e0	AllocateTexture
DisplaySystem.dll	RRefFrame_t	load	0x1F8	1	this:public class TMatrix4_t const & __thiscall RRefFrame_t::GetWorldMatrix(void) const 	10038f5d	FUN_10038f5d
DisplaySystem.dll	RRefFrame_t	load	0x200	4	this:public class TMatrix4_t const & __thiscall RRefFrame_t::GetWorldMatrix(void) const 	10038f5d	FUN_10038f5d
DisplaySystem.dll	RRefFrame_t	load	0x178	4	this:public class TMatrix4_t const & __thiscall RRefFrame_t::GetWorldMatrix(void) const 	10038f5d	FUN_10038f5d
DisplaySystem.dll	RRefFrame_t	load	0x184	4	this:public class TMatrix4_t const & __thiscall RRefFrame_t::GetWorldMatrix(void) const 	10038f5d	FUN_10038f5d
DisplaySystem.dll	RRefFrame_t	load	0x188	4	this:public class TMatrix4_t const & __thiscall RRefFrame_t::GetWorldMatrix(void) const 	10038f5d	FUN_10038f5d
DisplaySystem.dll	RRefFrame_t	load	0x18C	4	this:public class TMatrix4_t const & __thiscall RRefFrame_t::GetWorldMatrix(void) const 	10038f5d	FUN_10038f5d
DisplaySystem.dll	RViewPort_t	load	0xC	4	this:public void __thiscall RViewPort_t::SetMaterial(class RMaterial_t const *) 	10038f5d	FUN_10038f5d
DisplaySystem.dll	RDeltaState	new_size	0x16C	0	ctor:public __thiscall RDeltaState::RDeltaState(char const *) 	10039373	FUN_10039373
DisplaySystem.dll	RVisual_t	load	0xB8	4	this:public void __thiscall RVisual_t::SetRenderPriority(enum RenderList_e) 	10039373	FUN_10039373
DisplaySystem.dll	RVisual_t	store	0xB8	4	this:public void __thiscall RVisual_t::SetRenderPriority(enum RenderList_e) 	10039373	FUN_10039373
DisplaySystem.dll	RVisual_t	load	0xB8	4	this:public void __thiscall RVisual_t::SetRenderPriority(enum RenderList_e) 	10039373	FUN_10039373
DisplaySystem.dll	RVisual_t	load	0xB8	4	this:public void __thiscall RVisual_t::SetRenderPriority(enum RenderList_e) 	10039373	FUN_10039373
DisplaySystem.dll	RVisual_t	load	0xB8	4	this:public void __thiscall RVisual_t::SetRenderPriority(enum RenderList_e) 	10039373	FUN_10039373
DisplaySystem.dll	RVisual_t	load	0xB8	4	this:public void __thiscall RVisual_t::SetRenderPriority(enum RenderList_e) 	10039373	FUN_10039373
DisplaySystem.dll	RVisual_t	load	0xB8	4	this:public void __thiscall RVisual_t::SetRenderPriority(enum RenderList_e) 	10039373	FUN_10039373
DisplaySystem.dll	RVisual_t	load	0xB8	4	this:public void __thiscall RVisual_t::SetRenderPriority(enum RenderList_e) 	10039373	FUN_10039373
DisplaySystem.dll	RVisual_t	load	0x17C	4	this:public void __thiscall RVisual_t::SetRenderPriority(enum RenderList_e) 	10039373	FUN_10039373
DisplaySystem.dll	RVisual_t	load	0xB8	4	this:public void __thiscall RVisual_t::SetRenderPriority(enum RenderList_e) 	10039373	FUN_10039373
DisplaySystem.dll	RVisual_t	load	0xB8	4	this:public void __thiscall RVisual_t::SetRenderPriority(enum RenderList_e) 	10039373	FUN_10039373
DisplaySystem.dll	RVisual_t	load	0xB8	4	this:public void __thiscall RVisual_t::SetRenderPriority(enum RenderList_e) 	10039373	FUN_10039373
DisplaySystem.dll	RVisual_t	load	0xB8	4	this:public void __thiscall RVisual_t::SetRenderPriority(enum RenderList_e) 	10039373	FUN_10039373
DisplaySystem.dll	RVisual_t	load	0xB8	4	this:public void __thiscall RVisual_t::SetRenderPriority(enum RenderList_e) 	10039373	FUN_10039373
DisplaySystem.dll	RVisual_t	load	0xB8	4	this:public void __thiscall RVisual_t::SetRenderPriority(enum RenderList_e) 	10039373	FUN_10039373
DisplaySystem.dll	RVisual_t	load	0xB8	4	this:public void __thiscall RVisual_t::SetRenderPriority(enum RenderList_e) 	10039373	FUN_10039373
DisplaySystem.dll	RVisual_t	load	0xB8	4	this:public void __thiscall RVisual_t::SetRenderPriority(enum RenderList_e) 	10039373	FUN_10039373
DisplaySystem.dll	RVisual_t	load	0xB8	4	this:public void __thiscall RVisual_t::SetRenderPriority(enum RenderList_e) 	10039373	FUN_10039373
DisplaySystem.dll	RVisual_t	load	0xB8	4	this:public void __thiscall RVisual_t::SetRenderPriority(enum RenderList_e) 	10039373	FUN_10039373
DisplaySystem.dll	RViewPort_t	load	0xC	4	this:public void __thiscall RViewPort_t::RealizeRenderStates(void) 	1003b9c9	FUN_1003b9c9
DisplaySystem.dll	RViewPort_t	load	0x8	4	this:public void __thiscall RViewPort_t::RealizeRenderStates(void) 	1003b9c9	FUN_1003b9c9
DisplaySystem.dll	RViewPort_t	load	0xC	4	this:public void __thiscall RViewPort_t::SetMaterial(class RMaterial_t const *) 	1003c356	FUN_1003c356
DisplaySystem.dll	RViewPort_t	load	0x8	4	this:public void __thiscall RViewPort_t::SetMaterial(class RMaterial_t const *) 	1003c356	FUN_1003c356
DisplaySystem.dll	DynamicVB_c	load	0x14	4	this:public class VertexBuffer_c * __thiscall DynamicVB_c::GetVB(unsigned int) 	1003c356	FUN_1003c356
DisplaySystem.dll	DynamicVB_c	store	0x30	4	this:public class VertexBuffer_c * __thiscall DynamicVB_c::GetVB(unsigned int) 	1003c356	FUN_1003c356
DisplaySystem.dll	DynamicVB_c	load	0x1C	4	this:public class VertexBuffer_c * __thiscall DynamicVB_c::GetVB(unsigned int) 	1003c356	FUN_1003c356
DisplaySystem.dll	DynamicVB_c	store	0x34	4	this:public class VertexBuffer_c * __thiscall DynamicVB_c::GetVB(unsigned int) 	1003c356	FUN_1003c356
DisplaySystem.dll	DynamicVB_c	load	0x24	4	this:public class VertexBuffer_c * __thiscall DynamicVB_c::GetVB(unsigned int) 	1003c356	FUN_1003c356
DisplaySystem.dll	DynamicVB_c	load	0x20	4	this:public class VertexBuffer_c * __thiscall DynamicVB_c::GetVB(unsigned int) 	1003c356	FUN_1003c356
DisplaySystem.dll	DynamicVB_c	load	0x28	4	this:public class VertexBuffer_c * __thiscall DynamicVB_c::GetVB(unsigned int) 	1003c356	FUN_1003c356
DisplaySystem.dll	DynamicVB_c	load	0x24	4	this:public class VertexBuffer_c * __thiscall DynamicVB_c::GetVB(unsigned int) 	1003c356	FUN_1003c356
DisplaySystem.dll	DynamicVB_c	load	0xFFFFFFFFFFFFFFF0	4	this:public class VertexBuffer_c * __thiscall DynamicVB_c::GetVB(unsigned int) 	1003c356	FUN_1003c356
DisplaySystem.dll	DynamicVB_c	store	0xC	4	this:public class VertexBuffer_c * __thiscall DynamicVB_c::GetVB(unsigned int) 	1003c356	FUN_1003c356
DisplaySystem.dll	DynamicVB_c	load	0xFFFFFFFFFFFFFFF8	4	this:public class VertexBuffer_c * __thiscall DynamicVB_c::GetVB(unsigned int) 	1003c356	FUN_1003c356
DisplaySystem.dll	DynamicVB_c	store	0x10	4	this:public class VertexBuffer_c * __thiscall DynamicVB_c::GetVB(unsigned int) 	1003c356	FUN_1003c356
DisplaySystem.dll	DynamicVB_c	load_vptr?	0x0	4	this:public class VertexBuffer_c * __thiscall DynamicVB_c::GetVB(unsigned int) 	1003c356	FUN_1003c356
DisplaySystem.dll	DynamicVB_c	load	0xFFFFFFFFFFFFFFFC	4	this:public class VertexBuffer_c * __thiscall DynamicVB_c::GetVB(unsigned int) 	1003c356	FUN_1003c356
DisplaySystem.dll	DynamicVB_c	load	0x4	4	this:public class VertexBuffer_c * __thiscall DynamicVB_c::GetVB(unsigned int) 	1003c356	FUN_1003c356
DisplaySystem.dll	DynamicVB_c	load_vptr?	0x0	4	this:public class VertexBuffer_c * __thiscall DynamicVB_c::GetVB(unsigned int) 	1003c356	FUN_1003c356
DisplaySystem.dll	DynamicVB_c	load	0xFFFFFFFFFFFFFFF0	4	this:public class VertexBuffer_c * __thiscall DynamicVB_c::GetVB(unsigned int) 	1003c356	FUN_1003c356
DisplaySystem.dll	DynamicVB_c	store	0xC	4	this:public class VertexBuffer_c * __thiscall DynamicVB_c::GetVB(unsigned int) 	1003c356	FUN_1003c356
DisplaySystem.dll	DynamicVB_c	load	0xFFFFFFFFFFFFFFF8	4	this:public class VertexBuffer_c * __thiscall DynamicVB_c::GetVB(unsigned int) 	1003c356	FUN_1003c356
DisplaySystem.dll	DynamicVB_c	store	0x10	4	this:public class VertexBuffer_c * __thiscall DynamicVB_c::GetVB(unsigned int) 	1003c356	FUN_1003c356
DisplaySystem.dll	DynamicVB_c	load_vptr?	0x0	4	this:public class VertexBuffer_c * __thiscall DynamicVB_c::GetVB(unsigned int) 	1003c356	FUN_1003c356
DisplaySystem.dll	DynamicVB_c	load	0xFFFFFFFFFFFFFFFC	4	this:public class VertexBuffer_c * __thiscall DynamicVB_c::GetVB(unsigned int) 	1003c356	FUN_1003c356
DisplaySystem.dll	DynamicVB_c	load	0x4	4	this:public class VertexBuffer_c * __thiscall DynamicVB_c::GetVB(unsigned int) 	1003c356	FUN_1003c356
DisplaySystem.dll	DynamicVB_c	load_vptr?	0x0	4	this:public class VertexBuffer_c * __thiscall DynamicVB_c::GetVB(unsigned int) 	1003c356	FUN_1003c356
DisplaySystem.dll	DynamicVB_c	load	0xFFFFFFFFFFFFFFF0	4	this:public class VertexBuffer_c * __thiscall DynamicVB_c::GetVB(unsigned int) 	1003c356	FUN_1003c356
DisplaySystem.dll	DynamicVB_c	store	0xC	4	this:public class VertexBuffer_c * __thiscall DynamicVB_c::GetVB(unsigned int) 	1003c356	FUN_1003c356
DisplaySystem.dll	DynamicVB_c	load	0xFFFFFFFFFFFFFFF8	4	this:public class VertexBuffer_c * __thiscall DynamicVB_c::GetVB(unsigned int) 	1003c356	FUN_1003c356
DisplaySystem.dll	DynamicVB_c	store	0x10	4	this:public class VertexBuffer_c * __thiscall DynamicVB_c::GetVB(unsigned int) 	1003c356	FUN_1003c356
DisplaySystem.dll	DynamicVB_c	load_vptr?	0x0	4	this:public class VertexBuffer_c * __thiscall DynamicVB_c::GetVB(unsigned int) 	1003c356	FUN_1003c356
DisplaySystem.dll	DynamicVB_c	load	0xFFFFFFFFFFFFFFFC	4	this:public class VertexBuffer_c * __thiscall DynamicVB_c::GetVB(unsigned int) 	1003c356	FUN_1003c356
DisplaySystem.dll	DynamicVB_c	load	0x4	4	this:public class VertexBuffer_c * __thiscall DynamicVB_c::GetVB(unsigned int) 	1003c356	FUN_1003c356
DisplaySystem.dll	DynamicVB_c	load_vptr?	0x0	4	this:public class VertexBuffer_c * __thiscall DynamicVB_c::GetVB(unsigned int) 	1003c356	FUN_1003c356
DisplaySystem.dll	DynamicVB_c	store	0xC	4	this:public class VertexBuffer_c * __thiscall DynamicVB_c::GetVB(unsigned int) 	1003c356	FUN_1003c356
DisplaySystem.dll	DynamicVB_c	store	0x10	4	this:public class VertexBuffer_c * __thiscall DynamicVB_c::GetVB(unsigned int) 	1003c356	FUN_1003c356
DisplaySystem.dll	DynamicVB_c	load	0x14	4	this:public class VertexBuffer_c * __thiscall DynamicVB_c::GetVB(unsigned int) 	1003c356	FUN_1003c356
DisplaySystem.dll	DynamicVB_c	store	0x30	4	this:public class VertexBuffer_c * __thiscall DynamicVB_c::GetVB(unsigned int) 	1003c356	FUN_1003c356
DisplaySystem.dll	DynamicVB_c	load	0x1C	4	this:public class VertexBuffer_c * __thiscall DynamicVB_c::GetVB(unsigned int) 	1003c356	FUN_1003c356
DisplaySystem.dll	DynamicVB_c	store	0x34	4	this:public class VertexBuffer_c * __thiscall DynamicVB_c::GetVB(unsigned int) 	1003c356	FUN_1003c356
DisplaySystem.dll	DynamicVB_c	load	0x24	4	this:public class VertexBuffer_c * __thiscall DynamicVB_c::GetVB(unsigned int) 	1003c356	FUN_1003c356
DisplaySystem.dll	DynamicVB_c	load	0x20	4	this:public class VertexBuffer_c * __thiscall DynamicVB_c::GetVB(unsigned int) 	1003c356	FUN_1003c356
DisplaySystem.dll	DynamicVB_c	load	0x28	4	this:public class VertexBuffer_c * __thiscall DynamicVB_c::GetVB(unsigned int) 	1003c356	FUN_1003c356
DisplaySystem.dll	DynamicVB_c	load	0x24	4	this:public class VertexBuffer_c * __thiscall DynamicVB_c::GetVB(unsigned int) 	1003c356	FUN_1003c356
DisplaySystem.dll	RViewPort_t	load	0xC	4	this:public void __thiscall RViewPort_t::RealizeRenderStates(void) 	1003d1b9	FUN_1003d1b9
DisplaySystem.dll	RViewPort_t	load	0x8	4	this:public void __thiscall RViewPort_t::RealizeRenderStates(void) 	1003d1b9	FUN_1003d1b9
DisplaySystem.dll	RViewPort_t	load	0xC	4	this:public void __thiscall RViewPort_t::RealizeRenderStates(void) 	1003d1b9	FUN_1003d1b9
DisplaySystem.dll	RViewPort_t	load	0x8	4	this:public void __thiscall RViewPort_t::RealizeRenderStates(void) 	1003d1b9	FUN_1003d1b9
DisplaySystem.dll	RViewPort_t	load	0x8	4	this:public void __thiscall RViewPort_t::RealizeRenderStates(void) 	1003d1b9	FUN_1003d1b9
DisplaySystem.dll	RVisual_t	load	0x20	4	this:protected unsigned int __thiscall RVisual_t::CullLights(class RViewPort_t &,float,unsigned int) 	1003f3db	FUN_1003f3db
DisplaySystem.dll	RVisual_t	load	0x24	4	this:protected unsigned int __thiscall RVisual_t::CullLights(class RViewPort_t &,float,unsigned int) 	1003f3db	FUN_1003f3db
DisplaySystem.dll	RVisual_t	load	0x28	4	this:protected unsigned int __thiscall RVisual_t::CullLights(class RViewPort_t &,float,unsigned int) 	1003f3db	FUN_1003f3db
DisplaySystem.dll	RMaterial_t	new_size	0xC0	0	ctor:public __thiscall RMaterial_t::RMaterial_t(char const *,class RTexture_t *,class RGB_t const &,class RGB_t const &,class RGB_t const &,class RGB_t const &,float,float,float,bool,bool) 	100406d3	FUN_100406d3
DisplaySystem.dll	RMaterial_t	new_size	0xC0	0	ctor:public __thiscall RMaterial_t::RMaterial_t(char const *,class RTexture_t *,class RGB_t const &,class RGB_t const &,class RGB_t const &,class RGB_t const &,float,float,float,bool,bool) 	100406d3	FUN_100406d3
DisplaySystem.dll	RMaterial_t	new_size	0xC0	0	ctor:public __thiscall RMaterial_t::RMaterial_t(char const *,class RTexture_t *,class RGB_t const &,class RGB_t const &,class RGB_t const &,class RGB_t const &,float,float,float,bool,bool) 	100406d3	FUN_100406d3
DisplaySystem.dll	RMaterial_t	new_size	0xC0	0	ctor:public __thiscall RMaterial_t::RMaterial_t(char const *,class RTexture_t *,class RGB_t const &,class RGB_t const &,class RGB_t const &,class RGB_t const &,float,float,float,bool,bool) 	100406d3	FUN_100406d3
DisplaySystem.dll	RMaterial_t	new_size	0xC0	0	ctor:public __thiscall RMaterial_t::RMaterial_t(char const *,class RTexture_t *,class RGB_t const &,class RGB_t const &,class RGB_t const &,class RGB_t const &,float,float,float,bool,bool) 	100406d3	FUN_100406d3
DisplaySystem.dll	RMaterial_t	store	0x60	4	this:public __thiscall RMaterial_t::RMaterial_t(char const *,class RTexture_t *,class RGB_t const &,class RGB_t const &,class RGB_t const &,class RGB_t const &,float,float,float,bool,bool) 	100406d3	FUN_100406d3
DisplaySystem.dll	RMaterial_t	store	0x6C	1	this:public __thiscall RMaterial_t::RMaterial_t(char const *,class RTexture_t *,class RGB_t const &,class RGB_t const &,class RGB_t const &,class RGB_t const &,float,float,float,bool,bool) 	100406d3	FUN_100406d3
DisplaySystem.dll	RMaterial_t	store	0x64	4	this:public __thiscall RMaterial_t::RMaterial_t(char const *,class RTexture_t *,class RGB_t const &,class RGB_t const &,class RGB_t const &,class RGB_t const &,float,float,float,bool,bool) 	100406d3	FUN_100406d3
DisplaySystem.dll	RMaterial_t	store	0x6C	1	this:public __thiscall RMaterial_t::RMaterial_t(char const *,class RTexture_t *,class RGB_t const &,class RGB_t const &,class RGB_t const &,class RGB_t const &,float,float,float,bool,bool) 	100406d3	FUN_100406d3
DisplaySystem.dll	RMaterial_t	store	0x38	4	this:public __thiscall RMaterial_t::RMaterial_t(char const *,class RTexture_t *,class RGB_t const &,class RGB_t const &,class RGB_t const &,class RGB_t const &,float,float,float,bool,bool) 	100406d3	FUN_100406d3
DisplaySystem.dll	RMaterial_t	store	0x3C	4	this:public __thiscall RMaterial_t::RMaterial_t(char const *,class RTexture_t *,class RGB_t const &,class RGB_t const &,class RGB_t const &,class RGB_t const &,float,float,float,bool,bool) 	100406d3	FUN_100406d3
DisplaySystem.dll	RMaterial_t	store	0x40	4	this:public __thiscall RMaterial_t::RMaterial_t(char const *,class RTexture_t *,class RGB_t const &,class RGB_t const &,class RGB_t const &,class RGB_t const &,float,float,float,bool,bool) 	100406d3	FUN_100406d3
DisplaySystem.dll	RVisual_t	load	0xE4	4	this:protected void __thiscall RVisual_t::AddToRenderList(enum RenderList_e,int) 	10040d3d	FUN_10040d3d
DisplaySystem.dll	RVisual_t	load	0x2D4	4	this:protected void __thiscall RVisual_t::AddToRenderList(enum RenderList_e,int) 	10040d3d	FUN_10040d3d
DisplaySystem.dll	VertexBuffer_c	new_size	0x4	0	ctor:public __thiscall VertexBuffer_c::VertexBuffer_c(unsigned int,unsigned int,unsigned int,unsigned int) 	10041467	FUN_10041467
DisplaySystem.dll	RViewPort_t	load	0x8	4	this:public void __thiscall RViewPort_t::RealizeRenderStates(void) 	1004167a	FUN_1004167a
DisplaySystem.dll	RRefFrame_t	load	0x180	4	this:public class TMatrix4_t const & __thiscall RRefFrame_t::GetWorldMatrix(void) const 	10042ac1	FUN_10042ac1
DisplaySystem.dll	RRefFrame_t	addr_passed	0x1CC	0	this:public class TMatrix4_t const & __thiscall RRefFrame_t::GetWorldMatrix(void) const 	10042ac1	FUN_10042ac1
DisplaySystem.dll	RRefFrame_t	load	0x17C	4	this:public class TMatrix4_t const & __thiscall RRefFrame_t::GetWorldMatrix(void) const 	10042ac1	FUN_10042ac1
DisplaySystem.dll	RRefFrame_t	addr_passed	0x1CC	0	this:public class TMatrix4_t const & __thiscall RRefFrame_t::GetWorldMatrix(void) const 	10042ac1	FUN_10042ac1
DisplaySystem.dll	RRefFrame_t	load	0x1A8	4	this:public class TMatrix4_t const & __thiscall RRefFrame_t::GetWorldMatrix(void) const 	10042ac1	FUN_10042ac1
DisplaySystem.dll	RRefFrame_t	load	0x1A4	4	this:public class TMatrix4_t const & __thiscall RRefFrame_t::GetWorldMatrix(void) const 	10042ac1	FUN_10042ac1
DisplaySystem.dll	RRefFrame_t	load	0x180	4	this:public class TMatrix4_t const & __thiscall RRefFrame_t::GetWorldMatrix(void) const 	10042ac1	FUN_10042ac1
DisplaySystem.dll	RRefFrame_t	load	0x184	4	this:public class TMatrix4_t const & __thiscall RRefFrame_t::GetWorldMatrix(void) const 	10042ac1	FUN_10042ac1
DisplaySystem.dll	RRefFrame_t	addr_passed	0x1CC	0	this:public class TMatrix4_t const & __thiscall RRefFrame_t::GetWorldMatrix(void) const 	10042ac1	FUN_10042ac1
DisplaySystem.dll	RVisual_t	load	0x2E0	4	this:public void __thiscall RVisual_t::SetRenderPriority(enum RenderList_e) 	1004412e	FUN_1004412e
DisplaySystem.dll	RVisual_t	load	0x2E0	4	this:public void __thiscall RVisual_t::SetRenderPriority(enum RenderList_e) 	1004412e	FUN_1004412e
DisplaySystem.dll	RVisual_t	store	0x2F4	4	this:public void __thiscall RVisual_t::SetRenderPriority(enum RenderList_e) 	1004412e	FUN_1004412e
DisplaySystem.dll	RVisual_t	load	0x2E0	4	this:public void __thiscall RVisual_t::SetRenderPriority(enum RenderList_e) 	1004412e	FUN_1004412e
DisplaySystem.dll	RVisual_t	store	0x2F8	4	this:public void __thiscall RVisual_t::SetRenderPriority(enum RenderList_e) 	1004412e	FUN_1004412e
DisplaySystem.dll	RVisual_t	load	0x2E0	4	this:public void __thiscall RVisual_t::SetRenderPriority(enum RenderList_e) 	1004412e	FUN_1004412e
DisplaySystem.dll	RVisual_t	store	0x2FC	4	this:public void __thiscall RVisual_t::SetRenderPriority(enum RenderList_e) 	1004412e	FUN_1004412e
DisplaySystem.dll	RVisual_t	load	0x2E0	4	this:public void __thiscall RVisual_t::SetRenderPriority(enum RenderList_e) 	1004412e	FUN_1004412e
DisplaySystem.dll	RVisual_t	store	0x300	4	this:public void __thiscall RVisual_t::SetRenderPriority(enum RenderList_e) 	1004412e	FUN_1004412e
DisplaySystem.dll	RVisual_t	load	0x2E0	4	this:public void __thiscall RVisual_t::SetRenderPriority(enum RenderList_e) 	1004412e	FUN_1004412e
DisplaySystem.dll	RVisual_t	store	0x304	4	this:public void __thiscall RVisual_t::SetRenderPriority(enum RenderList_e) 	1004412e	FUN_1004412e
DisplaySystem.dll	RVisual_t	load	0x2E0	4	this:public void __thiscall RVisual_t::SetRenderPriority(enum RenderList_e) 	1004412e	FUN_1004412e
DisplaySystem.dll	RVisual_t	store	0x308	4	this:public void __thiscall RVisual_t::SetRenderPriority(enum RenderList_e) 	1004412e	FUN_1004412e
DisplaySystem.dll	RVisual_t	load	0x2E0	4	this:public void __thiscall RVisual_t::SetRenderPriority(enum RenderList_e) 	1004412e	FUN_1004412e
DisplaySystem.dll	RVisual_t	store	0x30C	4	this:public void __thiscall RVisual_t::SetRenderPriority(enum RenderList_e) 	1004412e	FUN_1004412e
DisplaySystem.dll	RVisual_t	load	0x2E0	4	this:public void __thiscall RVisual_t::SetRenderPriority(enum RenderList_e) 	1004412e	FUN_1004412e
DisplaySystem.dll	RVisual_t	store	0x310	4	this:public void __thiscall RVisual_t::SetRenderPriority(enum RenderList_e) 	1004412e	FUN_1004412e
DisplaySystem.dll	RVisual_t	load	0x2E0	4	this:public void __thiscall RVisual_t::SetRenderPriority(enum RenderList_e) 	1004412e	FUN_1004412e
DisplaySystem.dll	RVisual_t	store	0x314	4	this:public void __thiscall RVisual_t::SetRenderPriority(enum RenderList_e) 	1004412e	FUN_1004412e
DisplaySystem.dll	RVisual_t	load	0x2E0	4	this:public void __thiscall RVisual_t::SetRenderPriority(enum RenderList_e) 	1004412e	FUN_1004412e
DisplaySystem.dll	RVisual_t	store	0x318	4	this:public void __thiscall RVisual_t::SetRenderPriority(enum RenderList_e) 	1004412e	FUN_1004412e
DisplaySystem.dll	RVisual_t	load	0x2E0	4	this:public void __thiscall RVisual_t::SetRenderPriority(enum RenderList_e) 	1004412e	FUN_1004412e
DisplaySystem.dll	RVisual_t	store	0x31C	4	this:public void __thiscall RVisual_t::SetRenderPriority(enum RenderList_e) 	1004412e	FUN_1004412e
DisplaySystem.dll	RVisual_t	load	0x2E0	4	this:public void __thiscall RVisual_t::SetRenderPriority(enum RenderList_e) 	1004412e	FUN_1004412e
DisplaySystem.dll	RVisual_t	store	0x334	4	this:public void __thiscall RVisual_t::SetRenderPriority(enum RenderList_e) 	1004412e	FUN_1004412e
DisplaySystem.dll	RVisual_t	load	0x2E0	4	this:public void __thiscall RVisual_t::SetRenderPriority(enum RenderList_e) 	1004412e	FUN_1004412e
DisplaySystem.dll	RVisual_t	store	0x338	4	this:public void __thiscall RVisual_t::SetRenderPriority(enum RenderList_e) 	1004412e	FUN_1004412e
DisplaySystem.dll	RVisual_t	load	0x2E0	4	this:public void __thiscall RVisual_t::SetRenderPriority(enum RenderList_e) 	1004412e	FUN_1004412e
DisplaySystem.dll	RVisual_t	store	0x33C	4	this:public void __thiscall RVisual_t::SetRenderPriority(enum RenderList_e) 	1004412e	FUN_1004412e
DisplaySystem.dll	RVisual_t	load	0x2E0	4	this:public void __thiscall RVisual_t::SetRenderPriority(enum RenderList_e) 	1004412e	FUN_1004412e
DisplaySystem.dll	RVisual_t	store	0x330	4	this:public void __thiscall RVisual_t::SetRenderPriority(enum RenderList_e) 	1004412e	FUN_1004412e
DisplaySystem.dll	RVisual_t	load	0x2E0	4	this:public void __thiscall RVisual_t::SetRenderPriority(enum RenderList_e) 	1004412e	FUN_1004412e
DisplaySystem.dll	RVisual_t	store	0x340	4	this:public void __thiscall RVisual_t::SetRenderPriority(enum RenderList_e) 	1004412e	FUN_1004412e
DisplaySystem.dll	RVisual_t	load	0x2E0	4	this:public void __thiscall RVisual_t::SetRenderPriority(enum RenderList_e) 	1004412e	FUN_1004412e
DisplaySystem.dll	RVisual_t	store	0x344	4	this:public void __thiscall RVisual_t::SetRenderPriority(enum RenderList_e) 	1004412e	FUN_1004412e
DisplaySystem.dll	RVisual_t	load	0x2E0	4	this:public void __thiscall RVisual_t::SetRenderPriority(enum RenderList_e) 	1004412e	FUN_1004412e
DisplaySystem.dll	RVisual_t	store	0x348	4	this:public void __thiscall RVisual_t::SetRenderPriority(enum RenderList_e) 	1004412e	FUN_1004412e
DisplaySystem.dll	RVisual_t	load	0x2E0	4	this:public void __thiscall RVisual_t::SetRenderPriority(enum RenderList_e) 	1004412e	FUN_1004412e
DisplaySystem.dll	RVisual_t	store	0x34C	4	this:public void __thiscall RVisual_t::SetRenderPriority(enum RenderList_e) 	1004412e	FUN_1004412e
DisplaySystem.dll	RVisual_t	load	0x2E0	4	this:public void __thiscall RVisual_t::SetRenderPriority(enum RenderList_e) 	1004412e	FUN_1004412e
DisplaySystem.dll	RVisual_t	store	0x350	4	this:public void __thiscall RVisual_t::SetRenderPriority(enum RenderList_e) 	1004412e	FUN_1004412e
DisplaySystem.dll	RVisual_t	load	0x2E0	4	this:public void __thiscall RVisual_t::SetRenderPriority(enum RenderList_e) 	1004412e	FUN_1004412e
DisplaySystem.dll	RVisual_t	store	0x354	4	this:public void __thiscall RVisual_t::SetRenderPriority(enum RenderList_e) 	1004412e	FUN_1004412e
DisplaySystem.dll	RVisual_t	load	0x2E0	4	this:public void __thiscall RVisual_t::SetRenderPriority(enum RenderList_e) 	1004412e	FUN_1004412e
DisplaySystem.dll	RVisual_t	store	0x358	4	this:public void __thiscall RVisual_t::SetRenderPriority(enum RenderList_e) 	1004412e	FUN_1004412e
DisplaySystem.dll	RVisual_t	load	0x2E0	4	this:public void __thiscall RVisual_t::SetRenderPriority(enum RenderList_e) 	1004412e	FUN_1004412e
DisplaySystem.dll	RVisual_t	store	0x35C	4	this:public void __thiscall RVisual_t::SetRenderPriority(enum RenderList_e) 	1004412e	FUN_1004412e
DisplaySystem.dll	RVisual_t	load	0x2E0	4	this:public void __thiscall RVisual_t::SetRenderPriority(enum RenderList_e) 	1004412e	FUN_1004412e
DisplaySystem.dll	RVisual_t	store	0x360	4	this:public void __thiscall RVisual_t::SetRenderPriority(enum RenderList_e) 	1004412e	FUN_1004412e
DisplaySystem.dll	RVisual_t	load	0x2E0	4	this:public void __thiscall RVisual_t::SetRenderPriority(enum RenderList_e) 	1004412e	FUN_1004412e
DisplaySystem.dll	RVisual_t	store	0x364	4	this:public void __thiscall RVisual_t::SetRenderPriority(enum RenderList_e) 	1004412e	FUN_1004412e
DisplaySystem.dll	RVisual_t	load	0x2E0	4	this:public void __thiscall RVisual_t::SetRenderPriority(enum RenderList_e) 	1004412e	FUN_1004412e
DisplaySystem.dll	RVisual_t	store	0x368	4	this:public void __thiscall RVisual_t::SetRenderPriority(enum RenderList_e) 	1004412e	FUN_1004412e
DisplaySystem.dll	RVisual_t	load	0x2E0	4	this:public void __thiscall RVisual_t::SetRenderPriority(enum RenderList_e) 	1004412e	FUN_1004412e
DisplaySystem.dll	RVisual_t	store	0x36C	4	this:public void __thiscall RVisual_t::SetRenderPriority(enum RenderList_e) 	1004412e	FUN_1004412e
DisplaySystem.dll	RVisual_t	load	0x2E0	4	this:public void __thiscall RVisual_t::SetRenderPriority(enum RenderList_e) 	1004412e	FUN_1004412e
DisplaySystem.dll	RVisual_t	store	0x370	4	this:public void __thiscall RVisual_t::SetRenderPriority(enum RenderList_e) 	1004412e	FUN_1004412e
DisplaySystem.dll	RVisual_t	load	0x2E0	4	this:public void __thiscall RVisual_t::SetRenderPriority(enum RenderList_e) 	1004412e	FUN_1004412e
DisplaySystem.dll	RVisual_t	store	0x374	4	this:public void __thiscall RVisual_t::SetRenderPriority(enum RenderList_e) 	1004412e	FUN_1004412e
DisplaySystem.dll	RVisual_t	load	0x2E0	4	this:public void __thiscall RVisual_t::SetRenderPriority(enum RenderList_e) 	1004412e	FUN_1004412e
DisplaySystem.dll	RVisual_t	store	0x378	4	this:public void __thiscall RVisual_t::SetRenderPriority(enum RenderList_e) 	1004412e	FUN_1004412e
DisplaySystem.dll	RVisual_t	load	0x2E0	4	this:public void __thiscall RVisual_t::SetRenderPriority(enum RenderList_e) 	1004412e	FUN_1004412e
DisplaySystem.dll	RVisual_t	store	0x37C	4	this:public void __thiscall RVisual_t::SetRenderPriority(enum RenderList_e) 	1004412e	FUN_1004412e
DisplaySystem.dll	RVisual_t	load	0x2E0	4	this:public void __thiscall RVisual_t::SetRenderPriority(enum RenderList_e) 	1004412e	FUN_1004412e
DisplaySystem.dll	RVisual_t	store	0x380	4	this:public void __thiscall RVisual_t::SetRenderPriority(enum RenderList_e) 	1004412e	FUN_1004412e
DisplaySystem.dll	RVisual_t	load	0x2E0	4	this:public void __thiscall RVisual_t::SetRenderPriority(enum RenderList_e) 	1004412e	FUN_1004412e
DisplaySystem.dll	RVisual_t	store	0x384	4	this:public void __thiscall RVisual_t::SetRenderPriority(enum RenderList_e) 	1004412e	FUN_1004412e
DisplaySystem.dll	RVisual_t	load	0x2E0	4	this:public void __thiscall RVisual_t::SetRenderPriority(enum RenderList_e) 	1004412e	FUN_1004412e
DisplaySystem.dll	RVisual_t	store	0x388	4	this:public void __thiscall RVisual_t::SetRenderPriority(enum RenderList_e) 	1004412e	FUN_1004412e
DisplaySystem.dll	RVisual_t	load	0x2E0	4	this:public void __thiscall RVisual_t::SetRenderPriority(enum RenderList_e) 	1004412e	FUN_1004412e
DisplaySystem.dll	RVisual_t	store	0x38C	4	this:public void __thiscall RVisual_t::SetRenderPriority(enum RenderList_e) 	1004412e	FUN_1004412e
DisplaySystem.dll	RVisual_t	load	0x2E0	4	this:public void __thiscall RVisual_t::SetRenderPriority(enum RenderList_e) 	1004412e	FUN_1004412e
DisplaySystem.dll	RVisual_t	store	0x390	4	this:public void __thiscall RVisual_t::SetRenderPriority(enum RenderList_e) 	1004412e	FUN_1004412e
DisplaySystem.dll	RVisual_t	load	0x2E0	4	this:public void __thiscall RVisual_t::SetRenderPriority(enum RenderList_e) 	1004412e	FUN_1004412e
DisplaySystem.dll	RVisual_t	store	0x394	4	this:public void __thiscall RVisual_t::SetRenderPriority(enum RenderList_e) 	1004412e	FUN_1004412e
DisplaySystem.dll	RVisual_t	load	0x2E0	4	this:public void __thiscall RVisual_t::SetRenderPriority(enum RenderList_e) 	1004412e	FUN_1004412e
DisplaySystem.dll	RVisual_t	store	0x398	4	this:public void __thiscall RVisual_t::SetRenderPriority(enum RenderList_e) 	1004412e	FUN_1004412e
DisplaySystem.dll	RVisual_t	load	0x2E0	4	this:public void __thiscall RVisual_t::SetRenderPriority(enum RenderList_e) 	1004412e	FUN_1004412e
DisplaySystem.dll	RVisual_t	store	0x39C	4	this:public void __thiscall RVisual_t::SetRenderPriority(enum RenderList_e) 	1004412e	FUN_1004412e
DisplaySystem.dll	RVisual_t	load	0x2E0	4	this:public void __thiscall RVisual_t::SetRenderPriority(enum RenderList_e) 	1004412e	FUN_1004412e
DisplaySystem.dll	RVisual_t	store	0x3A0	4	this:public void __thiscall RVisual_t::SetRenderPriority(enum RenderList_e) 	1004412e	FUN_1004412e
DisplaySystem.dll	RVisual_t	load	0x2E0	4	this:public void __thiscall RVisual_t::SetRenderPriority(enum RenderList_e) 	1004412e	FUN_1004412e
DisplaySystem.dll	RVisual_t	store	0x3A4	4	this:public void __thiscall RVisual_t::SetRenderPriority(enum RenderList_e) 	1004412e	FUN_1004412e
DisplaySystem.dll	RVisual_t	load	0x2E0	4	this:public void __thiscall RVisual_t::SetRenderPriority(enum RenderList_e) 	1004412e	FUN_1004412e
DisplaySystem.dll	RVisual_t	store	0x3A8	4	this:public void __thiscall RVisual_t::SetRenderPriority(enum RenderList_e) 	1004412e	FUN_1004412e
DisplaySystem.dll	RVisual_t	load	0x2E0	4	this:public void __thiscall RVisual_t::SetRenderPriority(enum RenderList_e) 	1004412e	FUN_1004412e
DisplaySystem.dll	RVisual_t	store	0x3AC	4	this:public void __thiscall RVisual_t::SetRenderPriority(enum RenderList_e) 	1004412e	FUN_1004412e
DisplaySystem.dll	RVisual_t	load	0x2E0	4	this:public void __thiscall RVisual_t::SetRenderPriority(enum RenderList_e) 	1004412e	FUN_1004412e
DisplaySystem.dll	RVisual_t	store	0x3B0	4	this:public void __thiscall RVisual_t::SetRenderPriority(enum RenderList_e) 	1004412e	FUN_1004412e
DisplaySystem.dll	RVisual_t	load	0x2E0	4	this:public void __thiscall RVisual_t::SetRenderPriority(enum RenderList_e) 	1004412e	FUN_1004412e
DisplaySystem.dll	RVisual_t	store	0x3B4	4	this:public void __thiscall RVisual_t::SetRenderPriority(enum RenderList_e) 	1004412e	FUN_1004412e
DisplaySystem.dll	RVisual_t	load	0x2E0	4	this:public void __thiscall RVisual_t::SetRenderPriority(enum RenderList_e) 	1004412e	FUN_1004412e
DisplaySystem.dll	RVisual_t	store	0x3B8	4	this:public void __thiscall RVisual_t::SetRenderPriority(enum RenderList_e) 	1004412e	FUN_1004412e
DisplaySystem.dll	RVisual_t	load	0x2E0	4	this:public void __thiscall RVisual_t::SetRenderPriority(enum RenderList_e) 	1004412e	FUN_1004412e
DisplaySystem.dll	RVisual_t	store	0x3BC	4	this:public void __thiscall RVisual_t::SetRenderPriority(enum RenderList_e) 	1004412e	FUN_1004412e
DisplaySystem.dll	RVisual_t	load	0x2E0	4	this:public void __thiscall RVisual_t::SetRenderPriority(enum RenderList_e) 	1004412e	FUN_1004412e
DisplaySystem.dll	RVisual_t	store	0x3C0	4	this:public void __thiscall RVisual_t::SetRenderPriority(enum RenderList_e) 	1004412e	FUN_1004412e
DisplaySystem.dll	RVisual_t	load	0x2E0	4	this:public void __thiscall RVisual_t::SetRenderPriority(enum RenderList_e) 	1004412e	FUN_1004412e
DisplaySystem.dll	RVisual_t	store	0x3C4	4	this:public void __thiscall RVisual_t::SetRenderPriority(enum RenderList_e) 	1004412e	FUN_1004412e
DisplaySystem.dll	RVisual_t	load	0x2E0	4	this:public void __thiscall RVisual_t::SetRenderPriority(enum RenderList_e) 	1004412e	FUN_1004412e
DisplaySystem.dll	RVisual_t	store	0x3C8	4	this:public void __thiscall RVisual_t::SetRenderPriority(enum RenderList_e) 	1004412e	FUN_1004412e
DisplaySystem.dll	RVisual_t	load	0x2E0	4	this:public void __thiscall RVisual_t::SetRenderPriority(enum RenderList_e) 	1004412e	FUN_1004412e
DisplaySystem.dll	RVisual_t	store	0x3CC	4	this:public void __thiscall RVisual_t::SetRenderPriority(enum RenderList_e) 	1004412e	FUN_1004412e
DisplaySystem.dll	RVisual_t	load	0x2E0	4	this:public void __thiscall RVisual_t::SetRenderPriority(enum RenderList_e) 	1004412e	FUN_1004412e
DisplaySystem.dll	RVisual_t	store	0x3D0	4	this:public void __thiscall RVisual_t::SetRenderPriority(enum RenderList_e) 	1004412e	FUN_1004412e
DisplaySystem.dll	RVisual_t	load	0x2E0	4	this:public void __thiscall RVisual_t::SetRenderPriority(enum RenderList_e) 	1004412e	FUN_1004412e
DisplaySystem.dll	RVisual_t	store	0x3D4	4	this:public void __thiscall RVisual_t::SetRenderPriority(enum RenderList_e) 	1004412e	FUN_1004412e
DisplaySystem.dll	RVisual_t	load	0x2E0	4	this:public void __thiscall RVisual_t::SetRenderPriority(enum RenderList_e) 	1004412e	FUN_1004412e
DisplaySystem.dll	RVisual_t	store	0x3D8	4	this:public void __thiscall RVisual_t::SetRenderPriority(enum RenderList_e) 	1004412e	FUN_1004412e
DisplaySystem.dll	RVisual_t	load	0x2E0	4	this:public void __thiscall RVisual_t::SetRenderPriority(enum RenderList_e) 	1004412e	FUN_1004412e
DisplaySystem.dll	RVisual_t	store	0x3DC	4	this:public void __thiscall RVisual_t::SetRenderPriority(enum RenderList_e) 	1004412e	FUN_1004412e
DisplaySystem.dll	RVisual_t	load	0x2E0	4	this:public void __thiscall RVisual_t::SetRenderPriority(enum RenderList_e) 	1004412e	FUN_1004412e
DisplaySystem.dll	RVisual_t	store	0x3E0	4	this:public void __thiscall RVisual_t::SetRenderPriority(enum RenderList_e) 	1004412e	FUN_1004412e
DisplaySystem.dll	RVisual_t	load	0x2E0	4	this:public void __thiscall RVisual_t::SetRenderPriority(enum RenderList_e) 	1004412e	FUN_1004412e
DisplaySystem.dll	RVisual_t	store	0x3E4	4	this:public void __thiscall RVisual_t::SetRenderPriority(enum RenderList_e) 	1004412e	FUN_1004412e
DisplaySystem.dll	RVisual_t	load	0x2E0	4	this:public void __thiscall RVisual_t::SetRenderPriority(enum RenderList_e) 	1004412e	FUN_1004412e
DisplaySystem.dll	RVisual_t	store	0x3E8	4	this:public void __thiscall RVisual_t::SetRenderPriority(enum RenderList_e) 	1004412e	FUN_1004412e
DisplaySystem.dll	RVisual_t	load	0x2E0	4	this:public void __thiscall RVisual_t::SetRenderPriority(enum RenderList_e) 	1004412e	FUN_1004412e
DisplaySystem.dll	RVisual_t	store	0x3EC	4	this:public void __thiscall RVisual_t::SetRenderPriority(enum RenderList_e) 	1004412e	FUN_1004412e
DisplaySystem.dll	RVisual_t	load	0x2E0	4	this:public void __thiscall RVisual_t::SetRenderPriority(enum RenderList_e) 	1004412e	FUN_1004412e
DisplaySystem.dll	RVisual_t	store	0x3F0	4	this:public void __thiscall RVisual_t::SetRenderPriority(enum RenderList_e) 	1004412e	FUN_1004412e
DisplaySystem.dll	RVisual_t	load	0x2E0	4	this:public void __thiscall RVisual_t::SetRenderPriority(enum RenderList_e) 	1004412e	FUN_1004412e
DisplaySystem.dll	RVisual_t	store	0x3F4	4	this:public void __thiscall RVisual_t::SetRenderPriority(enum RenderList_e) 	1004412e	FUN_1004412e
DisplaySystem.dll	RVisual_t	load	0x2E0	4	this:public void __thiscall RVisual_t::SetRenderPriority(enum RenderList_e) 	1004412e	FUN_1004412e
DisplaySystem.dll	RVisual_t	store	0x3F8	4	this:public void __thiscall RVisual_t::SetRenderPriority(enum RenderList_e) 	1004412e	FUN_1004412e
DisplaySystem.dll	RVisual_t	load	0x2E0	4	this:public void __thiscall RVisual_t::SetRenderPriority(enum RenderList_e) 	1004412e	FUN_1004412e
DisplaySystem.dll	RVisual_t	store	0x3FC	4	this:public void __thiscall RVisual_t::SetRenderPriority(enum RenderList_e) 	1004412e	FUN_1004412e
DisplaySystem.dll	RVisual_t	load	0x2E0	4	this:public void __thiscall RVisual_t::SetRenderPriority(enum RenderList_e) 	1004412e	FUN_1004412e
DisplaySystem.dll	RVisual_t	store	0x400	4	this:public void __thiscall RVisual_t::SetRenderPriority(enum RenderList_e) 	1004412e	FUN_1004412e
DisplaySystem.dll	RVisual_t	load	0x2E0	4	this:public void __thiscall RVisual_t::SetRenderPriority(enum RenderList_e) 	1004412e	FUN_1004412e
DisplaySystem.dll	RVisual_t	store	0x404	4	this:public void __thiscall RVisual_t::SetRenderPriority(enum RenderList_e) 	1004412e	FUN_1004412e
DisplaySystem.dll	RVisual_t	load	0x2E0	4	this:public void __thiscall RVisual_t::SetRenderPriority(enum RenderList_e) 	1004412e	FUN_1004412e
DisplaySystem.dll	RVisual_t	store	0x408	4	this:public void __thiscall RVisual_t::SetRenderPriority(enum RenderList_e) 	1004412e	FUN_1004412e
DisplaySystem.dll	RVisual_t	load	0x2E0	4	this:public void __thiscall RVisual_t::SetRenderPriority(enum RenderList_e) 	1004412e	FUN_1004412e
DisplaySystem.dll	RVisual_t	store	0x40C	4	this:public void __thiscall RVisual_t::SetRenderPriority(enum RenderList_e) 	1004412e	FUN_1004412e
DisplaySystem.dll	RVisual_t	load	0x2E0	4	this:public void __thiscall RVisual_t::SetRenderPriority(enum RenderList_e) 	1004412e	FUN_1004412e
DisplaySystem.dll	RVisual_t	store	0x410	4	this:public void __thiscall RVisual_t::SetRenderPriority(enum RenderList_e) 	1004412e	FUN_1004412e
DisplaySystem.dll	RVisual_t	load	0x2E0	4	this:public void __thiscall RVisual_t::SetRenderPriority(enum RenderList_e) 	1004412e	FUN_1004412e
DisplaySystem.dll	RVisual_t	store	0x414	4	this:public void __thiscall RVisual_t::SetRenderPriority(enum RenderList_e) 	1004412e	FUN_1004412e
DisplaySystem.dll	RVisual_t	load	0x2E0	4	this:public void __thiscall RVisual_t::SetRenderPriority(enum RenderList_e) 	1004412e	FUN_1004412e
DisplaySystem.dll	RVisual_t	store	0x418	4	this:public void __thiscall RVisual_t::SetRenderPriority(enum RenderList_e) 	1004412e	FUN_1004412e
DisplaySystem.dll	RVisual_t	load	0x2E0	4	this:public void __thiscall RVisual_t::SetRenderPriority(enum RenderList_e) 	1004412e	FUN_1004412e
DisplaySystem.dll	RVisual_t	store	0x41C	4	this:public void __thiscall RVisual_t::SetRenderPriority(enum RenderList_e) 	1004412e	FUN_1004412e
DisplaySystem.dll	RVisual_t	load	0x2E0	4	this:public void __thiscall RVisual_t::SetRenderPriority(enum RenderList_e) 	1004412e	FUN_1004412e
DisplaySystem.dll	RVisual_t	store	0x420	4	this:public void __thiscall RVisual_t::SetRenderPriority(enum RenderList_e) 	1004412e	FUN_1004412e
DisplaySystem.dll	RVisual_t	load	0x2E0	4	this:public void __thiscall RVisual_t::SetRenderPriority(enum RenderList_e) 	1004412e	FUN_1004412e
DisplaySystem.dll	RVisual_t	store	0x424	4	this:public void __thiscall RVisual_t::SetRenderPriority(enum RenderList_e) 	1004412e	FUN_1004412e
DisplaySystem.dll	RVisual_t	load	0x2E0	4	this:public void __thiscall RVisual_t::SetRenderPriority(enum RenderList_e) 	1004412e	FUN_1004412e
DisplaySystem.dll	RVisual_t	store	0x428	4	this:public void __thiscall RVisual_t::SetRenderPriority(enum RenderList_e) 	1004412e	FUN_1004412e
DisplaySystem.dll	RVisual_t	load	0x2E0	4	this:public void __thiscall RVisual_t::SetRenderPriority(enum RenderList_e) 	1004412e	FUN_1004412e
DisplaySystem.dll	RVisual_t	store	0x42C	4	this:public void __thiscall RVisual_t::SetRenderPriority(enum RenderList_e) 	1004412e	FUN_1004412e
DisplaySystem.dll	RVisual_t	load	0x2E0	4	this:public void __thiscall RVisual_t::SetRenderPriority(enum RenderList_e) 	1004412e	FUN_1004412e
DisplaySystem.dll	RVisual_t	store	0x430	4	this:public void __thiscall RVisual_t::SetRenderPriority(enum RenderList_e) 	1004412e	FUN_1004412e
DisplaySystem.dll	RVisual_t	load	0x2E0	4	this:public void __thiscall RVisual_t::SetRenderPriority(enum RenderList_e) 	1004412e	FUN_1004412e
DisplaySystem.dll	RVisual_t	store	0x434	4	this:public void __thiscall RVisual_t::SetRenderPriority(enum RenderList_e) 	1004412e	FUN_1004412e
DisplaySystem.dll	RVisual_t	load	0x2E0	4	this:public void __thiscall RVisual_t::SetRenderPriority(enum RenderList_e) 	1004412e	FUN_1004412e
DisplaySystem.dll	RVisual_t	store	0x438	4	this:public void __thiscall RVisual_t::SetRenderPriority(enum RenderList_e) 	1004412e	FUN_1004412e
DisplaySystem.dll	RVisual_t	load	0x2E0	4	this:public void __thiscall RVisual_t::SetRenderPriority(enum RenderList_e) 	1004412e	FUN_1004412e
DisplaySystem.dll	RVisual_t	store	0x43C	4	this:public void __thiscall RVisual_t::SetRenderPriority(enum RenderList_e) 	1004412e	FUN_1004412e
DisplaySystem.dll	RVisual_t	load	0x2E0	4	this:public void __thiscall RVisual_t::SetRenderPriority(enum RenderList_e) 	1004412e	FUN_1004412e
DisplaySystem.dll	RVisual_t	store	0x440	4	this:public void __thiscall RVisual_t::SetRenderPriority(enum RenderList_e) 	1004412e	FUN_1004412e
DisplaySystem.dll	RVisual_t	load	0x2E0	4	this:public void __thiscall RVisual_t::SetRenderPriority(enum RenderList_e) 	1004412e	FUN_1004412e
DisplaySystem.dll	RVisual_t	store	0x444	4	this:public void __thiscall RVisual_t::SetRenderPriority(enum RenderList_e) 	1004412e	FUN_1004412e
DisplaySystem.dll	RVisual_t	load	0x2E0	4	this:public void __thiscall RVisual_t::SetRenderPriority(enum RenderList_e) 	1004412e	FUN_1004412e
DisplaySystem.dll	RVisual_t	store	0x448	4	this:public void __thiscall RVisual_t::SetRenderPriority(enum RenderList_e) 	1004412e	FUN_1004412e
DisplaySystem.dll	RVisual_t	load	0x2E0	4	this:public void __thiscall RVisual_t::SetRenderPriority(enum RenderList_e) 	1004412e	FUN_1004412e
DisplaySystem.dll	RVisual_t	store	0x44C	4	this:public void __thiscall RVisual_t::SetRenderPriority(enum RenderList_e) 	1004412e	FUN_1004412e
DisplaySystem.dll	RVisual_t	load	0x2E0	4	this:public void __thiscall RVisual_t::SetRenderPriority(enum RenderList_e) 	1004412e	FUN_1004412e
DisplaySystem.dll	RVisual_t	store	0x450	4	this:public void __thiscall RVisual_t::SetRenderPriority(enum RenderList_e) 	1004412e	FUN_1004412e
DisplaySystem.dll	RVisual_t	load	0x2E0	4	this:public void __thiscall RVisual_t::SetRenderPriority(enum RenderList_e) 	1004412e	FUN_1004412e
DisplaySystem.dll	RVisual_t	store	0x454	4	this:public void __thiscall RVisual_t::SetRenderPriority(enum RenderList_e) 	1004412e	FUN_1004412e
DisplaySystem.dll	RVisual_t	load	0x2E0	4	this:public void __thiscall RVisual_t::SetRenderPriority(enum RenderList_e) 	1004412e	FUN_1004412e
DisplaySystem.dll	RVisual_t	store	0x458	4	this:public void __thiscall RVisual_t::SetRenderPriority(enum RenderList_e) 	1004412e	FUN_1004412e
DisplaySystem.dll	RVisual_t	load	0x2E0	4	this:public void __thiscall RVisual_t::SetRenderPriority(enum RenderList_e) 	1004412e	FUN_1004412e
DisplaySystem.dll	RVisual_t	store	0x45C	4	this:public void __thiscall RVisual_t::SetRenderPriority(enum RenderList_e) 	1004412e	FUN_1004412e
DisplaySystem.dll	RVisual_t	load	0x2E0	4	this:public void __thiscall RVisual_t::SetRenderPriority(enum RenderList_e) 	1004412e	FUN_1004412e
DisplaySystem.dll	RVisual_t	store	0x460	4	this:public void __thiscall RVisual_t::SetRenderPriority(enum RenderList_e) 	1004412e	FUN_1004412e
DisplaySystem.dll	RVisual_t	load	0x2E0	4	this:public void __thiscall RVisual_t::SetRenderPriority(enum RenderList_e) 	1004412e	FUN_1004412e
DisplaySystem.dll	RVisual_t	store	0x464	4	this:public void __thiscall RVisual_t::SetRenderPriority(enum RenderList_e) 	1004412e	FUN_1004412e
DisplaySystem.dll	RVisual_t	load	0x2E0	4	this:public void __thiscall RVisual_t::SetRenderPriority(enum RenderList_e) 	1004412e	FUN_1004412e
DisplaySystem.dll	RVisual_t	store	0x468	4	this:public void __thiscall RVisual_t::SetRenderPriority(enum RenderList_e) 	1004412e	FUN_1004412e
DisplaySystem.dll	RVisual_t	load	0x2E0	4	this:public void __thiscall RVisual_t::SetRenderPriority(enum RenderList_e) 	1004412e	FUN_1004412e
DisplaySystem.dll	RVisual_t	store	0x46C	4	this:public void __thiscall RVisual_t::SetRenderPriority(enum RenderList_e) 	1004412e	FUN_1004412e
DisplaySystem.dll	RVisual_t	load	0x2E0	4	this:public void __thiscall RVisual_t::SetRenderPriority(enum RenderList_e) 	1004412e	FUN_1004412e
DisplaySystem.dll	RVisual_t	store	0x470	4	this:public void __thiscall RVisual_t::SetRenderPriority(enum RenderList_e) 	1004412e	FUN_1004412e
DisplaySystem.dll	RVisual_t	load	0x2E0	4	this:public void __thiscall RVisual_t::SetRenderPriority(enum RenderList_e) 	1004412e	FUN_1004412e
DisplaySystem.dll	RVisual_t	store	0x474	4	this:public void __thiscall RVisual_t::SetRenderPriority(enum RenderList_e) 	1004412e	FUN_1004412e
DisplaySystem.dll	RVisual_t	load	0x2E0	4	this:public void __thiscall RVisual_t::SetRenderPriority(enum RenderList_e) 	1004412e	FUN_1004412e
DisplaySystem.dll	RVisual_t	store	0x478	4	this:public void __thiscall RVisual_t::SetRenderPriority(enum RenderList_e) 	1004412e	FUN_1004412e
DisplaySystem.dll	RVisual_t	load	0x2E0	4	this:public void __thiscall RVisual_t::SetRenderPriority(enum RenderList_e) 	1004412e	FUN_1004412e
DisplaySystem.dll	RVisual_t	store	0x47C	4	this:public void __thiscall RVisual_t::SetRenderPriority(enum RenderList_e) 	1004412e	FUN_1004412e
DisplaySystem.dll	RVisual_t	load	0x2E0	4	this:public void __thiscall RVisual_t::SetRenderPriority(enum RenderList_e) 	1004412e	FUN_1004412e
DisplaySystem.dll	RVisual_t	store	0x480	4	this:public void __thiscall RVisual_t::SetRenderPriority(enum RenderList_e) 	1004412e	FUN_1004412e
DisplaySystem.dll	RVisual_t	load	0x2E0	4	this:public void __thiscall RVisual_t::SetRenderPriority(enum RenderList_e) 	1004412e	FUN_1004412e
DisplaySystem.dll	RVisual_t	store	0x484	4	this:public void __thiscall RVisual_t::SetRenderPriority(enum RenderList_e) 	1004412e	FUN_1004412e
DisplaySystem.dll	RVisual_t	load	0x2E0	4	this:public void __thiscall RVisual_t::SetRenderPriority(enum RenderList_e) 	1004412e	FUN_1004412e
DisplaySystem.dll	RVisual_t	store	0x488	4	this:public void __thiscall RVisual_t::SetRenderPriority(enum RenderList_e) 	1004412e	FUN_1004412e
DisplaySystem.dll	RVisual_t	load	0x2E0	4	this:public void __thiscall RVisual_t::SetRenderPriority(enum RenderList_e) 	1004412e	FUN_1004412e
DisplaySystem.dll	RVisual_t	store	0x48C	4	this:public void __thiscall RVisual_t::SetRenderPriority(enum RenderList_e) 	1004412e	FUN_1004412e
DisplaySystem.dll	RVisual_t	load	0x2E0	4	this:public void __thiscall RVisual_t::SetRenderPriority(enum RenderList_e) 	1004412e	FUN_1004412e
DisplaySystem.dll	RVisual_t	store	0x490	4	this:public void __thiscall RVisual_t::SetRenderPriority(enum RenderList_e) 	1004412e	FUN_1004412e
DisplaySystem.dll	RVisual_t	load	0x2E0	4	this:public void __thiscall RVisual_t::SetRenderPriority(enum RenderList_e) 	1004412e	FUN_1004412e
DisplaySystem.dll	RVisual_t	store	0x494	4	this:public void __thiscall RVisual_t::SetRenderPriority(enum RenderList_e) 	1004412e	FUN_1004412e
DisplaySystem.dll	RVisual_t	load	0x2E0	4	this:public void __thiscall RVisual_t::SetRenderPriority(enum RenderList_e) 	1004412e	FUN_1004412e
DisplaySystem.dll	RVisual_t	store	0x498	4	this:public void __thiscall RVisual_t::SetRenderPriority(enum RenderList_e) 	1004412e	FUN_1004412e
DisplaySystem.dll	RVisual_t	load	0x2E0	4	this:public void __thiscall RVisual_t::SetRenderPriority(enum RenderList_e) 	1004412e	FUN_1004412e
DisplaySystem.dll	RVisual_t	store	0x49C	4	this:public void __thiscall RVisual_t::SetRenderPriority(enum RenderList_e) 	1004412e	FUN_1004412e
DisplaySystem.dll	RVisual_t	load	0x2E0	4	this:public void __thiscall RVisual_t::SetRenderPriority(enum RenderList_e) 	1004412e	FUN_1004412e
DisplaySystem.dll	RVisual_t	store	0x4A0	4	this:public void __thiscall RVisual_t::SetRenderPriority(enum RenderList_e) 	1004412e	FUN_1004412e
DisplaySystem.dll	RVisual_t	load	0x2E0	4	this:public void __thiscall RVisual_t::SetRenderPriority(enum RenderList_e) 	1004412e	FUN_1004412e
DisplaySystem.dll	RVisual_t	store	0x4A4	4	this:public void __thiscall RVisual_t::SetRenderPriority(enum RenderList_e) 	1004412e	FUN_1004412e
DisplaySystem.dll	RVisual_t	load	0x2E0	4	this:public void __thiscall RVisual_t::SetRenderPriority(enum RenderList_e) 	1004412e	FUN_1004412e
DisplaySystem.dll	RVisual_t	store	0x4A8	4	this:public void __thiscall RVisual_t::SetRenderPriority(enum RenderList_e) 	1004412e	FUN_1004412e
DisplaySystem.dll	RVisual_t	load	0x2E0	4	this:public void __thiscall RVisual_t::SetRenderPriority(enum RenderList_e) 	1004412e	FUN_1004412e
DisplaySystem.dll	RVisual_t	store	0x4AC	4	this:public void __thiscall RVisual_t::SetRenderPriority(enum RenderList_e) 	1004412e	FUN_1004412e
DisplaySystem.dll	RVisual_t	load	0x2E0	4	this:public void __thiscall RVisual_t::SetRenderPriority(enum RenderList_e) 	1004412e	FUN_1004412e
DisplaySystem.dll	RVisual_t	store	0x4B0	4	this:public void __thiscall RVisual_t::SetRenderPriority(enum RenderList_e) 	1004412e	FUN_1004412e
DisplaySystem.dll	RVisual_t	load	0x2E0	4	this:public void __thiscall RVisual_t::SetRenderPriority(enum RenderList_e) 	1004412e	FUN_1004412e
DisplaySystem.dll	RVisual_t	store	0x4B4	4	this:public void __thiscall RVisual_t::SetRenderPriority(enum RenderList_e) 	1004412e	FUN_1004412e
DisplaySystem.dll	RVisual_t	load	0x2E0	4	this:public void __thiscall RVisual_t::SetRenderPriority(enum RenderList_e) 	1004412e	FUN_1004412e
DisplaySystem.dll	RVisual_t	store	0x4B8	4	this:public void __thiscall RVisual_t::SetRenderPriority(enum RenderList_e) 	1004412e	FUN_1004412e
DisplaySystem.dll	RVisual_t	load	0x2E0	4	this:public void __thiscall RVisual_t::SetRenderPriority(enum RenderList_e) 	1004412e	FUN_1004412e
DisplaySystem.dll	RVisual_t	store	0x4BC	4	this:public void __thiscall RVisual_t::SetRenderPriority(enum RenderList_e) 	1004412e	FUN_1004412e
DisplaySystem.dll	RVisual_t	load	0x2E0	4	this:public void __thiscall RVisual_t::SetRenderPriority(enum RenderList_e) 	1004412e	FUN_1004412e
DisplaySystem.dll	RVisual_t	store	0x4C0	4	this:public void __thiscall RVisual_t::SetRenderPriority(enum RenderList_e) 	1004412e	FUN_1004412e
DisplaySystem.dll	RVisual_t	load	0x2E0	4	this:public void __thiscall RVisual_t::SetRenderPriority(enum RenderList_e) 	1004412e	FUN_1004412e
DisplaySystem.dll	RVisual_t	store	0x4C4	4	this:public void __thiscall RVisual_t::SetRenderPriority(enum RenderList_e) 	1004412e	FUN_1004412e
DisplaySystem.dll	RVisual_t	load	0x2E0	4	this:public void __thiscall RVisual_t::SetRenderPriority(enum RenderList_e) 	1004412e	FUN_1004412e
DisplaySystem.dll	RVisual_t	store	0x4C8	4	this:public void __thiscall RVisual_t::SetRenderPriority(enum RenderList_e) 	1004412e	FUN_1004412e
DisplaySystem.dll	RVisual_t	load	0x2E0	4	this:public void __thiscall RVisual_t::SetRenderPriority(enum RenderList_e) 	1004412e	FUN_1004412e
DisplaySystem.dll	RVisual_t	store	0x4CC	4	this:public void __thiscall RVisual_t::SetRenderPriority(enum RenderList_e) 	1004412e	FUN_1004412e
DisplaySystem.dll	RVisual_t	load	0x2E0	4	this:public void __thiscall RVisual_t::SetRenderPriority(enum RenderList_e) 	1004412e	FUN_1004412e
DisplaySystem.dll	RVisual_t	store	0x4D0	4	this:public void __thiscall RVisual_t::SetRenderPriority(enum RenderList_e) 	1004412e	FUN_1004412e
DisplaySystem.dll	RVisual_t	load	0x2E0	4	this:public void __thiscall RVisual_t::SetRenderPriority(enum RenderList_e) 	1004412e	FUN_1004412e
DisplaySystem.dll	RVisual_t	store	0x4D4	4	this:public void __thiscall RVisual_t::SetRenderPriority(enum RenderList_e) 	1004412e	FUN_1004412e
DisplaySystem.dll	RVisual_t	load	0x2E0	4	this:public void __thiscall RVisual_t::SetRenderPriority(enum RenderList_e) 	1004412e	FUN_1004412e
DisplaySystem.dll	RVisual_t	store	0x4D8	4	this:public void __thiscall RVisual_t::SetRenderPriority(enum RenderList_e) 	1004412e	FUN_1004412e
DisplaySystem.dll	RVisual_t	load	0x2E0	4	this:public void __thiscall RVisual_t::SetRenderPriority(enum RenderList_e) 	1004412e	FUN_1004412e
DisplaySystem.dll	RVisual_t	store	0x4DC	4	this:public void __thiscall RVisual_t::SetRenderPriority(enum RenderList_e) 	1004412e	FUN_1004412e
DisplaySystem.dll	RVisual_t	load	0x2E0	4	this:public void __thiscall RVisual_t::SetRenderPriority(enum RenderList_e) 	1004412e	FUN_1004412e
DisplaySystem.dll	RVisual_t	store	0x4E0	4	this:public void __thiscall RVisual_t::SetRenderPriority(enum RenderList_e) 	1004412e	FUN_1004412e
DisplaySystem.dll	RVisual_t	load	0x2E0	4	this:public void __thiscall RVisual_t::SetRenderPriority(enum RenderList_e) 	1004412e	FUN_1004412e
DisplaySystem.dll	RVisual_t	store	0x4E4	4	this:public void __thiscall RVisual_t::SetRenderPriority(enum RenderList_e) 	1004412e	FUN_1004412e
DisplaySystem.dll	RVisual_t	load	0x2E0	4	this:public void __thiscall RVisual_t::SetRenderPriority(enum RenderList_e) 	1004412e	FUN_1004412e
DisplaySystem.dll	RVisual_t	store	0x4E8	4	this:public void __thiscall RVisual_t::SetRenderPriority(enum RenderList_e) 	1004412e	FUN_1004412e
DisplaySystem.dll	RVisual_t	load	0x2E0	4	this:public void __thiscall RVisual_t::SetRenderPriority(enum RenderList_e) 	1004412e	FUN_1004412e
DisplaySystem.dll	RVisual_t	store	0x4EC	4	this:public void __thiscall RVisual_t::SetRenderPriority(enum RenderList_e) 	1004412e	FUN_1004412e
DisplaySystem.dll	RVisual_t	load	0x2E0	4	this:public void __thiscall RVisual_t::SetRenderPriority(enum RenderList_e) 	1004412e	FUN_1004412e
DisplaySystem.dll	RVisual_t	store	0x4F0	4	this:public void __thiscall RVisual_t::SetRenderPriority(enum RenderList_e) 	1004412e	FUN_1004412e
DisplaySystem.dll	RVisual_t	load	0x2E0	4	this:public void __thiscall RVisual_t::SetRenderPriority(enum RenderList_e) 	1004412e	FUN_1004412e
DisplaySystem.dll	RVisual_t	store	0x4F4	4	this:public void __thiscall RVisual_t::SetRenderPriority(enum RenderList_e) 	1004412e	FUN_1004412e
DisplaySystem.dll	RVisual_t	load	0x2E0	4	this:public void __thiscall RVisual_t::SetRenderPriority(enum RenderList_e) 	1004412e	FUN_1004412e
DisplaySystem.dll	RVisual_t	store	0x4F8	4	this:public void __thiscall RVisual_t::SetRenderPriority(enum RenderList_e) 	1004412e	FUN_1004412e
DisplaySystem.dll	RVisual_t	load	0x2E0	4	this:public void __thiscall RVisual_t::SetRenderPriority(enum RenderList_e) 	1004412e	FUN_1004412e
DisplaySystem.dll	RVisual_t	store	0x4FC	4	this:public void __thiscall RVisual_t::SetRenderPriority(enum RenderList_e) 	1004412e	FUN_1004412e
DisplaySystem.dll	RVisual_t	load	0x2E0	4	this:public void __thiscall RVisual_t::SetRenderPriority(enum RenderList_e) 	1004412e	FUN_1004412e
DisplaySystem.dll	RVisual_t	store	0x500	4	this:public void __thiscall RVisual_t::SetRenderPriority(enum RenderList_e) 	1004412e	FUN_1004412e
DisplaySystem.dll	RVisual_t	load	0x2E0	4	this:public void __thiscall RVisual_t::SetRenderPriority(enum RenderList_e) 	1004412e	FUN_1004412e
DisplaySystem.dll	RVisual_t	store	0x504	4	this:public void __thiscall RVisual_t::SetRenderPriority(enum RenderList_e) 	1004412e	FUN_1004412e
DisplaySystem.dll	RVisual_t	load	0x2E0	4	this:public void __thiscall RVisual_t::SetRenderPriority(enum RenderList_e) 	1004412e	FUN_1004412e
DisplaySystem.dll	RVisual_t	store	0x508	4	this:public void __thiscall RVisual_t::SetRenderPriority(enum RenderList_e) 	1004412e	FUN_1004412e
DisplaySystem.dll	RVisual_t	load	0x2E0	4	this:public void __thiscall RVisual_t::SetRenderPriority(enum RenderList_e) 	1004412e	FUN_1004412e
DisplaySystem.dll	RVisual_t	store	0x50C	4	this:public void __thiscall RVisual_t::SetRenderPriority(enum RenderList_e) 	1004412e	FUN_1004412e
DisplaySystem.dll	RVisual_t	load	0x2E0	4	this:public void __thiscall RVisual_t::SetRenderPriority(enum RenderList_e) 	1004412e	FUN_1004412e
DisplaySystem.dll	RVisual_t	store	0x510	4	this:public void __thiscall RVisual_t::SetRenderPriority(enum RenderList_e) 	1004412e	FUN_1004412e
DisplaySystem.dll	RVisual_t	load	0x2E0	4	this:public void __thiscall RVisual_t::SetRenderPriority(enum RenderList_e) 	1004412e	FUN_1004412e
DisplaySystem.dll	RVisual_t	store	0x514	4	this:public void __thiscall RVisual_t::SetRenderPriority(enum RenderList_e) 	1004412e	FUN_1004412e
DisplaySystem.dll	RVisual_t	load	0x2E0	4	this:public void __thiscall RVisual_t::SetRenderPriority(enum RenderList_e) 	1004412e	FUN_1004412e
DisplaySystem.dll	RVisual_t	store	0x518	4	this:public void __thiscall RVisual_t::SetRenderPriority(enum RenderList_e) 	1004412e	FUN_1004412e
DisplaySystem.dll	RVisual_t	load	0x2E0	4	this:public void __thiscall RVisual_t::SetRenderPriority(enum RenderList_e) 	1004412e	FUN_1004412e
DisplaySystem.dll	RVisual_t	store	0x51C	4	this:public void __thiscall RVisual_t::SetRenderPriority(enum RenderList_e) 	1004412e	FUN_1004412e
DisplaySystem.dll	RVisual_t	load	0x2E0	4	this:public void __thiscall RVisual_t::SetRenderPriority(enum RenderList_e) 	1004412e	FUN_1004412e
DisplaySystem.dll	RVisual_t	store	0x520	4	this:public void __thiscall RVisual_t::SetRenderPriority(enum RenderList_e) 	1004412e	FUN_1004412e
DisplaySystem.dll	RVisual_t	load	0x2E0	4	this:public void __thiscall RVisual_t::SetRenderPriority(enum RenderList_e) 	1004412e	FUN_1004412e
DisplaySystem.dll	RVisual_t	store	0x524	4	this:public void __thiscall RVisual_t::SetRenderPriority(enum RenderList_e) 	1004412e	FUN_1004412e
DisplaySystem.dll	RVisual_t	load	0x2E0	4	this:public void __thiscall RVisual_t::SetRenderPriority(enum RenderList_e) 	1004412e	FUN_1004412e
DisplaySystem.dll	RVisual_t	store	0x528	4	this:public void __thiscall RVisual_t::SetRenderPriority(enum RenderList_e) 	1004412e	FUN_1004412e
DisplaySystem.dll	RVisual_t	load	0x2E0	4	this:public void __thiscall RVisual_t::SetRenderPriority(enum RenderList_e) 	1004412e	FUN_1004412e
DisplaySystem.dll	RVisual_t	store	0x52C	4	this:public void __thiscall RVisual_t::SetRenderPriority(enum RenderList_e) 	1004412e	FUN_1004412e
DisplaySystem.dll	RVisual_t	load	0x2E0	4	this:public void __thiscall RVisual_t::SetRenderPriority(enum RenderList_e) 	1004412e	FUN_1004412e
DisplaySystem.dll	RVisual_t	store	0x530	4	this:public void __thiscall RVisual_t::SetRenderPriority(enum RenderList_e) 	1004412e	FUN_1004412e
DisplaySystem.dll	RVisual_t	load	0x2E0	4	this:public void __thiscall RVisual_t::SetRenderPriority(enum RenderList_e) 	1004412e	FUN_1004412e
DisplaySystem.dll	RVisual_t	store	0x534	4	this:public void __thiscall RVisual_t::SetRenderPriority(enum RenderList_e) 	1004412e	FUN_1004412e
DisplaySystem.dll	RVisual_t	load	0x2E0	4	this:public void __thiscall RVisual_t::SetRenderPriority(enum RenderList_e) 	1004412e	FUN_1004412e
DisplaySystem.dll	RVisual_t	store	0x538	4	this:public void __thiscall RVisual_t::SetRenderPriority(enum RenderList_e) 	1004412e	FUN_1004412e
DisplaySystem.dll	RVisual_t	load	0x2E0	4	this:public void __thiscall RVisual_t::SetRenderPriority(enum RenderList_e) 	1004412e	FUN_1004412e
DisplaySystem.dll	RVisual_t	store	0x53C	4	this:public void __thiscall RVisual_t::SetRenderPriority(enum RenderList_e) 	1004412e	FUN_1004412e
DisplaySystem.dll	RVisual_t	load	0x2E0	4	this:public void __thiscall RVisual_t::SetRenderPriority(enum RenderList_e) 	1004412e	FUN_1004412e
DisplaySystem.dll	RVisual_t	store	0x540	4	this:public void __thiscall RVisual_t::SetRenderPriority(enum RenderList_e) 	1004412e	FUN_1004412e
DisplaySystem.dll	RVisual_t	load	0x2E0	4	this:public void __thiscall RVisual_t::SetRenderPriority(enum RenderList_e) 	1004412e	FUN_1004412e
DisplaySystem.dll	RVisual_t	store	0x544	4	this:public void __thiscall RVisual_t::SetRenderPriority(enum RenderList_e) 	1004412e	FUN_1004412e
DisplaySystem.dll	RVisual_t	load	0x2E0	4	this:public void __thiscall RVisual_t::SetRenderPriority(enum RenderList_e) 	1004412e	FUN_1004412e
DisplaySystem.dll	RVisual_t	store	0x548	4	this:public void __thiscall RVisual_t::SetRenderPriority(enum RenderList_e) 	1004412e	FUN_1004412e
DisplaySystem.dll	RVisual_t	load	0x2E0	4	this:public void __thiscall RVisual_t::SetRenderPriority(enum RenderList_e) 	1004412e	FUN_1004412e
DisplaySystem.dll	RVisual_t	store	0x54C	4	this:public void __thiscall RVisual_t::SetRenderPriority(enum RenderList_e) 	1004412e	FUN_1004412e
DisplaySystem.dll	RVisual_t	load	0x2E0	4	this:public void __thiscall RVisual_t::SetRenderPriority(enum RenderList_e) 	1004412e	FUN_1004412e
DisplaySystem.dll	RVisual_t	store	0x550	4	this:public void __thiscall RVisual_t::SetRenderPriority(enum RenderList_e) 	1004412e	FUN_1004412e
DisplaySystem.dll	RVisual_t	load	0x2E0	4	this:public void __thiscall RVisual_t::SetRenderPriority(enum RenderList_e) 	1004412e	FUN_1004412e
DisplaySystem.dll	RVisual_t	store	0x554	4	this:public void __thiscall RVisual_t::SetRenderPriority(enum RenderList_e) 	1004412e	FUN_1004412e
DisplaySystem.dll	RVisual_t	load	0x2E0	4	this:public void __thiscall RVisual_t::SetRenderPriority(enum RenderList_e) 	1004412e	FUN_1004412e
DisplaySystem.dll	RVisual_t	store	0x558	4	this:public void __thiscall RVisual_t::SetRenderPriority(enum RenderList_e) 	1004412e	FUN_1004412e
DisplaySystem.dll	RVisual_t	load	0x2E0	4	this:public void __thiscall RVisual_t::SetRenderPriority(enum RenderList_e) 	1004412e	FUN_1004412e
DisplaySystem.dll	RVisual_t	store	0x55C	4	this:public void __thiscall RVisual_t::SetRenderPriority(enum RenderList_e) 	1004412e	FUN_1004412e
DisplaySystem.dll	RVisual_t	load	0x2E0	4	this:public void __thiscall RVisual_t::SetRenderPriority(enum RenderList_e) 	1004412e	FUN_1004412e
DisplaySystem.dll	RVisual_t	store	0x560	4	this:public void __thiscall RVisual_t::SetRenderPriority(enum RenderList_e) 	1004412e	FUN_1004412e
DisplaySystem.dll	RVisual_t	load	0x2E0	4	this:public void __thiscall RVisual_t::SetRenderPriority(enum RenderList_e) 	1004412e	FUN_1004412e
DisplaySystem.dll	RVisual_t	store	0x564	4	this:public void __thiscall RVisual_t::SetRenderPriority(enum RenderList_e) 	1004412e	FUN_1004412e
DisplaySystem.dll	RVisual_t	load	0x2E0	4	this:public void __thiscall RVisual_t::SetRenderPriority(enum RenderList_e) 	1004412e	FUN_1004412e
DisplaySystem.dll	RVisual_t	store	0x568	4	this:public void __thiscall RVisual_t::SetRenderPriority(enum RenderList_e) 	1004412e	FUN_1004412e
DisplaySystem.dll	RVisual_t	load	0x2E0	4	this:public void __thiscall RVisual_t::SetRenderPriority(enum RenderList_e) 	1004412e	FUN_1004412e
DisplaySystem.dll	RVisual_t	store	0x56C	4	this:public void __thiscall RVisual_t::SetRenderPriority(enum RenderList_e) 	1004412e	FUN_1004412e
DisplaySystem.dll	RVisual_t	load	0x2E0	4	this:public void __thiscall RVisual_t::SetRenderPriority(enum RenderList_e) 	1004412e	FUN_1004412e
DisplaySystem.dll	RVisual_t	store	0x570	4	this:public void __thiscall RVisual_t::SetRenderPriority(enum RenderList_e) 	1004412e	FUN_1004412e
DisplaySystem.dll	RVisual_t	load	0x2E0	4	this:public void __thiscall RVisual_t::SetRenderPriority(enum RenderList_e) 	1004412e	FUN_1004412e
DisplaySystem.dll	RVisual_t	store	0x574	4	this:public void __thiscall RVisual_t::SetRenderPriority(enum RenderList_e) 	1004412e	FUN_1004412e
DisplaySystem.dll	RVisual_t	load	0x2E0	4	this:public void __thiscall RVisual_t::SetRenderPriority(enum RenderList_e) 	1004412e	FUN_1004412e
DisplaySystem.dll	RVisual_t	store	0x578	4	this:public void __thiscall RVisual_t::SetRenderPriority(enum RenderList_e) 	1004412e	FUN_1004412e
DisplaySystem.dll	RVisual_t	load	0x2E0	4	this:public void __thiscall RVisual_t::SetRenderPriority(enum RenderList_e) 	1004412e	FUN_1004412e
DisplaySystem.dll	RVisual_t	store	0x57C	4	this:public void __thiscall RVisual_t::SetRenderPriority(enum RenderList_e) 	1004412e	FUN_1004412e
DisplaySystem.dll	RVisual_t	load	0x2E0	4	this:public void __thiscall RVisual_t::SetRenderPriority(enum RenderList_e) 	1004412e	FUN_1004412e
DisplaySystem.dll	RVisual_t	store	0x580	4	this:public void __thiscall RVisual_t::SetRenderPriority(enum RenderList_e) 	1004412e	FUN_1004412e
DisplaySystem.dll	RVisual_t	load	0x2E0	4	this:public void __thiscall RVisual_t::SetRenderPriority(enum RenderList_e) 	1004412e	FUN_1004412e
DisplaySystem.dll	RVisual_t	store	0x584	4	this:public void __thiscall RVisual_t::SetRenderPriority(enum RenderList_e) 	1004412e	FUN_1004412e
DisplaySystem.dll	RVisual_t	load	0x2E0	4	this:public void __thiscall RVisual_t::SetRenderPriority(enum RenderList_e) 	1004412e	FUN_1004412e
DisplaySystem.dll	RVisual_t	store	0x588	4	this:public void __thiscall RVisual_t::SetRenderPriority(enum RenderList_e) 	1004412e	FUN_1004412e
DisplaySystem.dll	RVisual_t	load	0x2E0	4	this:public void __thiscall RVisual_t::SetRenderPriority(enum RenderList_e) 	1004412e	FUN_1004412e
DisplaySystem.dll	RVisual_t	store	0x58C	4	this:public void __thiscall RVisual_t::SetRenderPriority(enum RenderList_e) 	1004412e	FUN_1004412e
DisplaySystem.dll	RVisual_t	load	0x2E0	4	this:public void __thiscall RVisual_t::SetRenderPriority(enum RenderList_e) 	1004412e	FUN_1004412e
DisplaySystem.dll	RVisual_t	store	0x590	4	this:public void __thiscall RVisual_t::SetRenderPriority(enum RenderList_e) 	1004412e	FUN_1004412e
DisplaySystem.dll	RVisual_t	load	0x2E0	4	this:public void __thiscall RVisual_t::SetRenderPriority(enum RenderList_e) 	1004412e	FUN_1004412e
DisplaySystem.dll	RVisual_t	store	0x594	4	this:public void __thiscall RVisual_t::SetRenderPriority(enum RenderList_e) 	1004412e	FUN_1004412e
DisplaySystem.dll	RVisual_t	load	0x2E0	4	this:public void __thiscall RVisual_t::SetRenderPriority(enum RenderList_e) 	1004412e	FUN_1004412e
DisplaySystem.dll	RVisual_t	store	0x598	4	this:public void __thiscall RVisual_t::SetRenderPriority(enum RenderList_e) 	1004412e	FUN_1004412e
DisplaySystem.dll	RVisual_t	load	0x2E0	4	this:public void __thiscall RVisual_t::SetRenderPriority(enum RenderList_e) 	1004412e	FUN_1004412e
DisplaySystem.dll	RVisual_t	store	0x59C	4	this:public void __thiscall RVisual_t::SetRenderPriority(enum RenderList_e) 	1004412e	FUN_1004412e
DisplaySystem.dll	RVisual_t	load	0x2E0	4	this:public void __thiscall RVisual_t::SetRenderPriority(enum RenderList_e) 	1004412e	FUN_1004412e
DisplaySystem.dll	RVisual_t	store	0x5A0	4	this:public void __thiscall RVisual_t::SetRenderPriority(enum RenderList_e) 	1004412e	FUN_1004412e
DisplaySystem.dll	RVisual_t	load	0x2E0	4	this:public void __thiscall RVisual_t::SetRenderPriority(enum RenderList_e) 	1004412e	FUN_1004412e
DisplaySystem.dll	RVisual_t	store	0x5A4	4	this:public void __thiscall RVisual_t::SetRenderPriority(enum RenderList_e) 	1004412e	FUN_1004412e
DisplaySystem.dll	RVisual_t	load	0x2E0	4	this:public void __thiscall RVisual_t::SetRenderPriority(enum RenderList_e) 	1004412e	FUN_1004412e
DisplaySystem.dll	RVisual_t	store	0x5A8	4	this:public void __thiscall RVisual_t::SetRenderPriority(enum RenderList_e) 	1004412e	FUN_1004412e
DisplaySystem.dll	RVisual_t	load	0x2E0	4	this:public void __thiscall RVisual_t::SetRenderPriority(enum RenderList_e) 	1004412e	FUN_1004412e
DisplaySystem.dll	RVisual_t	store	0x5AC	4	this:public void __thiscall RVisual_t::SetRenderPriority(enum RenderList_e) 	1004412e	FUN_1004412e
DisplaySystem.dll	RVisual_t	load	0x2E0	4	this:public void __thiscall RVisual_t::SetRenderPriority(enum RenderList_e) 	1004412e	FUN_1004412e
DisplaySystem.dll	RVisual_t	store	0x5B0	4	this:public void __thiscall RVisual_t::SetRenderPriority(enum RenderList_e) 	1004412e	FUN_1004412e
DisplaySystem.dll	RVisual_t	load	0x2E0	4	this:public void __thiscall RVisual_t::SetRenderPriority(enum RenderList_e) 	1004412e	FUN_1004412e
DisplaySystem.dll	RVisual_t	store	0x5B4	4	this:public void __thiscall RVisual_t::SetRenderPriority(enum RenderList_e) 	1004412e	FUN_1004412e
DisplaySystem.dll	RVisual_t	load	0x2E0	4	this:public void __thiscall RVisual_t::SetRenderPriority(enum RenderList_e) 	1004412e	FUN_1004412e
DisplaySystem.dll	RVisual_t	store	0x5B8	4	this:public void __thiscall RVisual_t::SetRenderPriority(enum RenderList_e) 	1004412e	FUN_1004412e
DisplaySystem.dll	RVisual_t	load	0x2E0	4	this:public void __thiscall RVisual_t::SetRenderPriority(enum RenderList_e) 	1004412e	FUN_1004412e
DisplaySystem.dll	RVisual_t	store	0x5BC	4	this:public void __thiscall RVisual_t::SetRenderPriority(enum RenderList_e) 	1004412e	FUN_1004412e
DisplaySystem.dll	RVisual_t	load	0x2E0	4	this:public void __thiscall RVisual_t::SetRenderPriority(enum RenderList_e) 	1004412e	FUN_1004412e
DisplaySystem.dll	RVisual_t	store	0x5C0	4	this:public void __thiscall RVisual_t::SetRenderPriority(enum RenderList_e) 	1004412e	FUN_1004412e
DisplaySystem.dll	RVisual_t	load	0x2E0	4	this:public void __thiscall RVisual_t::SetRenderPriority(enum RenderList_e) 	1004412e	FUN_1004412e
DisplaySystem.dll	RVisual_t	store	0x5C4	4	this:public void __thiscall RVisual_t::SetRenderPriority(enum RenderList_e) 	1004412e	FUN_1004412e
DisplaySystem.dll	RVisual_t	load	0x2E0	4	this:public void __thiscall RVisual_t::SetRenderPriority(enum RenderList_e) 	1004412e	FUN_1004412e
DisplaySystem.dll	RVisual_t	store	0x5C8	4	this:public void __thiscall RVisual_t::SetRenderPriority(enum RenderList_e) 	1004412e	FUN_1004412e
DisplaySystem.dll	RVisual_t	load	0x2E0	4	this:public void __thiscall RVisual_t::SetRenderPriority(enum RenderList_e) 	1004412e	FUN_1004412e
DisplaySystem.dll	RVisual_t	store	0x5CC	4	this:public void __thiscall RVisual_t::SetRenderPriority(enum RenderList_e) 	1004412e	FUN_1004412e
DisplaySystem.dll	RVisual_t	load	0x2E0	4	this:public void __thiscall RVisual_t::SetRenderPriority(enum RenderList_e) 	1004412e	FUN_1004412e
DisplaySystem.dll	RVisual_t	store	0x5D0	4	this:public void __thiscall RVisual_t::SetRenderPriority(enum RenderList_e) 	1004412e	FUN_1004412e
DisplaySystem.dll	RVisual_t	load	0x2E0	4	this:public void __thiscall RVisual_t::SetRenderPriority(enum RenderList_e) 	1004412e	FUN_1004412e
DisplaySystem.dll	RVisual_t	store	0x5D4	4	this:public void __thiscall RVisual_t::SetRenderPriority(enum RenderList_e) 	1004412e	FUN_1004412e
DisplaySystem.dll	RVisual_t	load	0x2E0	4	this:public void __thiscall RVisual_t::SetRenderPriority(enum RenderList_e) 	1004412e	FUN_1004412e
DisplaySystem.dll	RVisual_t	store	0x5D8	4	this:public void __thiscall RVisual_t::SetRenderPriority(enum RenderList_e) 	1004412e	FUN_1004412e
DisplaySystem.dll	RVisual_t	load	0x2E0	4	this:public void __thiscall RVisual_t::SetRenderPriority(enum RenderList_e) 	1004412e	FUN_1004412e
DisplaySystem.dll	RVisual_t	store	0x5DC	4	this:public void __thiscall RVisual_t::SetRenderPriority(enum RenderList_e) 	1004412e	FUN_1004412e
DisplaySystem.dll	RVisual_t	load	0x2E0	4	this:public void __thiscall RVisual_t::SetRenderPriority(enum RenderList_e) 	1004412e	FUN_1004412e
DisplaySystem.dll	RVisual_t	store	0x5E0	4	this:public void __thiscall RVisual_t::SetRenderPriority(enum RenderList_e) 	1004412e	FUN_1004412e
DisplaySystem.dll	RVisual_t	load	0x2E0	4	this:public void __thiscall RVisual_t::SetRenderPriority(enum RenderList_e) 	1004412e	FUN_1004412e
DisplaySystem.dll	RVisual_t	store	0x5E4	4	this:public void __thiscall RVisual_t::SetRenderPriority(enum RenderList_e) 	1004412e	FUN_1004412e
DisplaySystem.dll	RVisual_t	load	0x2E0	4	this:public void __thiscall RVisual_t::SetRenderPriority(enum RenderList_e) 	1004412e	FUN_1004412e
DisplaySystem.dll	RVisual_t	store	0x5E8	4	this:public void __thiscall RVisual_t::SetRenderPriority(enum RenderList_e) 	1004412e	FUN_1004412e
DisplaySystem.dll	RVisual_t	load	0x2E0	4	this:public void __thiscall RVisual_t::SetRenderPriority(enum RenderList_e) 	1004412e	FUN_1004412e
DisplaySystem.dll	RVisual_t	store	0x5EC	4	this:public void __thiscall RVisual_t::SetRenderPriority(enum RenderList_e) 	1004412e	FUN_1004412e
DisplaySystem.dll	RVisual_t	load	0x2E0	4	this:public void __thiscall RVisual_t::SetRenderPriority(enum RenderList_e) 	1004412e	FUN_1004412e
DisplaySystem.dll	RVisual_t	store	0x5F0	4	this:public void __thiscall RVisual_t::SetRenderPriority(enum RenderList_e) 	1004412e	FUN_1004412e
DisplaySystem.dll	RVisual_t	load	0x2E0	4	this:public void __thiscall RVisual_t::SetRenderPriority(enum RenderList_e) 	1004412e	FUN_1004412e
DisplaySystem.dll	RVisual_t	store	0x5F4	4	this:public void __thiscall RVisual_t::SetRenderPriority(enum RenderList_e) 	1004412e	FUN_1004412e
DisplaySystem.dll	RVisual_t	load	0x2E0	4	this:public void __thiscall RVisual_t::SetRenderPriority(enum RenderList_e) 	1004412e	FUN_1004412e
DisplaySystem.dll	RVisual_t	store	0x5F8	4	this:public void __thiscall RVisual_t::SetRenderPriority(enum RenderList_e) 	1004412e	FUN_1004412e
DisplaySystem.dll	RVisual_t	load	0x2E0	4	this:public void __thiscall RVisual_t::SetRenderPriority(enum RenderList_e) 	1004412e	FUN_1004412e
DisplaySystem.dll	RVisual_t	store	0x5FC	4	this:public void __thiscall RVisual_t::SetRenderPriority(enum RenderList_e) 	1004412e	FUN_1004412e
DisplaySystem.dll	RVisual_t	load	0x2E0	4	this:public void __thiscall RVisual_t::SetRenderPriority(enum RenderList_e) 	1004412e	FUN_1004412e
DisplaySystem.dll	RVisual_t	store	0x600	4	this:public void __thiscall RVisual_t::SetRenderPriority(enum RenderList_e) 	1004412e	FUN_1004412e
DisplaySystem.dll	RVisual_t	load	0x2E0	4	this:public void __thiscall RVisual_t::SetRenderPriority(enum RenderList_e) 	1004412e	FUN_1004412e
DisplaySystem.dll	RVisual_t	store	0x604	4	this:public void __thiscall RVisual_t::SetRenderPriority(enum RenderList_e) 	1004412e	FUN_1004412e
DisplaySystem.dll	RVisual_t	load	0x2E0	4	this:public void __thiscall RVisual_t::SetRenderPriority(enum RenderList_e) 	1004412e	FUN_1004412e
DisplaySystem.dll	RVisual_t	store	0x608	4	this:public void __thiscall RVisual_t::SetRenderPriority(enum RenderList_e) 	1004412e	FUN_1004412e
DisplaySystem.dll	RVisual_t	load	0x2E0	4	this:public void __thiscall RVisual_t::SetRenderPriority(enum RenderList_e) 	1004412e	FUN_1004412e
DisplaySystem.dll	RVisual_t	store	0x60C	4	this:public void __thiscall RVisual_t::SetRenderPriority(enum RenderList_e) 	1004412e	FUN_1004412e
DisplaySystem.dll	RVisual_t	load	0x2E0	4	this:public void __thiscall RVisual_t::SetRenderPriority(enum RenderList_e) 	1004412e	FUN_1004412e
DisplaySystem.dll	RVisual_t	store	0x610	4	this:public void __thiscall RVisual_t::SetRenderPriority(enum RenderList_e) 	1004412e	FUN_1004412e
DisplaySystem.dll	RVisual_t	load	0x2E0	4	this:public void __thiscall RVisual_t::SetRenderPriority(enum RenderList_e) 	1004412e	FUN_1004412e
DisplaySystem.dll	RVisual_t	store	0x614	4	this:public void __thiscall RVisual_t::SetRenderPriority(enum RenderList_e) 	1004412e	FUN_1004412e
DisplaySystem.dll	RVisual_t	load	0x2E0	4	this:public void __thiscall RVisual_t::SetRenderPriority(enum RenderList_e) 	1004412e	FUN_1004412e
DisplaySystem.dll	RVisual_t	store	0x618	4	this:public void __thiscall RVisual_t::SetRenderPriority(enum RenderList_e) 	1004412e	FUN_1004412e
DisplaySystem.dll	RVisual_t	load	0x2E0	4	this:public void __thiscall RVisual_t::SetRenderPriority(enum RenderList_e) 	1004412e	FUN_1004412e
DisplaySystem.dll	RVisual_t	store	0x61C	4	this:public void __thiscall RVisual_t::SetRenderPriority(enum RenderList_e) 	1004412e	FUN_1004412e
DisplaySystem.dll	RVisual_t	load	0x2E0	4	this:public void __thiscall RVisual_t::SetRenderPriority(enum RenderList_e) 	1004412e	FUN_1004412e
DisplaySystem.dll	RVisual_t	store	0x620	4	this:public void __thiscall RVisual_t::SetRenderPriority(enum RenderList_e) 	1004412e	FUN_1004412e
DisplaySystem.dll	RVisual_t	load	0x2E0	4	this:public void __thiscall RVisual_t::SetRenderPriority(enum RenderList_e) 	1004412e	FUN_1004412e
DisplaySystem.dll	RVisual_t	store	0x624	4	this:public void __thiscall RVisual_t::SetRenderPriority(enum RenderList_e) 	1004412e	FUN_1004412e
DisplaySystem.dll	RVisual_t	load	0x2E0	4	this:public void __thiscall RVisual_t::SetRenderPriority(enum RenderList_e) 	1004412e	FUN_1004412e
DisplaySystem.dll	RVisual_t	store	0x628	4	this:public void __thiscall RVisual_t::SetRenderPriority(enum RenderList_e) 	1004412e	FUN_1004412e
DisplaySystem.dll	RVisual_t	load	0x2E0	4	this:public void __thiscall RVisual_t::SetRenderPriority(enum RenderList_e) 	1004412e	FUN_1004412e
DisplaySystem.dll	RVisual_t	store	0x62C	4	this:public void __thiscall RVisual_t::SetRenderPriority(enum RenderList_e) 	1004412e	FUN_1004412e
DisplaySystem.dll	RVisual_t	load	0x2E0	4	this:public void __thiscall RVisual_t::SetRenderPriority(enum RenderList_e) 	1004412e	FUN_1004412e
DisplaySystem.dll	RVisual_t	store	0x630	4	this:public void __thiscall RVisual_t::SetRenderPriority(enum RenderList_e) 	1004412e	FUN_1004412e
DisplaySystem.dll	RVisual_t	load	0x2E0	4	this:public void __thiscall RVisual_t::SetRenderPriority(enum RenderList_e) 	1004412e	FUN_1004412e
DisplaySystem.dll	RVisual_t	store	0x634	4	this:public void __thiscall RVisual_t::SetRenderPriority(enum RenderList_e) 	1004412e	FUN_1004412e
DisplaySystem.dll	RVisual_t	load	0x2E0	4	this:public void __thiscall RVisual_t::SetRenderPriority(enum RenderList_e) 	1004412e	FUN_1004412e
DisplaySystem.dll	RVisual_t	store	0x638	4	this:public void __thiscall RVisual_t::SetRenderPriority(enum RenderList_e) 	1004412e	FUN_1004412e
DisplaySystem.dll	RVisual_t	load	0x2E0	4	this:public void __thiscall RVisual_t::SetRenderPriority(enum RenderList_e) 	1004412e	FUN_1004412e
DisplaySystem.dll	RVisual_t	store	0x63C	4	this:public void __thiscall RVisual_t::SetRenderPriority(enum RenderList_e) 	1004412e	FUN_1004412e
DisplaySystem.dll	RVisual_t	load	0x2E0	4	this:public void __thiscall RVisual_t::SetRenderPriority(enum RenderList_e) 	1004412e	FUN_1004412e
DisplaySystem.dll	RVisual_t	store	0x640	4	this:public void __thiscall RVisual_t::SetRenderPriority(enum RenderList_e) 	1004412e	FUN_1004412e
DisplaySystem.dll	RVisual_t	load	0x2E0	4	this:public void __thiscall RVisual_t::SetRenderPriority(enum RenderList_e) 	1004412e	FUN_1004412e
DisplaySystem.dll	RVisual_t	store	0x644	4	this:public void __thiscall RVisual_t::SetRenderPriority(enum RenderList_e) 	1004412e	FUN_1004412e
DisplaySystem.dll	RVisual_t	load	0x2E0	4	this:public void __thiscall RVisual_t::SetRenderPriority(enum RenderList_e) 	1004412e	FUN_1004412e
DisplaySystem.dll	RVisual_t	store	0x648	4	this:public void __thiscall RVisual_t::SetRenderPriority(enum RenderList_e) 	1004412e	FUN_1004412e
DisplaySystem.dll	RVisual_t	load	0x2E0	4	this:public void __thiscall RVisual_t::SetRenderPriority(enum RenderList_e) 	1004412e	FUN_1004412e
DisplaySystem.dll	RVisual_t	store	0x64C	4	this:public void __thiscall RVisual_t::SetRenderPriority(enum RenderList_e) 	1004412e	FUN_1004412e
DisplaySystem.dll	RVisual_t	load	0x2E0	4	this:public void __thiscall RVisual_t::SetRenderPriority(enum RenderList_e) 	1004412e	FUN_1004412e
DisplaySystem.dll	RVisual_t	store	0x650	4	this:public void __thiscall RVisual_t::SetRenderPriority(enum RenderList_e) 	1004412e	FUN_1004412e
DisplaySystem.dll	RVisual_t	load	0x2E0	4	this:public void __thiscall RVisual_t::SetRenderPriority(enum RenderList_e) 	1004412e	FUN_1004412e
DisplaySystem.dll	RVisual_t	store	0x654	4	this:public void __thiscall RVisual_t::SetRenderPriority(enum RenderList_e) 	1004412e	FUN_1004412e
DisplaySystem.dll	RVisual_t	load	0x2E0	4	this:public void __thiscall RVisual_t::SetRenderPriority(enum RenderList_e) 	1004412e	FUN_1004412e
DisplaySystem.dll	RVisual_t	store	0x658	4	this:public void __thiscall RVisual_t::SetRenderPriority(enum RenderList_e) 	1004412e	FUN_1004412e
DisplaySystem.dll	RVisual_t	load	0x2E0	4	this:public void __thiscall RVisual_t::SetRenderPriority(enum RenderList_e) 	1004412e	FUN_1004412e
DisplaySystem.dll	RVisual_t	store	0x65C	4	this:public void __thiscall RVisual_t::SetRenderPriority(enum RenderList_e) 	1004412e	FUN_1004412e
DisplaySystem.dll	RVisual_t	load	0x2E0	4	this:public void __thiscall RVisual_t::SetRenderPriority(enum RenderList_e) 	1004412e	FUN_1004412e
DisplaySystem.dll	RVisual_t	store	0x660	4	this:public void __thiscall RVisual_t::SetRenderPriority(enum RenderList_e) 	1004412e	FUN_1004412e
DisplaySystem.dll	RVisual_t	load	0x2E0	4	this:public void __thiscall RVisual_t::SetRenderPriority(enum RenderList_e) 	1004412e	FUN_1004412e
DisplaySystem.dll	RVisual_t	store	0x664	4	this:public void __thiscall RVisual_t::SetRenderPriority(enum RenderList_e) 	1004412e	FUN_1004412e
DisplaySystem.dll	RVisual_t	load	0x2E0	4	this:public void __thiscall RVisual_t::SetRenderPriority(enum RenderList_e) 	1004412e	FUN_1004412e
DisplaySystem.dll	RVisual_t	store	0x668	4	this:public void __thiscall RVisual_t::SetRenderPriority(enum RenderList_e) 	1004412e	FUN_1004412e
DisplaySystem.dll	RVisual_t	load	0x2E0	4	this:public void __thiscall RVisual_t::SetRenderPriority(enum RenderList_e) 	1004412e	FUN_1004412e
DisplaySystem.dll	RVisual_t	store	0x66C	4	this:public void __thiscall RVisual_t::SetRenderPriority(enum RenderList_e) 	1004412e	FUN_1004412e
DisplaySystem.dll	RVisual_t	load	0x2E0	4	this:public void __thiscall RVisual_t::SetRenderPriority(enum RenderList_e) 	1004412e	FUN_1004412e
DisplaySystem.dll	RVisual_t	store	0x670	4	this:public void __thiscall RVisual_t::SetRenderPriority(enum RenderList_e) 	1004412e	FUN_1004412e
DisplaySystem.dll	RVisual_t	load	0x2E0	4	this:public void __thiscall RVisual_t::SetRenderPriority(enum RenderList_e) 	1004412e	FUN_1004412e
DisplaySystem.dll	RVisual_t	store	0x674	4	this:public void __thiscall RVisual_t::SetRenderPriority(enum RenderList_e) 	1004412e	FUN_1004412e
DisplaySystem.dll	RVisual_t	load	0x2E0	4	this:public void __thiscall RVisual_t::SetRenderPriority(enum RenderList_e) 	1004412e	FUN_1004412e
DisplaySystem.dll	RVisual_t	store	0x678	4	this:public void __thiscall RVisual_t::SetRenderPriority(enum RenderList_e) 	1004412e	FUN_1004412e
DisplaySystem.dll	RVisual_t	load	0x2E0	4	this:public void __thiscall RVisual_t::SetRenderPriority(enum RenderList_e) 	1004412e	FUN_1004412e
DisplaySystem.dll	RVisual_t	store	0x67C	4	this:public void __thiscall RVisual_t::SetRenderPriority(enum RenderList_e) 	1004412e	FUN_1004412e
DisplaySystem.dll	RVisual_t	load	0x2E0	4	this:public void __thiscall RVisual_t::SetRenderPriority(enum RenderList_e) 	1004412e	FUN_1004412e
DisplaySystem.dll	RVisual_t	store	0x680	4	this:public void __thiscall RVisual_t::SetRenderPriority(enum RenderList_e) 	1004412e	FUN_1004412e
DisplaySystem.dll	RVisual_t	load	0x2E0	4	this:public void __thiscall RVisual_t::SetRenderPriority(enum RenderList_e) 	1004412e	FUN_1004412e
DisplaySystem.dll	RVisual_t	store	0x684	4	this:public void __thiscall RVisual_t::SetRenderPriority(enum RenderList_e) 	1004412e	FUN_1004412e
DisplaySystem.dll	RVisual_t	load	0x2E0	4	this:public void __thiscall RVisual_t::SetRenderPriority(enum RenderList_e) 	1004412e	FUN_1004412e
DisplaySystem.dll	RVisual_t	store	0x688	4	this:public void __thiscall RVisual_t::SetRenderPriority(enum RenderList_e) 	1004412e	FUN_1004412e
DisplaySystem.dll	RVisual_t	load	0x2E0	4	this:public void __thiscall RVisual_t::SetRenderPriority(enum RenderList_e) 	1004412e	FUN_1004412e
DisplaySystem.dll	RVisual_t	store	0x68C	4	this:public void __thiscall RVisual_t::SetRenderPriority(enum RenderList_e) 	1004412e	FUN_1004412e
DisplaySystem.dll	RVisual_t	load	0x2E0	4	this:public void __thiscall RVisual_t::SetRenderPriority(enum RenderList_e) 	1004412e	FUN_1004412e
DisplaySystem.dll	RVisual_t	store	0x690	4	this:public void __thiscall RVisual_t::SetRenderPriority(enum RenderList_e) 	1004412e	FUN_1004412e
DisplaySystem.dll	RVisual_t	load	0x2E0	4	this:public void __thiscall RVisual_t::SetRenderPriority(enum RenderList_e) 	1004412e	FUN_1004412e
DisplaySystem.dll	RVisual_t	store	0x694	4	this:public void __thiscall RVisual_t::SetRenderPriority(enum RenderList_e) 	1004412e	FUN_1004412e
DisplaySystem.dll	RVisual_t	load	0x2E0	4	this:public void __thiscall RVisual_t::SetRenderPriority(enum RenderList_e) 	1004412e	FUN_1004412e
DisplaySystem.dll	RVisual_t	store	0x698	4	this:public void __thiscall RVisual_t::SetRenderPriority(enum RenderList_e) 	1004412e	FUN_1004412e
DisplaySystem.dll	RVisual_t	load	0x2E0	4	this:public void __thiscall RVisual_t::SetRenderPriority(enum RenderList_e) 	1004412e	FUN_1004412e
DisplaySystem.dll	RVisual_t	store	0x69C	4	this:public void __thiscall RVisual_t::SetRenderPriority(enum RenderList_e) 	1004412e	FUN_1004412e
DisplaySystem.dll	RVisual_t	load	0x2E0	4	this:public void __thiscall RVisual_t::SetRenderPriority(enum RenderList_e) 	1004412e	FUN_1004412e
DisplaySystem.dll	RVisual_t	store	0x6A0	4	this:public void __thiscall RVisual_t::SetRenderPriority(enum RenderList_e) 	1004412e	FUN_1004412e
DisplaySystem.dll	RVisual_t	load	0x2E0	4	this:public void __thiscall RVisual_t::SetRenderPriority(enum RenderList_e) 	1004412e	FUN_1004412e
DisplaySystem.dll	RVisual_t	store	0x6A4	4	this:public void __thiscall RVisual_t::SetRenderPriority(enum RenderList_e) 	1004412e	FUN_1004412e
DisplaySystem.dll	RVisual_t	load	0x2E0	4	this:public void __thiscall RVisual_t::SetRenderPriority(enum RenderList_e) 	1004412e	FUN_1004412e
DisplaySystem.dll	RVisual_t	store	0x6A8	4	this:public void __thiscall RVisual_t::SetRenderPriority(enum RenderList_e) 	1004412e	FUN_1004412e
DisplaySystem.dll	RVisual_t	load	0x2E0	4	this:public void __thiscall RVisual_t::SetRenderPriority(enum RenderList_e) 	1004412e	FUN_1004412e
DisplaySystem.dll	RVisual_t	store	0x6AC	4	this:public void __thiscall RVisual_t::SetRenderPriority(enum RenderList_e) 	1004412e	FUN_1004412e
DisplaySystem.dll	RVisual_t	load	0x2E0	4	this:public void __thiscall RVisual_t::SetRenderPriority(enum RenderList_e) 	1004412e	FUN_1004412e
DisplaySystem.dll	RVisual_t	store	0x6B0	4	this:public void __thiscall RVisual_t::SetRenderPriority(enum RenderList_e) 	1004412e	FUN_1004412e
DisplaySystem.dll	RVisual_t	load	0x2E0	4	this:public void __thiscall RVisual_t::SetRenderPriority(enum RenderList_e) 	1004412e	FUN_1004412e
DisplaySystem.dll	RVisual_t	store	0x6B4	4	this:public void __thiscall RVisual_t::SetRenderPriority(enum RenderList_e) 	1004412e	FUN_1004412e
DisplaySystem.dll	RVisual_t	load	0x2E0	4	this:public void __thiscall RVisual_t::SetRenderPriority(enum RenderList_e) 	1004412e	FUN_1004412e
DisplaySystem.dll	RVisual_t	store	0x6B8	4	this:public void __thiscall RVisual_t::SetRenderPriority(enum RenderList_e) 	1004412e	FUN_1004412e
DisplaySystem.dll	RVisual_t	load	0x2E0	4	this:public void __thiscall RVisual_t::SetRenderPriority(enum RenderList_e) 	1004412e	FUN_1004412e
DisplaySystem.dll	RVisual_t	store	0x6BC	4	this:public void __thiscall RVisual_t::SetRenderPriority(enum RenderList_e) 	1004412e	FUN_1004412e
DisplaySystem.dll	RVisual_t	load	0x2E0	4	this:public void __thiscall RVisual_t::SetRenderPriority(enum RenderList_e) 	1004412e	FUN_1004412e
DisplaySystem.dll	RVisual_t	store	0x6C0	4	this:public void __thiscall RVisual_t::SetRenderPriority(enum RenderList_e) 	1004412e	FUN_1004412e
DisplaySystem.dll	RVisual_t	load	0x2E0	4	this:public void __thiscall RVisual_t::SetRenderPriority(enum RenderList_e) 	1004412e	FUN_1004412e
DisplaySystem.dll	RVisual_t	store	0x6C4	4	this:public void __thiscall RVisual_t::SetRenderPriority(enum RenderList_e) 	1004412e	FUN_1004412e
DisplaySystem.dll	RVisual_t	load	0x2E0	4	this:public void __thiscall RVisual_t::SetRenderPriority(enum RenderList_e) 	1004412e	FUN_1004412e
DisplaySystem.dll	RVisual_t	store	0x6C8	4	this:public void __thiscall RVisual_t::SetRenderPriority(enum RenderList_e) 	1004412e	FUN_1004412e
DisplaySystem.dll	RVisual_t	load	0x2E0	4	this:public void __thiscall RVisual_t::SetRenderPriority(enum RenderList_e) 	1004412e	FUN_1004412e
DisplaySystem.dll	RVisual_t	store	0x6CC	4	this:public void __thiscall RVisual_t::SetRenderPriority(enum RenderList_e) 	1004412e	FUN_1004412e
DisplaySystem.dll	RVisual_t	load	0x2E0	4	this:public void __thiscall RVisual_t::SetRenderPriority(enum RenderList_e) 	1004412e	FUN_1004412e
DisplaySystem.dll	RVisual_t	store	0x6D0	4	this:public void __thiscall RVisual_t::SetRenderPriority(enum RenderList_e) 	1004412e	FUN_1004412e
DisplaySystem.dll	RVisual_t	load	0x2E0	4	this:public void __thiscall RVisual_t::SetRenderPriority(enum RenderList_e) 	1004412e	FUN_1004412e
DisplaySystem.dll	RVisual_t	store	0x6D4	4	this:public void __thiscall RVisual_t::SetRenderPriority(enum RenderList_e) 	1004412e	FUN_1004412e
DisplaySystem.dll	RVisual_t	load	0x2E0	4	this:public void __thiscall RVisual_t::SetRenderPriority(enum RenderList_e) 	1004412e	FUN_1004412e
DisplaySystem.dll	RVisual_t	store	0x6D8	4	this:public void __thiscall RVisual_t::SetRenderPriority(enum RenderList_e) 	1004412e	FUN_1004412e
DisplaySystem.dll	RVisual_t	load	0x2E0	4	this:public void __thiscall RVisual_t::SetRenderPriority(enum RenderList_e) 	1004412e	FUN_1004412e
DisplaySystem.dll	RVisual_t	store	0x6DC	4	this:public void __thiscall RVisual_t::SetRenderPriority(enum RenderList_e) 	1004412e	FUN_1004412e
DisplaySystem.dll	RVisual_t	load	0x2E0	4	this:public void __thiscall RVisual_t::SetRenderPriority(enum RenderList_e) 	1004412e	FUN_1004412e
DisplaySystem.dll	RVisual_t	store	0x6E0	4	this:public void __thiscall RVisual_t::SetRenderPriority(enum RenderList_e) 	1004412e	FUN_1004412e
DisplaySystem.dll	RVisual_t	load	0x2E0	4	this:public void __thiscall RVisual_t::SetRenderPriority(enum RenderList_e) 	1004412e	FUN_1004412e
DisplaySystem.dll	RVisual_t	store	0x6E4	4	this:public void __thiscall RVisual_t::SetRenderPriority(enum RenderList_e) 	1004412e	FUN_1004412e
DisplaySystem.dll	RVisual_t	load	0x2E0	4	this:public void __thiscall RVisual_t::SetRenderPriority(enum RenderList_e) 	1004412e	FUN_1004412e
DisplaySystem.dll	RVisual_t	store	0x6E8	4	this:public void __thiscall RVisual_t::SetRenderPriority(enum RenderList_e) 	1004412e	FUN_1004412e
DisplaySystem.dll	RVisual_t	load	0x2E0	4	this:public void __thiscall RVisual_t::SetRenderPriority(enum RenderList_e) 	1004412e	FUN_1004412e
DisplaySystem.dll	RVisual_t	store	0x6EC	4	this:public void __thiscall RVisual_t::SetRenderPriority(enum RenderList_e) 	1004412e	FUN_1004412e
DisplaySystem.dll	RVisual_t	load	0x2E0	4	this:public void __thiscall RVisual_t::SetRenderPriority(enum RenderList_e) 	1004412e	FUN_1004412e
DisplaySystem.dll	RVisual_t	store	0x6F0	4	this:public void __thiscall RVisual_t::SetRenderPriority(enum RenderList_e) 	1004412e	FUN_1004412e
DisplaySystem.dll	RVisual_t	load	0x2E0	4	this:public void __thiscall RVisual_t::SetRenderPriority(enum RenderList_e) 	1004412e	FUN_1004412e
DisplaySystem.dll	RVisual_t	store	0x6F4	4	this:public void __thiscall RVisual_t::SetRenderPriority(enum RenderList_e) 	1004412e	FUN_1004412e
DisplaySystem.dll	RVisual_t	load	0x2E0	4	this:public void __thiscall RVisual_t::SetRenderPriority(enum RenderList_e) 	1004412e	FUN_1004412e
DisplaySystem.dll	RVisual_t	store	0x6F8	4	this:public void __thiscall RVisual_t::SetRenderPriority(enum RenderList_e) 	1004412e	FUN_1004412e
DisplaySystem.dll	RVisual_t	load	0x2E0	4	this:public void __thiscall RVisual_t::SetRenderPriority(enum RenderList_e) 	1004412e	FUN_1004412e
DisplaySystem.dll	RVisual_t	store	0x6FC	4	this:public void __thiscall RVisual_t::SetRenderPriority(enum RenderList_e) 	1004412e	FUN_1004412e
DisplaySystem.dll	RVisual_t	load	0x2E0	4	this:public void __thiscall RVisual_t::SetRenderPriority(enum RenderList_e) 	1004412e	FUN_1004412e
DisplaySystem.dll	RVisual_t	store	0x700	4	this:public void __thiscall RVisual_t::SetRenderPriority(enum RenderList_e) 	1004412e	FUN_1004412e
DisplaySystem.dll	RVisual_t	load	0x2E0	4	this:public void __thiscall RVisual_t::SetRenderPriority(enum RenderList_e) 	1004412e	FUN_1004412e
DisplaySystem.dll	RVisual_t	store	0x704	4	this:public void __thiscall RVisual_t::SetRenderPriority(enum RenderList_e) 	1004412e	FUN_1004412e
DisplaySystem.dll	RVisual_t	load	0x2E0	4	this:public void __thiscall RVisual_t::SetRenderPriority(enum RenderList_e) 	1004412e	FUN_1004412e
DisplaySystem.dll	RVisual_t	store	0x708	4	this:public void __thiscall RVisual_t::SetRenderPriority(enum RenderList_e) 	1004412e	FUN_1004412e
DisplaySystem.dll	RVisual_t	load	0x2E0	4	this:public void __thiscall RVisual_t::SetRenderPriority(enum RenderList_e) 	1004412e	FUN_1004412e
DisplaySystem.dll	RVisual_t	store	0x70C	4	this:public void __thiscall RVisual_t::SetRenderPriority(enum RenderList_e) 	1004412e	FUN_1004412e
DisplaySystem.dll	RVisual_t	load	0x2E0	4	this:public void __thiscall RVisual_t::SetRenderPriority(enum RenderList_e) 	1004412e	FUN_1004412e
DisplaySystem.dll	RVisual_t	store	0x710	4	this:public void __thiscall RVisual_t::SetRenderPriority(enum RenderList_e) 	1004412e	FUN_1004412e
DisplaySystem.dll	RVisual_t	load	0x2E0	4	this:public void __thiscall RVisual_t::SetRenderPriority(enum RenderList_e) 	1004412e	FUN_1004412e
DisplaySystem.dll	RVisual_t	store	0x714	4	this:public void __thiscall RVisual_t::SetRenderPriority(enum RenderList_e) 	1004412e	FUN_1004412e
DisplaySystem.dll	RVisual_t	load	0x2E0	4	this:public void __thiscall RVisual_t::SetRenderPriority(enum RenderList_e) 	1004412e	FUN_1004412e
DisplaySystem.dll	RVisual_t	store	0x718	4	this:public void __thiscall RVisual_t::SetRenderPriority(enum RenderList_e) 	1004412e	FUN_1004412e
DisplaySystem.dll	RVisual_t	load	0x2E0	4	this:public void __thiscall RVisual_t::SetRenderPriority(enum RenderList_e) 	1004412e	FUN_1004412e
DisplaySystem.dll	RVisual_t	store	0x71C	4	this:public void __thiscall RVisual_t::SetRenderPriority(enum RenderList_e) 	1004412e	FUN_1004412e
DisplaySystem.dll	RVisual_t	load	0x2E0	4	this:public void __thiscall RVisual_t::SetRenderPriority(enum RenderList_e) 	1004412e	FUN_1004412e
DisplaySystem.dll	RVisual_t	store	0x720	4	this:public void __thiscall RVisual_t::SetRenderPriority(enum RenderList_e) 	1004412e	FUN_1004412e
DisplaySystem.dll	RVisual_t	load	0x2E0	4	this:public void __thiscall RVisual_t::SetRenderPriority(enum RenderList_e) 	1004412e	FUN_1004412e
DisplaySystem.dll	RVisual_t	store	0x724	4	this:public void __thiscall RVisual_t::SetRenderPriority(enum RenderList_e) 	1004412e	FUN_1004412e
DisplaySystem.dll	RVisual_t	load	0x318	4	this:public void __thiscall RVisual_t::SetRenderPriority(enum RenderList_e) 	1004412e	FUN_1004412e
DisplaySystem.dll	RVisual_t	load	0x31C	4	this:public void __thiscall RVisual_t::SetRenderPriority(enum RenderList_e) 	1004412e	FUN_1004412e
DisplaySystem.dll	RVisual_t	addr_passed	0x320	0	this:public void __thiscall RVisual_t::SetRenderPriority(enum RenderList_e) 	1004412e	FUN_1004412e
DisplaySystem.dll	RVisual_t	load	0x304	4	this:public void __thiscall RVisual_t::SetRenderPriority(enum RenderList_e) 	1004412e	FUN_1004412e
DisplaySystem.dll	RVisual_t	load	0x308	4	this:public void __thiscall RVisual_t::SetRenderPriority(enum RenderList_e) 	1004412e	FUN_1004412e
DisplaySystem.dll	RVisual_t	load	0x30C	4	this:public void __thiscall RVisual_t::SetRenderPriority(enum RenderList_e) 	1004412e	FUN_1004412e
DisplaySystem.dll	RVisual_t	load	0x310	4	this:public void __thiscall RVisual_t::SetRenderPriority(enum RenderList_e) 	1004412e	FUN_1004412e
DisplaySystem.dll	RVisual_t	load_vptr?	0x0	4	this:public void __thiscall RVisual_t::SetRenderPriority(enum RenderList_e) 	1004412e	FUN_1004412e
DisplaySystem.dll	RVisual_t	vcall	0x64	4	this:public void __thiscall RVisual_t::SetRenderPriority(enum RenderList_e) 	1004412e	FUN_1004412e
DisplaySystem.dll	RVisual_t	load	0x2F4	4	this:public void __thiscall RVisual_t::SetRenderPriority(enum RenderList_e) 	1004412e	FUN_1004412e
DisplaySystem.dll	RVisual_t	load	0x2F8	4	this:public void __thiscall RVisual_t::SetRenderPriority(enum RenderList_e) 	1004412e	FUN_1004412e
DisplaySystem.dll	RVisual_t	load	0x2E0	4	this:public void __thiscall RVisual_t::SetRenderPriority(enum RenderList_e) 	1004412e	FUN_1004412e
DisplaySystem.dll	RVisual_t	load_vptr?	0x0	4	this:public void __thiscall RVisual_t::SetRenderPriority(enum RenderList_e) 	1004412e	FUN_1004412e
DisplaySystem.dll	RVisual_t	vcall	0x6C	4	this:public void __thiscall RVisual_t::SetRenderPriority(enum RenderList_e) 	1004412e	FUN_1004412e
DisplaySystem.dll	RVisual_t	load_vptr?	0x0	4	this:public void __thiscall RVisual_t::SetRenderPriority(enum RenderList_e) 	1004412e	FUN_1004412e
DisplaySystem.dll	RVisual_t	vcall	0x70	4	this:public void __thiscall RVisual_t::SetRenderPriority(enum RenderList_e) 	1004412e	FUN_1004412e
DisplaySystem.dll	RVisual_t	load	0x1C4	1	this:public void __thiscall RVisual_t::SetRenderPriority(enum RenderList_e) 	1004412e	FUN_1004412e
DisplaySystem.dll	RVisual_t	store	0x1C4	1	this:public void __thiscall RVisual_t::SetRenderPriority(enum RenderList_e) 	1004412e	FUN_1004412e
DisplaySystem.dll	RVisual_t	store	0x2E0	4	this:public void __thiscall RVisual_t::SetRenderPriority(enum RenderList_e) 	1004412e	FUN_1004412e
DisplaySystem.dll	RRefFrame_t	load	0x180	4	this:public virtual void __thiscall RRefFrame_t::Process(void) 	1004591a	FUN_1004591a
DisplaySystem.dll	RRefFrame_t	load	0x2F8	4	this:public virtual void __thiscall RRefFrame_t::Process(void) 	1004591a	FUN_1004591a
DisplaySystem.dll	RRefFrame_t	load	0x2E0	4	this:public virtual void __thiscall RRefFrame_t::Process(void) 	1004591a	FUN_1004591a
DisplaySystem.dll	RRefFrame_t	store	0x2E0	4	this:public virtual void __thiscall RRefFrame_t::Process(void) 	1004591a	FUN_1004591a
DisplaySystem.dll	RRefFrame_t	load	0x330	4	this:public virtual void __thiscall RRefFrame_t::Process(void) 	1004591a	FUN_1004591a
DisplaySystem.dll	RRefFrame_t	load	0x334	4	this:public virtual void __thiscall RRefFrame_t::Process(void) 	1004591a	FUN_1004591a
DisplaySystem.dll	RRefFrame_t	load	0x338	4	this:public virtual void __thiscall RRefFrame_t::Process(void) 	1004591a	FUN_1004591a
DisplaySystem.dll	RRefFrame_t	load	0x33C	4	this:public virtual void __thiscall RRefFrame_t::Process(void) 	1004591a	FUN_1004591a
DisplaySystem.dll	RRefFrame_t	load	0x334	4	this:public virtual void __thiscall RRefFrame_t::Process(void) 	1004591a	FUN_1004591a
DisplaySystem.dll	RRefFrame_t	load	0x33C	4	this:public virtual void __thiscall RRefFrame_t::Process(void) 	1004591a	FUN_1004591a
DisplaySystem.dll	RRefFrame_t	load	0x338	4	this:public virtual void __thiscall RRefFrame_t::Process(void) 	1004591a	FUN_1004591a
DisplaySystem.dll	RRefFrame_t	load	0x2FC	4	this:public virtual void __thiscall RRefFrame_t::Process(void) 	1004591a	FUN_1004591a
DisplaySystem.dll	RRefFrame_t	load	0x300	4	this:public virtual void __thiscall RRefFrame_t::Process(void) 	1004591a	FUN_1004591a
DisplaySystem.dll	RRefFrame_t	load	0x2FC	4	this:public virtual void __thiscall RRefFrame_t::Process(void) 	1004591a	FUN_1004591a
DisplaySystem.dll	RRefFrame_t	load	0xE4	4	this:public virtual void __thiscall RRefFrame_t::Process(void) 	1004591a	FUN_1004591a
DisplaySystem.dll	RRefFrame_t	load	0x180	4	this:public class TMatrix4_t const & __thiscall RRefFrame_t::GetWorldMatrix(void) const 	10047300	FUN_10047300
DisplaySystem.dll	RRefFrame_t	load	0x2E0	4	this:public class TMatrix4_t const & __thiscall RRefFrame_t::GetWorldMatrix(void) const 	10047300	FUN_10047300
DisplaySystem.dll	RRefFrame_t	store	0x2E0	4	this:public class TMatrix4_t const & __thiscall RRefFrame_t::GetWorldMatrix(void) const 	10047300	FUN_10047300
DisplaySystem.dll	RRefFrame_t	load	0x2E0	4	this:public class TMatrix4_t const & __thiscall RRefFrame_t::GetWorldMatrix(void) const 	10047300	FUN_10047300
DisplaySystem.dll	RRefFrame_t	load	0x30C	4	this:public class TMatrix4_t const & __thiscall RRefFrame_t::GetWorldMatrix(void) const 	10047300	FUN_10047300
DisplaySystem.dll	RRefFrame_t	load	0x310	4	this:public class TMatrix4_t const & __thiscall RRefFrame_t::GetWorldMatrix(void) const 	10047300	FUN_10047300
DisplaySystem.dll	RRefFrame_t	load	0x3C	4	this:public class TMatrix4_t const & __thiscall RRefFrame_t::GetWorldMatrix(void) const 	10047300	FUN_10047300
DisplaySystem.dll	RRefFrame_t	load	0x318	4	this:public class TMatrix4_t const & __thiscall RRefFrame_t::GetWorldMatrix(void) const 	10047300	FUN_10047300
DisplaySystem.dll	RRefFrame_t	load	0x31C	4	this:public class TMatrix4_t const & __thiscall RRefFrame_t::GetWorldMatrix(void) const 	10047300	FUN_10047300
DisplaySystem.dll	RRefFrame_t	addr_passed	0x320	0	this:public class TMatrix4_t const & __thiscall RRefFrame_t::GetWorldMatrix(void) const 	10047300	FUN_10047300
DisplaySystem.dll	RRefFrame_t	load	0x304	4	this:public class TMatrix4_t const & __thiscall RRefFrame_t::GetWorldMatrix(void) const 	10047300	FUN_10047300
DisplaySystem.dll	RRefFrame_t	load	0x308	4	this:public class TMatrix4_t const & __thiscall RRefFrame_t::GetWorldMatrix(void) const 	10047300	FUN_10047300
DisplaySystem.dll	RRefFrame_t	load	0x308	4	this:public class TMatrix4_t const & __thiscall RRefFrame_t::GetWorldMatrix(void) const 	10047300	FUN_10047300
DisplaySystem.dll	RRefFrame_t	load	0x314	4	this:public class TMatrix4_t const & __thiscall RRefFrame_t::GetWorldMatrix(void) const 	10047300	FUN_10047300
DisplaySystem.dll	RRefFrame_t	load	0x17C	4	this:public class TMatrix4_t const & __thiscall RRefFrame_t::GetWorldMatrix(void) const 	10047300	FUN_10047300
DisplaySystem.dll	RRefFrame_t	load	0x2D4	4	this:public class TMatrix4_t const & __thiscall RRefFrame_t::GetWorldMatrix(void) const 	10047300	FUN_10047300
DisplaySystem.dll	RRefFrame_t	load	0x368	4	this:public class TMatrix4_t const & __thiscall RRefFrame_t::GetWorldMatrix(void) const 	10047300	FUN_10047300
DisplaySystem.dll	RRefFrame_t	load	0x1C0	4	this:public class TMatrix4_t const & __thiscall RRefFrame_t::GetWorldMatrix(void) const 	10047300	FUN_10047300
DisplaySystem.dll	RRefFrame_t	store	0x1C0	4	this:public class TMatrix4_t const & __thiscall RRefFrame_t::GetWorldMatrix(void) const 	10047300	FUN_10047300
DisplaySystem.dll	RRefFrame_t	load	0x2E8	4	this:public class TMatrix4_t const & __thiscall RRefFrame_t::GetWorldMatrix(void) const 	10047300	FUN_10047300
DisplaySystem.dll	RRefFrame_t	load	0x2E4	4	this:public class TMatrix4_t const & __thiscall RRefFrame_t::GetWorldMatrix(void) const 	10047300	FUN_10047300
DisplaySystem.dll	RRefFrame_t	load	0x2F0	4	this:public class TMatrix4_t const & __thiscall RRefFrame_t::GetWorldMatrix(void) const 	10047300	FUN_10047300
DisplaySystem.dll	RRefFrame_t	load	0x364	4	this:public class TMatrix4_t const & __thiscall RRefFrame_t::GetWorldMatrix(void) const 	10047300	FUN_10047300
DisplaySystem.dll	RRefFrame_t	load	0x3C8	4	this:public class TMatrix4_t const & __thiscall RRefFrame_t::GetWorldMatrix(void) const 	10047300	FUN_10047300
DisplaySystem.dll	RRefFrame_t	load	0x3CC	4	this:public class TMatrix4_t const & __thiscall RRefFrame_t::GetWorldMatrix(void) const 	10047300	FUN_10047300
DisplaySystem.dll	RRefFrame_t	load	0x3D0	4	this:public class TMatrix4_t const & __thiscall RRefFrame_t::GetWorldMatrix(void) const 	10047300	FUN_10047300
DisplaySystem.dll	RRefFrame_t	load	0x3D4	4	this:public class TMatrix4_t const & __thiscall RRefFrame_t::GetWorldMatrix(void) const 	10047300	FUN_10047300
DisplaySystem.dll	RRefFrame_t	load	0x3D8	4	this:public class TMatrix4_t const & __thiscall RRefFrame_t::GetWorldMatrix(void) const 	10047300	FUN_10047300
DisplaySystem.dll	RRefFrame_t	load	0x3DC	4	this:public class TMatrix4_t const & __thiscall RRefFrame_t::GetWorldMatrix(void) const 	10047300	FUN_10047300
DisplaySystem.dll	RRefFrame_t	load	0x3E0	4	this:public class TMatrix4_t const & __thiscall RRefFrame_t::GetWorldMatrix(void) const 	10047300	FUN_10047300
DisplaySystem.dll	RRefFrame_t	load	0x3E4	4	this:public class TMatrix4_t const & __thiscall RRefFrame_t::GetWorldMatrix(void) const 	10047300	FUN_10047300
DisplaySystem.dll	RRefFrame_t	load	0x3E8	4	this:public class TMatrix4_t const & __thiscall RRefFrame_t::GetWorldMatrix(void) const 	10047300	FUN_10047300
DisplaySystem.dll	RRefFrame_t	load	0x3EC	4	this:public class TMatrix4_t const & __thiscall RRefFrame_t::GetWorldMatrix(void) const 	10047300	FUN_10047300
DisplaySystem.dll	RRefFrame_t	load	0x3F0	4	this:public class TMatrix4_t const & __thiscall RRefFrame_t::GetWorldMatrix(void) const 	10047300	FUN_10047300
DisplaySystem.dll	RRefFrame_t	load	0x3F4	4	this:public class TMatrix4_t const & __thiscall RRefFrame_t::GetWorldMatrix(void) const 	10047300	FUN_10047300
DisplaySystem.dll	RRefFrame_t	load	0x3F8	4	this:public class TMatrix4_t const & __thiscall RRefFrame_t::GetWorldMatrix(void) const 	10047300	FUN_10047300
DisplaySystem.dll	RRefFrame_t	load	0x3FC	4	this:public class TMatrix4_t const & __thiscall RRefFrame_t::GetWorldMatrix(void) const 	10047300	FUN_10047300
DisplaySystem.dll	RRefFrame_t	load	0x400	4	this:public class TMatrix4_t const & __thiscall RRefFrame_t::GetWorldMatrix(void) const 	10047300	FUN_10047300
DisplaySystem.dll	RRefFrame_t	load	0x404	4	this:public class TMatrix4_t const & __thiscall RRefFrame_t::GetWorldMatrix(void) const 	10047300	FUN_10047300
DisplaySystem.dll	RRefFrame_t	load	0x408	4	this:public class TMatrix4_t const & __thiscall RRefFrame_t::GetWorldMatrix(void) const 	10047300	FUN_10047300
DisplaySystem.dll	RRefFrame_t	load	0x40C	4	this:public class TMatrix4_t const & __thiscall RRefFrame_t::GetWorldMatrix(void) const 	10047300	FUN_10047300
DisplaySystem.dll	RRefFrame_t	load	0x36C	4	this:public class TMatrix4_t const & __thiscall RRefFrame_t::GetWorldMatrix(void) const 	10047300	FUN_10047300
DisplaySystem.dll	RRefFrame_t	load	0x410	4	this:public class TMatrix4_t const & __thiscall RRefFrame_t::GetWorldMatrix(void) const 	10047300	FUN_10047300
DisplaySystem.dll	RRefFrame_t	load	0x414	4	this:public class TMatrix4_t const & __thiscall RRefFrame_t::GetWorldMatrix(void) const 	10047300	FUN_10047300
DisplaySystem.dll	RRefFrame_t	load	0x418	4	this:public class TMatrix4_t const & __thiscall RRefFrame_t::GetWorldMatrix(void) const 	10047300	FUN_10047300
DisplaySystem.dll	RRefFrame_t	load	0x41C	4	this:public class TMatrix4_t const & __thiscall RRefFrame_t::GetWorldMatrix(void) const 	10047300	FUN_10047300
DisplaySystem.dll	RRefFrame_t	load	0x420	4	this:public class TMatrix4_t const & __thiscall RRefFrame_t::GetWorldMatrix(void) const 	10047300	FUN_10047300
DisplaySystem.dll	RRefFrame_t	load	0x424	4	this:public class TMatrix4_t const & __thiscall RRefFrame_t::GetWorldMatrix(void) const 	10047300	FUN_10047300
DisplaySystem.dll	RRefFrame_t	load	0x428	4	this:public class TMatrix4_t const & __thiscall RRefFrame_t::GetWorldMatrix(void) const 	10047300	FUN_10047300
DisplaySystem.dll	RRefFrame_t	load	0x42C	4	this:public class TMatrix4_t const & __thiscall RRefFrame_t::GetWorldMatrix(void) const 	10047300	FUN_10047300
DisplaySystem.dll	RRefFrame_t	load	0x430	4	this:public class TMatrix4_t const & __thiscall RRefFrame_t::GetWorldMatrix(void) const 	10047300	FUN_10047300
DisplaySystem.dll	RRefFrame_t	load	0x434	4	this:public class TMatrix4_t const & __thiscall RRefFrame_t::GetWorldMatrix(void) const 	10047300	FUN_10047300
DisplaySystem.dll	RRefFrame_t	load	0x438	4	this:public class TMatrix4_t const & __thiscall RRefFrame_t::GetWorldMatrix(void) const 	10047300	FUN_10047300
DisplaySystem.dll	RRefFrame_t	load	0x43C	4	this:public class TMatrix4_t const & __thiscall RRefFrame_t::GetWorldMatrix(void) const 	10047300	FUN_10047300
DisplaySystem.dll	RRefFrame_t	load	0x440	4	this:public class TMatrix4_t const & __thiscall RRefFrame_t::GetWorldMatrix(void) const 	10047300	FUN_10047300
DisplaySystem.dll	RRefFrame_t	load	0x444	4	this:public class TMatrix4_t const & __thiscall RRefFrame_t::GetWorldMatrix(void) const 	10047300	FUN_10047300
DisplaySystem.dll	RRefFrame_t	load	0x448	4	this:public class TMatrix4_t const & __thiscall RRefFrame_t::GetWorldMatrix(void) const 	10047300	FUN_10047300
DisplaySystem.dll	RRefFrame_t	load	0x44C	4	this:public class TMatrix4_t const & __thiscall RRefFrame_t::GetWorldMatrix(void) const 	10047300	FUN_10047300
DisplaySystem.dll	RRefFrame_t	load	0x450	4	this:public class TMatrix4_t const & __thiscall RRefFrame_t::GetWorldMatrix(void) const 	10047300	FUN_10047300
DisplaySystem.dll	RRefFrame_t	load	0x454	4	this:public class TMatrix4_t const & __thiscall RRefFrame_t::GetWorldMatrix(void) const 	10047300	FUN_10047300
DisplaySystem.dll	RRefFrame_t	load	0x3A4	4	this:public class TMatrix4_t const & __thiscall RRefFrame_t::GetWorldMatrix(void) const 	10047300	FUN_10047300
DisplaySystem.dll	RRefFrame_t	load	0x3A8	4	this:public class TMatrix4_t const & __thiscall RRefFrame_t::GetWorldMatrix(void) const 	10047300	FUN_10047300
DisplaySystem.dll	RRefFrame_t	load	0x3AC	4	this:public class TMatrix4_t const & __thiscall RRefFrame_t::GetWorldMatrix(void) const 	10047300	FUN_10047300
DisplaySystem.dll	RRefFrame_t	load	0x3B0	4	this:public class TMatrix4_t const & __thiscall RRefFrame_t::GetWorldMatrix(void) const 	10047300	FUN_10047300
DisplaySystem.dll	RRefFrame_t	load	0x3B4	4	this:public class TMatrix4_t const & __thiscall RRefFrame_t::GetWorldMatrix(void) const 	10047300	FUN_10047300
DisplaySystem.dll	RRefFrame_t	load	0x3B8	4	this:public class TMatrix4_t const & __thiscall RRefFrame_t::GetWorldMatrix(void) const 	10047300	FUN_10047300
DisplaySystem.dll	RRefFrame_t	load	0x3BC	4	this:public class TMatrix4_t const & __thiscall RRefFrame_t::GetWorldMatrix(void) const 	10047300	FUN_10047300
DisplaySystem.dll	RRefFrame_t	load	0x3C0	4	this:public class TMatrix4_t const & __thiscall RRefFrame_t::GetWorldMatrix(void) const 	10047300	FUN_10047300
DisplaySystem.dll	RRefFrame_t	load	0x3C4	4	this:public class TMatrix4_t const & __thiscall RRefFrame_t::GetWorldMatrix(void) const 	10047300	FUN_10047300
DisplaySystem.dll	RRefFrame_t	load	0x458	4	this:public class TMatrix4_t const & __thiscall RRefFrame_t::GetWorldMatrix(void) const 	10047300	FUN_10047300
DisplaySystem.dll	RRefFrame_t	load	0x45C	4	this:public class TMatrix4_t const & __thiscall RRefFrame_t::GetWorldMatrix(void) const 	10047300	FUN_10047300
DisplaySystem.dll	RRefFrame_t	load	0x460	4	this:public class TMatrix4_t const & __thiscall RRefFrame_t::GetWorldMatrix(void) const 	10047300	FUN_10047300
DisplaySystem.dll	RRefFrame_t	load	0x464	4	this:public class TMatrix4_t const & __thiscall RRefFrame_t::GetWorldMatrix(void) const 	10047300	FUN_10047300
DisplaySystem.dll	RRefFrame_t	load	0x468	4	this:public class TMatrix4_t const & __thiscall RRefFrame_t::GetWorldMatrix(void) const 	10047300	FUN_10047300
DisplaySystem.dll	RRefFrame_t	load	0x46C	4	this:public class TMatrix4_t const & __thiscall RRefFrame_t::GetWorldMatrix(void) const 	10047300	FUN_10047300
DisplaySystem.dll	RRefFrame_t	load	0x470	4	this:public class TMatrix4_t const & __thiscall RRefFrame_t::GetWorldMatrix(void) const 	10047300	FUN_10047300
DisplaySystem.dll	RRefFrame_t	load	0x474	4	this:public class TMatrix4_t const & __thiscall RRefFrame_t::GetWorldMatrix(void) const 	10047300	FUN_10047300
DisplaySystem.dll	RRefFrame_t	load	0x478	4	this:public class TMatrix4_t const & __thiscall RRefFrame_t::GetWorldMatrix(void) const 	10047300	FUN_10047300
DisplaySystem.dll	RRefFrame_t	load	0x47C	4	this:public class TMatrix4_t const & __thiscall RRefFrame_t::GetWorldMatrix(void) const 	10047300	FUN_10047300
DisplaySystem.dll	RRefFrame_t	load	0x480	4	this:public class TMatrix4_t const & __thiscall RRefFrame_t::GetWorldMatrix(void) const 	10047300	FUN_10047300
DisplaySystem.dll	RRefFrame_t	load	0x484	4	this:public class TMatrix4_t const & __thiscall RRefFrame_t::GetWorldMatrix(void) const 	10047300	FUN_10047300
DisplaySystem.dll	RRefFrame_t	load	0x488	4	this:public class TMatrix4_t const & __thiscall RRefFrame_t::GetWorldMatrix(void) const 	10047300	FUN_10047300
DisplaySystem.dll	RRefFrame_t	load	0x48C	4	this:public class TMatrix4_t const & __thiscall RRefFrame_t::GetWorldMatrix(void) const 	10047300	FUN_10047300
DisplaySystem.dll	RRefFrame_t	load	0x490	4	this:public class TMatrix4_t const & __thiscall RRefFrame_t::GetWorldMatrix(void) const 	10047300	FUN_10047300
DisplaySystem.dll	RRefFrame_t	load	0x494	4	this:public class TMatrix4_t const & __thiscall RRefFrame_t::GetWorldMatrix(void) const 	10047300	FUN_10047300
DisplaySystem.dll	RRefFrame_t	load	0x498	4	this:public class TMatrix4_t const & __thiscall RRefFrame_t::GetWorldMatrix(void) const 	10047300	FUN_10047300
DisplaySystem.dll	RRefFrame_t	load	0x49C	4	this:public class TMatrix4_t const & __thiscall RRefFrame_t::GetWorldMatrix(void) const 	10047300	FUN_10047300
DisplaySystem.dll	RRefFrame_t	load	0x4A0	4	this:public class TMatrix4_t const & __thiscall RRefFrame_t::GetWorldMatrix(void) const 	10047300	FUN_10047300
DisplaySystem.dll	RRefFrame_t	load	0x4A4	4	this:public class TMatrix4_t const & __thiscall RRefFrame_t::GetWorldMatrix(void) const 	10047300	FUN_10047300
DisplaySystem.dll	RRefFrame_t	load	0x4A8	4	this:public class TMatrix4_t const & __thiscall RRefFrame_t::GetWorldMatrix(void) const 	10047300	FUN_10047300
DisplaySystem.dll	RRefFrame_t	load	0x4AC	4	this:public class TMatrix4_t const & __thiscall RRefFrame_t::GetWorldMatrix(void) const 	10047300	FUN_10047300
DisplaySystem.dll	RRefFrame_t	load	0x4B0	4	this:public class TMatrix4_t const & __thiscall RRefFrame_t::GetWorldMatrix(void) const 	10047300	FUN_10047300
DisplaySystem.dll	RRefFrame_t	load	0x4B4	4	this:public class TMatrix4_t const & __thiscall RRefFrame_t::GetWorldMatrix(void) const 	10047300	FUN_10047300
DisplaySystem.dll	RRefFrame_t	load	0x4B8	4	this:public class TMatrix4_t const & __thiscall RRefFrame_t::GetWorldMatrix(void) const 	10047300	FUN_10047300
DisplaySystem.dll	RRefFrame_t	load	0x4BC	4	this:public class TMatrix4_t const & __thiscall RRefFrame_t::GetWorldMatrix(void) const 	10047300	FUN_10047300
DisplaySystem.dll	RRefFrame_t	load	0x4C0	4	this:public class TMatrix4_t const & __thiscall RRefFrame_t::GetWorldMatrix(void) const 	10047300	FUN_10047300
DisplaySystem.dll	RRefFrame_t	load	0x4C4	4	this:public class TMatrix4_t const & __thiscall RRefFrame_t::GetWorldMatrix(void) const 	10047300	FUN_10047300
DisplaySystem.dll	RRefFrame_t	load	0x4C8	4	this:public class TMatrix4_t const & __thiscall RRefFrame_t::GetWorldMatrix(void) const 	10047300	FUN_10047300
DisplaySystem.dll	RRefFrame_t	load	0x4CC	4	this:public class TMatrix4_t const & __thiscall RRefFrame_t::GetWorldMatrix(void) const 	10047300	FUN_10047300
DisplaySystem.dll	RRefFrame_t	load	0x4D0	4	this:public class TMatrix4_t const & __thiscall RRefFrame_t::GetWorldMatrix(void) const 	10047300	FUN_10047300
DisplaySystem.dll	RRefFrame_t	load	0x4D4	4	this:public class TMatrix4_t const & __thiscall RRefFrame_t::GetWorldMatrix(void) const 	10047300	FUN_10047300
DisplaySystem.dll	RRefFrame_t	load	0x4D8	4	this:public class TMatrix4_t const & __thiscall RRefFrame_t::GetWorldMatrix(void) const 	10047300	FUN_10047300
DisplaySystem.dll	RRefFrame_t	load	0x4DC	4	this:public class TMatrix4_t const & __thiscall RRefFrame_t::GetWorldMatrix(void) const 	10047300	FUN_10047300
DisplaySystem.dll	RRefFrame_t	load	0x4E0	4	this:public class TMatrix4_t const & __thiscall RRefFrame_t::GetWorldMatrix(void) const 	10047300	FUN_10047300
DisplaySystem.dll	RRefFrame_t	load	0x4E4	4	this:public class TMatrix4_t const & __thiscall RRefFrame_t::GetWorldMatrix(void) const 	10047300	FUN_10047300
DisplaySystem.dll	RRefFrame_t	load	0x4E8	4	this:public class TMatrix4_t const & __thiscall RRefFrame_t::GetWorldMatrix(void) const 	10047300	FUN_10047300
DisplaySystem.dll	RRefFrame_t	load	0x4EC	4	this:public class TMatrix4_t const & __thiscall RRefFrame_t::GetWorldMatrix(void) const 	10047300	FUN_10047300
DisplaySystem.dll	RRefFrame_t	load	0x4F0	4	this:public class TMatrix4_t const & __thiscall RRefFrame_t::GetWorldMatrix(void) const 	10047300	FUN_10047300
DisplaySystem.dll	RRefFrame_t	load	0x4F4	4	this:public class TMatrix4_t const & __thiscall RRefFrame_t::GetWorldMatrix(void) const 	10047300	FUN_10047300
DisplaySystem.dll	RRefFrame_t	load	0x4F8	4	this:public class TMatrix4_t const & __thiscall RRefFrame_t::GetWorldMatrix(void) const 	10047300	FUN_10047300
DisplaySystem.dll	RRefFrame_t	load	0x4FC	4	this:public class TMatrix4_t const & __thiscall RRefFrame_t::GetWorldMatrix(void) const 	10047300	FUN_10047300
DisplaySystem.dll	RRefFrame_t	load	0x500	4	this:public class TMatrix4_t const & __thiscall RRefFrame_t::GetWorldMatrix(void) const 	10047300	FUN_10047300
DisplaySystem.dll	RRefFrame_t	load	0x504	4	this:public class TMatrix4_t const & __thiscall RRefFrame_t::GetWorldMatrix(void) const 	10047300	FUN_10047300
DisplaySystem.dll	RRefFrame_t	load	0x508	4	this:public class TMatrix4_t const & __thiscall RRefFrame_t::GetWorldMatrix(void) const 	10047300	FUN_10047300
DisplaySystem.dll	RRefFrame_t	load	0x50C	4	this:public class TMatrix4_t const & __thiscall RRefFrame_t::GetWorldMatrix(void) const 	10047300	FUN_10047300
DisplaySystem.dll	RRefFrame_t	load	0x510	4	this:public class TMatrix4_t const & __thiscall RRefFrame_t::GetWorldMatrix(void) const 	10047300	FUN_10047300
DisplaySystem.dll	RRefFrame_t	load	0x514	4	this:public class TMatrix4_t const & __thiscall RRefFrame_t::GetWorldMatrix(void) const 	10047300	FUN_10047300
DisplaySystem.dll	RRefFrame_t	load	0x518	4	this:public class TMatrix4_t const & __thiscall RRefFrame_t::GetWorldMatrix(void) const 	10047300	FUN_10047300
DisplaySystem.dll	RRefFrame_t	load	0x51C	4	this:public class TMatrix4_t const & __thiscall RRefFrame_t::GetWorldMatrix(void) const 	10047300	FUN_10047300
DisplaySystem.dll	RRefFrame_t	load	0x520	4	this:public class TMatrix4_t const & __thiscall RRefFrame_t::GetWorldMatrix(void) const 	10047300	FUN_10047300
DisplaySystem.dll	RRefFrame_t	load	0x524	4	this:public class TMatrix4_t const & __thiscall RRefFrame_t::GetWorldMatrix(void) const 	10047300	FUN_10047300
DisplaySystem.dll	RRefFrame_t	load	0x528	4	this:public class TMatrix4_t const & __thiscall RRefFrame_t::GetWorldMatrix(void) const 	10047300	FUN_10047300
DisplaySystem.dll	RRefFrame_t	load	0x52C	4	this:public class TMatrix4_t const & __thiscall RRefFrame_t::GetWorldMatrix(void) const 	10047300	FUN_10047300
DisplaySystem.dll	RRefFrame_t	load	0x530	4	this:public class TMatrix4_t const & __thiscall RRefFrame_t::GetWorldMatrix(void) const 	10047300	FUN_10047300
DisplaySystem.dll	RRefFrame_t	load	0x534	4	this:public class TMatrix4_t const & __thiscall RRefFrame_t::GetWorldMatrix(void) const 	10047300	FUN_10047300
DisplaySystem.dll	RRefFrame_t	load	0x538	4	this:public class TMatrix4_t const & __thiscall RRefFrame_t::GetWorldMatrix(void) const 	10047300	FUN_10047300
DisplaySystem.dll	RRefFrame_t	load	0x53C	4	this:public class TMatrix4_t const & __thiscall RRefFrame_t::GetWorldMatrix(void) const 	10047300	FUN_10047300
DisplaySystem.dll	RRefFrame_t	load	0x540	4	this:public class TMatrix4_t const & __thiscall RRefFrame_t::GetWorldMatrix(void) const 	10047300	FUN_10047300
DisplaySystem.dll	RRefFrame_t	load	0x544	4	this:public class TMatrix4_t const & __thiscall RRefFrame_t::GetWorldMatrix(void) const 	10047300	FUN_10047300
DisplaySystem.dll	RRefFrame_t	load	0x548	4	this:public class TMatrix4_t const & __thiscall RRefFrame_t::GetWorldMatrix(void) const 	10047300	FUN_10047300
DisplaySystem.dll	RRefFrame_t	load	0x54C	4	this:public class TMatrix4_t const & __thiscall RRefFrame_t::GetWorldMatrix(void) const 	10047300	FUN_10047300
DisplaySystem.dll	RRefFrame_t	load	0x550	4	this:public class TMatrix4_t const & __thiscall RRefFrame_t::GetWorldMatrix(void) const 	10047300	FUN_10047300
DisplaySystem.dll	RRefFrame_t	load	0x554	4	this:public class TMatrix4_t const & __thiscall RRefFrame_t::GetWorldMatrix(void) const 	10047300	FUN_10047300
DisplaySystem.dll	RRefFrame_t	load	0x558	4	this:public class TMatrix4_t const & __thiscall RRefFrame_t::GetWorldMatrix(void) const 	10047300	FUN_10047300
DisplaySystem.dll	RRefFrame_t	load	0x55C	4	this:public class TMatrix4_t const & __thiscall RRefFrame_t::GetWorldMatrix(void) const 	10047300	FUN_10047300
DisplaySystem.dll	RRefFrame_t	load	0x560	4	this:public class TMatrix4_t const & __thiscall RRefFrame_t::GetWorldMatrix(void) const 	10047300	FUN_10047300
DisplaySystem.dll	RRefFrame_t	load	0x564	4	this:public class TMatrix4_t const & __thiscall RRefFrame_t::GetWorldMatrix(void) const 	10047300	FUN_10047300
DisplaySystem.dll	RRefFrame_t	load	0x568	4	this:public class TMatrix4_t const & __thiscall RRefFrame_t::GetWorldMatrix(void) const 	10047300	FUN_10047300
DisplaySystem.dll	RRefFrame_t	load	0x56C	4	this:public class TMatrix4_t const & __thiscall RRefFrame_t::GetWorldMatrix(void) const 	10047300	FUN_10047300
DisplaySystem.dll	RRefFrame_t	load	0x570	4	this:public class TMatrix4_t const & __thiscall RRefFrame_t::GetWorldMatrix(void) const 	10047300	FUN_10047300
DisplaySystem.dll	RRefFrame_t	load	0x574	4	this:public class TMatrix4_t const & __thiscall RRefFrame_t::GetWorldMatrix(void) const 	10047300	FUN_10047300
DisplaySystem.dll	RRefFrame_t	load	0x578	4	this:public class TMatrix4_t const & __thiscall RRefFrame_t::GetWorldMatrix(void) const 	10047300	FUN_10047300
DisplaySystem.dll	RRefFrame_t	load	0x57C	4	this:public class TMatrix4_t const & __thiscall RRefFrame_t::GetWorldMatrix(void) const 	10047300	FUN_10047300
DisplaySystem.dll	RRefFrame_t	load	0x580	4	this:public class TMatrix4_t const & __thiscall RRefFrame_t::GetWorldMatrix(void) const 	10047300	FUN_10047300
DisplaySystem.dll	RRefFrame_t	load	0x584	4	this:public class TMatrix4_t const & __thiscall RRefFrame_t::GetWorldMatrix(void) const 	10047300	FUN_10047300
DisplaySystem.dll	RRefFrame_t	load	0x588	4	this:public class TMatrix4_t const & __thiscall RRefFrame_t::GetWorldMatrix(void) const 	10047300	FUN_10047300
DisplaySystem.dll	RRefFrame_t	load	0x58C	4	this:public class TMatrix4_t const & __thiscall RRefFrame_t::GetWorldMatrix(void) const 	10047300	FUN_10047300
DisplaySystem.dll	RRefFrame_t	load	0x590	4	this:public class TMatrix4_t const & __thiscall RRefFrame_t::GetWorldMatrix(void) const 	10047300	FUN_10047300
DisplaySystem.dll	RRefFrame_t	load	0x594	4	this:public class TMatrix4_t const & __thiscall RRefFrame_t::GetWorldMatrix(void) const 	10047300	FUN_10047300
DisplaySystem.dll	RRefFrame_t	load	0x598	4	this:public class TMatrix4_t const & __thiscall RRefFrame_t::GetWorldMatrix(void) const 	10047300	FUN_10047300
DisplaySystem.dll	RRefFrame_t	load	0x59C	4	this:public class TMatrix4_t const & __thiscall RRefFrame_t::GetWorldMatrix(void) const 	10047300	FUN_10047300
DisplaySystem.dll	RRefFrame_t	load	0x5A0	4	this:public class TMatrix4_t const & __thiscall RRefFrame_t::GetWorldMatrix(void) const 	10047300	FUN_10047300
DisplaySystem.dll	RRefFrame_t	load	0x5A4	4	this:public class TMatrix4_t const & __thiscall RRefFrame_t::GetWorldMatrix(void) const 	10047300	FUN_10047300
DisplaySystem.dll	RRefFrame_t	load	0x5A8	4	this:public class TMatrix4_t const & __thiscall RRefFrame_t::GetWorldMatrix(void) const 	10047300	FUN_10047300
DisplaySystem.dll	RRefFrame_t	load	0x5AC	4	this:public class TMatrix4_t const & __thiscall RRefFrame_t::GetWorldMatrix(void) const 	10047300	FUN_10047300
DisplaySystem.dll	RRefFrame_t	load	0x5B0	4	this:public class TMatrix4_t const & __thiscall RRefFrame_t::GetWorldMatrix(void) const 	10047300	FUN_10047300
DisplaySystem.dll	RRefFrame_t	load	0x5B4	4	this:public class TMatrix4_t const & __thiscall RRefFrame_t::GetWorldMatrix(void) const 	10047300	FUN_10047300
DisplaySystem.dll	RRefFrame_t	load	0x5B8	4	this:public class TMatrix4_t const & __thiscall RRefFrame_t::GetWorldMatrix(void) const 	10047300	FUN_10047300
DisplaySystem.dll	RRefFrame_t	load	0x5BC	4	this:public class TMatrix4_t const & __thiscall RRefFrame_t::GetWorldMatrix(void) const 	10047300	FUN_10047300
DisplaySystem.dll	RRefFrame_t	load	0x5C0	4	this:public class TMatrix4_t const & __thiscall RRefFrame_t::GetWorldMatrix(void) const 	10047300	FUN_10047300
DisplaySystem.dll	RRefFrame_t	load	0x5C4	4	this:public class TMatrix4_t const & __thiscall RRefFrame_t::GetWorldMatrix(void) const 	10047300	FUN_10047300
DisplaySystem.dll	RRefFrame_t	load	0x5C8	4	this:public class TMatrix4_t const & __thiscall RRefFrame_t::GetWorldMatrix(void) const 	10047300	FUN_10047300
DisplaySystem.dll	RRefFrame_t	load	0x5CC	4	this:public class TMatrix4_t const & __thiscall RRefFrame_t::GetWorldMatrix(void) const 	10047300	FUN_10047300
DisplaySystem.dll	RRefFrame_t	load	0x5D0	4	this:public class TMatrix4_t const & __thiscall RRefFrame_t::GetWorldMatrix(void) const 	10047300	FUN_10047300
DisplaySystem.dll	RRefFrame_t	load	0x5D4	4	this:public class TMatrix4_t const & __thiscall RRefFrame_t::GetWorldMatrix(void) const 	10047300	FUN_10047300
DisplaySystem.dll	RRefFrame_t	load	0x5D8	4	this:public class TMatrix4_t const & __thiscall RRefFrame_t::GetWorldMatrix(void) const 	10047300	FUN_10047300
DisplaySystem.dll	RRefFrame_t	load	0x5DC	4	this:public class TMatrix4_t const & __thiscall RRefFrame_t::GetWorldMatrix(void) const 	10047300	FUN_10047300
DisplaySystem.dll	RRefFrame_t	load	0x5E0	4	this:public class TMatrix4_t const & __thiscall RRefFrame_t::GetWorldMatrix(void) const 	10047300	FUN_10047300
DisplaySystem.dll	RRefFrame_t	load	0x5E4	4	this:public class TMatrix4_t const & __thiscall RRefFrame_t::GetWorldMatrix(void) const 	10047300	FUN_10047300
DisplaySystem.dll	RRefFrame_t	load	0x5E8	4	this:public class TMatrix4_t const & __thiscall RRefFrame_t::GetWorldMatrix(void) const 	10047300	FUN_10047300
DisplaySystem.dll	RRefFrame_t	load	0x5EC	4	this:public class TMatrix4_t const & __thiscall RRefFrame_t::GetWorldMatrix(void) const 	10047300	FUN_10047300
DisplaySystem.dll	RRefFrame_t	load	0x5F0	4	this:public class TMatrix4_t const & __thiscall RRefFrame_t::GetWorldMatrix(void) const 	10047300	FUN_10047300
DisplaySystem.dll	RRefFrame_t	load	0x5F4	4	this:public class TMatrix4_t const & __thiscall RRefFrame_t::GetWorldMatrix(void) const 	10047300	FUN_10047300
DisplaySystem.dll	RRefFrame_t	load	0x5F8	4	this:public class TMatrix4_t const & __thiscall RRefFrame_t::GetWorldMatrix(void) const 	10047300	FUN_10047300
DisplaySystem.dll	RRefFrame_t	load	0x5FC	4	this:public class TMatrix4_t const & __thiscall RRefFrame_t::GetWorldMatrix(void) const 	10047300	FUN_10047300
DisplaySystem.dll	RRefFrame_t	load	0x600	4	this:public class TMatrix4_t const & __thiscall RRefFrame_t::GetWorldMatrix(void) const 	10047300	FUN_10047300
DisplaySystem.dll	RRefFrame_t	load	0x604	4	this:public class TMatrix4_t const & __thiscall RRefFrame_t::GetWorldMatrix(void) const 	10047300	FUN_10047300
DisplaySystem.dll	RRefFrame_t	load	0x608	4	this:public class TMatrix4_t const & __thiscall RRefFrame_t::GetWorldMatrix(void) const 	10047300	FUN_10047300
DisplaySystem.dll	RRefFrame_t	load	0x60C	4	this:public class TMatrix4_t const & __thiscall RRefFrame_t::GetWorldMatrix(void) const 	10047300	FUN_10047300
DisplaySystem.dll	RRefFrame_t	load	0x610	4	this:public class TMatrix4_t const & __thiscall RRefFrame_t::GetWorldMatrix(void) const 	10047300	FUN_10047300
DisplaySystem.dll	RRefFrame_t	load	0x614	4	this:public class TMatrix4_t const & __thiscall RRefFrame_t::GetWorldMatrix(void) const 	10047300	FUN_10047300
DisplaySystem.dll	RRefFrame_t	load	0x618	4	this:public class TMatrix4_t const & __thiscall RRefFrame_t::GetWorldMatrix(void) const 	10047300	FUN_10047300
DisplaySystem.dll	RRefFrame_t	load	0x61C	4	this:public class TMatrix4_t const & __thiscall RRefFrame_t::GetWorldMatrix(void) const 	10047300	FUN_10047300
DisplaySystem.dll	RRefFrame_t	load	0x620	4	this:public class TMatrix4_t const & __thiscall RRefFrame_t::GetWorldMatrix(void) const 	10047300	FUN_10047300
DisplaySystem.dll	RRefFrame_t	load	0x624	4	this:public class TMatrix4_t const & __thiscall RRefFrame_t::GetWorldMatrix(void) const 	10047300	FUN_10047300
DisplaySystem.dll	RRefFrame_t	load	0x628	4	this:public class TMatrix4_t const & __thiscall RRefFrame_t::GetWorldMatrix(void) const 	10047300	FUN_10047300
DisplaySystem.dll	RRefFrame_t	load	0x62C	4	this:public class TMatrix4_t const & __thiscall RRefFrame_t::GetWorldMatrix(void) const 	10047300	FUN_10047300
DisplaySystem.dll	RRefFrame_t	load	0x630	4	this:public class TMatrix4_t const & __thiscall RRefFrame_t::GetWorldMatrix(void) const 	10047300	FUN_10047300
DisplaySystem.dll	RRefFrame_t	load	0x634	4	this:public class TMatrix4_t const & __thiscall RRefFrame_t::GetWorldMatrix(void) const 	10047300	FUN_10047300
DisplaySystem.dll	RRefFrame_t	load	0x638	4	this:public class TMatrix4_t const & __thiscall RRefFrame_t::GetWorldMatrix(void) const 	10047300	FUN_10047300
DisplaySystem.dll	RRefFrame_t	load	0x63C	4	this:public class TMatrix4_t const & __thiscall RRefFrame_t::GetWorldMatrix(void) const 	10047300	FUN_10047300
DisplaySystem.dll	RRefFrame_t	load	0x640	4	this:public class TMatrix4_t const & __thiscall RRefFrame_t::GetWorldMatrix(void) const 	10047300	FUN_10047300
DisplaySystem.dll	RRefFrame_t	load	0x644	4	this:public class TMatrix4_t const & __thiscall RRefFrame_t::GetWorldMatrix(void) const 	10047300	FUN_10047300
DisplaySystem.dll	RRefFrame_t	load	0x648	4	this:public class TMatrix4_t const & __thiscall RRefFrame_t::GetWorldMatrix(void) const 	10047300	FUN_10047300
DisplaySystem.dll	RRefFrame_t	load	0x64C	4	this:public class TMatrix4_t const & __thiscall RRefFrame_t::GetWorldMatrix(void) const 	10047300	FUN_10047300
DisplaySystem.dll	RRefFrame_t	load	0x650	4	this:public class TMatrix4_t const & __thiscall RRefFrame_t::GetWorldMatrix(void) const 	10047300	FUN_10047300
DisplaySystem.dll	RRefFrame_t	load	0x654	4	this:public class TMatrix4_t const & __thiscall RRefFrame_t::GetWorldMatrix(void) const 	10047300	FUN_10047300
DisplaySystem.dll	RRefFrame_t	load	0x658	4	this:public class TMatrix4_t const & __thiscall RRefFrame_t::GetWorldMatrix(void) const 	10047300	FUN_10047300
DisplaySystem.dll	RRefFrame_t	load	0x65C	4	this:public class TMatrix4_t const & __thiscall RRefFrame_t::GetWorldMatrix(void) const 	10047300	FUN_10047300
DisplaySystem.dll	RRefFrame_t	load	0x660	4	this:public class TMatrix4_t const & __thiscall RRefFrame_t::GetWorldMatrix(void) const 	10047300	FUN_10047300
DisplaySystem.dll	RRefFrame_t	load	0x664	4	this:public class TMatrix4_t const & __thiscall RRefFrame_t::GetWorldMatrix(void) const 	10047300	FUN_10047300
DisplaySystem.dll	RRefFrame_t	load	0x668	4	this:public class TMatrix4_t const & __thiscall RRefFrame_t::GetWorldMatrix(void) const 	10047300	FUN_10047300
DisplaySystem.dll	RRefFrame_t	load	0x66C	4	this:public class TMatrix4_t const & __thiscall RRefFrame_t::GetWorldMatrix(void) const 	10047300	FUN_10047300
DisplaySystem.dll	RRefFrame_t	load	0x670	4	this:public class TMatrix4_t const & __thiscall RRefFrame_t::GetWorldMatrix(void) const 	10047300	FUN_10047300
DisplaySystem.dll	RRefFrame_t	load	0x674	4	this:public class TMatrix4_t const & __thiscall RRefFrame_t::GetWorldMatrix(void) const 	10047300	FUN_10047300
DisplaySystem.dll	RRefFrame_t	load	0x678	4	this:public class TMatrix4_t const & __thiscall RRefFrame_t::GetWorldMatrix(void) const 	10047300	FUN_10047300
DisplaySystem.dll	RRefFrame_t	load	0x67C	4	this:public class TMatrix4_t const & __thiscall RRefFrame_t::GetWorldMatrix(void) const 	10047300	FUN_10047300
DisplaySystem.dll	RRefFrame_t	load	0x680	4	this:public class TMatrix4_t const & __thiscall RRefFrame_t::GetWorldMatrix(void) const 	10047300	FUN_10047300
DisplaySystem.dll	RRefFrame_t	load	0x684	4	this:public class TMatrix4_t const & __thiscall RRefFrame_t::GetWorldMatrix(void) const 	10047300	FUN_10047300
DisplaySystem.dll	RRefFrame_t	load	0x688	4	this:public class TMatrix4_t const & __thiscall RRefFrame_t::GetWorldMatrix(void) const 	10047300	FUN_10047300
DisplaySystem.dll	RRefFrame_t	load	0x68C	4	this:public class TMatrix4_t const & __thiscall RRefFrame_t::GetWorldMatrix(void) const 	10047300	FUN_10047300
DisplaySystem.dll	RRefFrame_t	load	0x690	4	this:public class TMatrix4_t const & __thiscall RRefFrame_t::GetWorldMatrix(void) const 	10047300	FUN_10047300
DisplaySystem.dll	RRefFrame_t	load	0x694	4	this:public class TMatrix4_t const & __thiscall RRefFrame_t::GetWorldMatrix(void) const 	10047300	FUN_10047300
DisplaySystem.dll	RRefFrame_t	load	0x698	4	this:public class TMatrix4_t const & __thiscall RRefFrame_t::GetWorldMatrix(void) const 	10047300	FUN_10047300
DisplaySystem.dll	RRefFrame_t	load	0x69C	4	this:public class TMatrix4_t const & __thiscall RRefFrame_t::GetWorldMatrix(void) const 	10047300	FUN_10047300
DisplaySystem.dll	RRefFrame_t	load	0x6A0	4	this:public class TMatrix4_t const & __thiscall RRefFrame_t::GetWorldMatrix(void) const 	10047300	FUN_10047300
DisplaySystem.dll	RRefFrame_t	load	0x6A4	4	this:public class TMatrix4_t const & __thiscall RRefFrame_t::GetWorldMatrix(void) const 	10047300	FUN_10047300
DisplaySystem.dll	RRefFrame_t	load	0x6A8	4	this:public class TMatrix4_t const & __thiscall RRefFrame_t::GetWorldMatrix(void) const 	10047300	FUN_10047300
DisplaySystem.dll	RRefFrame_t	load	0x6AC	4	this:public class TMatrix4_t const & __thiscall RRefFrame_t::GetWorldMatrix(void) const 	10047300	FUN_10047300
DisplaySystem.dll	RRefFrame_t	load	0x6B0	4	this:public class TMatrix4_t const & __thiscall RRefFrame_t::GetWorldMatrix(void) const 	10047300	FUN_10047300
DisplaySystem.dll	RRefFrame_t	load	0x6B4	4	this:public class TMatrix4_t const & __thiscall RRefFrame_t::GetWorldMatrix(void) const 	10047300	FUN_10047300
DisplaySystem.dll	RRefFrame_t	load	0x6B8	4	this:public class TMatrix4_t const & __thiscall RRefFrame_t::GetWorldMatrix(void) const 	10047300	FUN_10047300
DisplaySystem.dll	RRefFrame_t	load	0x6BC	4	this:public class TMatrix4_t const & __thiscall RRefFrame_t::GetWorldMatrix(void) const 	10047300	FUN_10047300
DisplaySystem.dll	RRefFrame_t	load	0x6C0	4	this:public class TMatrix4_t const & __thiscall RRefFrame_t::GetWorldMatrix(void) const 	10047300	FUN_10047300
DisplaySystem.dll	RRefFrame_t	load	0x6C4	4	this:public class TMatrix4_t const & __thiscall RRefFrame_t::GetWorldMatrix(void) const 	10047300	FUN_10047300
DisplaySystem.dll	RRefFrame_t	load	0x6C8	4	this:public class TMatrix4_t const & __thiscall RRefFrame_t::GetWorldMatrix(void) const 	10047300	FUN_10047300
DisplaySystem.dll	RRefFrame_t	load	0x6CC	4	this:public class TMatrix4_t const & __thiscall RRefFrame_t::GetWorldMatrix(void) const 	10047300	FUN_10047300
DisplaySystem.dll	RRefFrame_t	load	0x6D0	4	this:public class TMatrix4_t const & __thiscall RRefFrame_t::GetWorldMatrix(void) const 	10047300	FUN_10047300
DisplaySystem.dll	RRefFrame_t	load	0x6D4	4	this:public class TMatrix4_t const & __thiscall RRefFrame_t::GetWorldMatrix(void) const 	10047300	FUN_10047300
DisplaySystem.dll	RRefFrame_t	load	0x6D8	4	this:public class TMatrix4_t const & __thiscall RRefFrame_t::GetWorldMatrix(void) const 	10047300	FUN_10047300
DisplaySystem.dll	RRefFrame_t	load	0x6DC	4	this:public class TMatrix4_t const & __thiscall RRefFrame_t::GetWorldMatrix(void) const 	10047300	FUN_10047300
DisplaySystem.dll	RRefFrame_t	load	0x6E0	4	this:public class TMatrix4_t const & __thiscall RRefFrame_t::GetWorldMatrix(void) const 	10047300	FUN_10047300
DisplaySystem.dll	RRefFrame_t	load	0x6E4	4	this:public class TMatrix4_t const & __thiscall RRefFrame_t::GetWorldMatrix(void) const 	10047300	FUN_10047300
DisplaySystem.dll	RRefFrame_t	load	0x6E8	4	this:public class TMatrix4_t const & __thiscall RRefFrame_t::GetWorldMatrix(void) const 	10047300	FUN_10047300
DisplaySystem.dll	RRefFrame_t	load	0x6EC	4	this:public class TMatrix4_t const & __thiscall RRefFrame_t::GetWorldMatrix(void) const 	10047300	FUN_10047300
DisplaySystem.dll	RRefFrame_t	load	0x6F0	4	this:public class TMatrix4_t const & __thiscall RRefFrame_t::GetWorldMatrix(void) const 	10047300	FUN_10047300
DisplaySystem.dll	RRefFrame_t	load	0x6F4	4	this:public class TMatrix4_t const & __thiscall RRefFrame_t::GetWorldMatrix(void) const 	10047300	FUN_10047300
DisplaySystem.dll	RRefFrame_t	load	0x6F8	4	this:public class TMatrix4_t const & __thiscall RRefFrame_t::GetWorldMatrix(void) const 	10047300	FUN_10047300
DisplaySystem.dll	RRefFrame_t	load	0x6FC	4	this:public class TMatrix4_t const & __thiscall RRefFrame_t::GetWorldMatrix(void) const 	10047300	FUN_10047300
DisplaySystem.dll	RRefFrame_t	load	0x700	4	this:public class TMatrix4_t const & __thiscall RRefFrame_t::GetWorldMatrix(void) const 	10047300	FUN_10047300
DisplaySystem.dll	RRefFrame_t	load	0x704	4	this:public class TMatrix4_t const & __thiscall RRefFrame_t::GetWorldMatrix(void) const 	10047300	FUN_10047300
DisplaySystem.dll	RRefFrame_t	load	0x708	4	this:public class TMatrix4_t const & __thiscall RRefFrame_t::GetWorldMatrix(void) const 	10047300	FUN_10047300
DisplaySystem.dll	RRefFrame_t	load	0x70C	4	this:public class TMatrix4_t const & __thiscall RRefFrame_t::GetWorldMatrix(void) const 	10047300	FUN_10047300
DisplaySystem.dll	RRefFrame_t	load	0x710	4	this:public class TMatrix4_t const & __thiscall RRefFrame_t::GetWorldMatrix(void) const 	10047300	FUN_10047300
DisplaySystem.dll	RRefFrame_t	load	0x714	4	this:public class TMatrix4_t const & __thiscall RRefFrame_t::GetWorldMatrix(void) const 	10047300	FUN_10047300
DisplaySystem.dll	RRefFrame_t	load	0x718	4	this:public class TMatrix4_t const & __thiscall RRefFrame_t::GetWorldMatrix(void) const 	10047300	FUN_10047300
DisplaySystem.dll	RRefFrame_t	load	0x71C	4	this:public class TMatrix4_t const & __thiscall RRefFrame_t::GetWorldMatrix(void) const 	10047300	FUN_10047300
DisplaySystem.dll	RRefFrame_t	load	0x720	4	this:public class TMatrix4_t const & __thiscall RRefFrame_t::GetWorldMatrix(void) const 	10047300	FUN_10047300
DisplaySystem.dll	RRefFrame_t	load	0x724	4	this:public class TMatrix4_t const & __thiscall RRefFrame_t::GetWorldMatrix(void) const 	10047300	FUN_10047300
DisplaySystem.dll	RRefFrame_t	load	0x2E4	4	this:public class TMatrix4_t const & __thiscall RRefFrame_t::GetWorldMatrix(void) const 	10047300	FUN_10047300
DisplaySystem.dll	RRefFrame_t	load	0x2E4	4	this:public class TMatrix4_t const & __thiscall RRefFrame_t::GetWorldMatrix(void) const 	10047300	FUN_10047300
DisplaySystem.dll	RRefFrame_t	load	0x2E4	4	this:public class TMatrix4_t const & __thiscall RRefFrame_t::GetWorldMatrix(void) const 	10047300	FUN_10047300
DisplaySystem.dll	RRefFrame_t	load	0x1C0	4	this:public class TMatrix4_t const & __thiscall RRefFrame_t::GetWorldMatrix(void) const 	10047300	FUN_10047300
DisplaySystem.dll	RRefFrame_t	load	0x1C0	4	this:public class TMatrix4_t const & __thiscall RRefFrame_t::GetWorldMatrix(void) const 	10047300	FUN_10047300
DisplaySystem.dll	RRefFrame_t	load	0x1C0	4	this:public class TMatrix4_t const & __thiscall RRefFrame_t::GetWorldMatrix(void) const 	10047300	FUN_10047300
DisplaySystem.dll	RRefFrame_t	load	0x1C0	4	this:public class TMatrix4_t const & __thiscall RRefFrame_t::GetWorldMatrix(void) const 	10047300	FUN_10047300
DisplaySystem.dll	RRefFrame_t	load	0x2E8	4	this:public class TMatrix4_t const & __thiscall RRefFrame_t::GetWorldMatrix(void) const 	10047300	FUN_10047300
DisplaySystem.dll	RRefFrame_t	load	0x2E8	4	this:public class TMatrix4_t const & __thiscall RRefFrame_t::GetWorldMatrix(void) const 	10047300	FUN_10047300
DisplaySystem.dll	RRefFrame_t	load	0x2E4	4	this:public class TMatrix4_t const & __thiscall RRefFrame_t::GetWorldMatrix(void) const 	10047300	FUN_10047300
DisplaySystem.dll	RRefFrame_t	load	0x2E4	4	this:public class TMatrix4_t const & __thiscall RRefFrame_t::GetWorldMatrix(void) const 	10047300	FUN_10047300
DisplaySystem.dll	RRefFrame_t	load	0x2E4	4	this:public class TMatrix4_t const & __thiscall RRefFrame_t::GetWorldMatrix(void) const 	10047300	FUN_10047300
DisplaySystem.dll	RRefFrame_t	load	0x370	4	this:public class TMatrix4_t const & __thiscall RRefFrame_t::GetWorldMatrix(void) const 	10047300	FUN_10047300
DisplaySystem.dll	RRefFrame_t	load	0x374	4	this:public class TMatrix4_t const & __thiscall RRefFrame_t::GetWorldMatrix(void) const 	10047300	FUN_10047300
DisplaySystem.dll	RRefFrame_t	load	0x378	4	this:public class TMatrix4_t const & __thiscall RRefFrame_t::GetWorldMatrix(void) const 	10047300	FUN_10047300
DisplaySystem.dll	RRefFrame_t	load	0x37C	4	this:public class TMatrix4_t const & __thiscall RRefFrame_t::GetWorldMatrix(void) const 	10047300	FUN_10047300
DisplaySystem.dll	RRefFrame_t	load	0x380	4	this:public class TMatrix4_t const & __thiscall RRefFrame_t::GetWorldMatrix(void) const 	10047300	FUN_10047300
DisplaySystem.dll	RRefFrame_t	load	0x384	4	this:public class TMatrix4_t const & __thiscall RRefFrame_t::GetWorldMatrix(void) const 	10047300	FUN_10047300
DisplaySystem.dll	RRefFrame_t	load	0x388	4	this:public class TMatrix4_t const & __thiscall RRefFrame_t::GetWorldMatrix(void) const 	10047300	FUN_10047300
DisplaySystem.dll	RRefFrame_t	load	0x38C	4	this:public class TMatrix4_t const & __thiscall RRefFrame_t::GetWorldMatrix(void) const 	10047300	FUN_10047300
DisplaySystem.dll	RRefFrame_t	load	0x390	4	this:public class TMatrix4_t const & __thiscall RRefFrame_t::GetWorldMatrix(void) const 	10047300	FUN_10047300
DisplaySystem.dll	RRefFrame_t	load	0x398	4	this:public class TMatrix4_t const & __thiscall RRefFrame_t::GetWorldMatrix(void) const 	10047300	FUN_10047300
DisplaySystem.dll	RRefFrame_t	load	0x394	4	this:public class TMatrix4_t const & __thiscall RRefFrame_t::GetWorldMatrix(void) const 	10047300	FUN_10047300
DisplaySystem.dll	RRefFrame_t	load	0x39C	4	this:public class TMatrix4_t const & __thiscall RRefFrame_t::GetWorldMatrix(void) const 	10047300	FUN_10047300
DisplaySystem.dll	RRefFrame_t	load	0x3A0	4	this:public class TMatrix4_t const & __thiscall RRefFrame_t::GetWorldMatrix(void) const 	10047300	FUN_10047300
DisplaySystem.dll	RRefFrame_t	load	0x2F0	4	this:public class TMatrix4_t const & __thiscall RRefFrame_t::GetWorldMatrix(void) const 	10047300	FUN_10047300
DisplaySystem.dll	RRefFrame_t	load	0x2E8	4	this:public class TMatrix4_t const & __thiscall RRefFrame_t::GetWorldMatrix(void) const 	10047300	FUN_10047300
DisplaySystem.dll	RRefFrame_t	load	0x2E4	4	this:public class TMatrix4_t const & __thiscall RRefFrame_t::GetWorldMatrix(void) const 	10047300	FUN_10047300
DisplaySystem.dll	RRefFrame_t	load	0x2E8	4	this:public class TMatrix4_t const & __thiscall RRefFrame_t::GetWorldMatrix(void) const 	10047300	FUN_10047300
DisplaySystem.dll	RRefFrame_t	load	0x2E8	4	this:public class TMatrix4_t const & __thiscall RRefFrame_t::GetWorldMatrix(void) const 	10047300	FUN_10047300
DisplaySystem.dll	RRefFrame_t	load	0x2E4	4	this:public class TMatrix4_t const & __thiscall RRefFrame_t::GetWorldMatrix(void) const 	10047300	FUN_10047300
DisplaySystem.dll	RRefFrame_t	load	0x2F0	4	this:public class TMatrix4_t const & __thiscall RRefFrame_t::GetWorldMatrix(void) const 	10047300	FUN_10047300
DisplaySystem.dll	RRefFrame_t	load	0x2E8	4	this:public class TMatrix4_t const & __thiscall RRefFrame_t::GetWorldMatrix(void) const 	10047300	FUN_10047300
DisplaySystem.dll	RRefFrame_t	load	0x2E4	4	this:public class TMatrix4_t const & __thiscall RRefFrame_t::GetWorldMatrix(void) const 	10047300	FUN_10047300
DisplaySystem.dll	RRefFrame_t	load	0x2E8	4	this:public class TMatrix4_t const & __thiscall RRefFrame_t::GetWorldMatrix(void) const 	10047300	FUN_10047300
DisplaySystem.dll	RRefFrame_t	load	0x2E4	4	this:public class TMatrix4_t const & __thiscall RRefFrame_t::GetWorldMatrix(void) const 	10047300	FUN_10047300
DisplaySystem.dll	RRefFrame_t	load	0x2F0	4	this:public class TMatrix4_t const & __thiscall RRefFrame_t::GetWorldMatrix(void) const 	10047300	FUN_10047300
DisplaySystem.dll	RRefFrame_t	load	0x2E8	4	this:public class TMatrix4_t const & __thiscall RRefFrame_t::GetWorldMatrix(void) const 	10047300	FUN_10047300
DisplaySystem.dll	RRefFrame_t	load	0x2E4	4	this:public class TMatrix4_t const & __thiscall RRefFrame_t::GetWorldMatrix(void) const 	10047300	FUN_10047300
DisplaySystem.dll	RRefFrame_t	load	0x2E8	4	this:public class TMatrix4_t const & __thiscall RRefFrame_t::GetWorldMatrix(void) const 	10047300	FUN_10047300
DisplaySystem.dll	RRefFrame_t	load	0x2E4	4	this:public class TMatrix4_t const & __thiscall RRefFrame_t::GetWorldMatrix(void) const 	10047300	FUN_10047300
DisplaySystem.dll	RRefFrame_t	load	0x2F0	4	this:public class TMatrix4_t const & __thiscall RRefFrame_t::GetWorldMatrix(void) const 	10047300	FUN_10047300
DisplaySystem.dll	RRefFrame_t	load	0x2E8	4	this:public class TMatrix4_t const & __thiscall RRefFrame_t::GetWorldMatrix(void) const 	10047300	FUN_10047300
DisplaySystem.dll	RRefFrame_t	load	0x2E4	4	this:public class TMatrix4_t const & __thiscall RRefFrame_t::GetWorldMatrix(void) const 	10047300	FUN_10047300
DisplaySystem.dll	RRefFrame_t	load	0x2E8	4	this:public class TMatrix4_t const & __thiscall RRefFrame_t::GetWorldMatrix(void) const 	10047300	FUN_10047300
DisplaySystem.dll	RRefFrame_t	load	0x2E4	4	this:public class TMatrix4_t const & __thiscall RRefFrame_t::GetWorldMatrix(void) const 	10047300	FUN_10047300
DisplaySystem.dll	RRefFrame_t	load	0x2F0	4	this:public class TMatrix4_t const & __thiscall RRefFrame_t::GetWorldMatrix(void) const 	10047300	FUN_10047300
DisplaySystem.dll	RRefFrame_t	load	0x2E8	4	this:public class TMatrix4_t const & __thiscall RRefFrame_t::GetWorldMatrix(void) const 	10047300	FUN_10047300
DisplaySystem.dll	RRefFrame_t	load	0x2E4	4	this:public class TMatrix4_t const & __thiscall RRefFrame_t::GetWorldMatrix(void) const 	10047300	FUN_10047300
DisplaySystem.dll	RRefFrame_t	load	0x2E8	4	this:public class TMatrix4_t const & __thiscall RRefFrame_t::GetWorldMatrix(void) const 	10047300	FUN_10047300
DisplaySystem.dll	RRefFrame_t	load	0x2F0	4	this:public class TMatrix4_t const & __thiscall RRefFrame_t::GetWorldMatrix(void) const 	10047300	FUN_10047300
DisplaySystem.dll	RRefFrame_t	load	0x2E4	4	this:public class TMatrix4_t const & __thiscall RRefFrame_t::GetWorldMatrix(void) const 	10047300	FUN_10047300
DisplaySystem.dll	RRefFrame_t	load	0x2E4	4	this:public class TMatrix4_t const & __thiscall RRefFrame_t::GetWorldMatrix(void) const 	10047300	FUN_10047300
DisplaySystem.dll	RRefFrame_t	load	0x2E4	4	this:public class TMatrix4_t const & __thiscall RRefFrame_t::GetWorldMatrix(void) const 	10047300	FUN_10047300
DisplaySystem.dll	RRefFrame_t	load	0x2E8	4	this:public class TMatrix4_t const & __thiscall RRefFrame_t::GetWorldMatrix(void) const 	10047300	FUN_10047300
DisplaySystem.dll	RRefFrame_t	load	0x2E4	4	this:public class TMatrix4_t const & __thiscall RRefFrame_t::GetWorldMatrix(void) const 	10047300	FUN_10047300
DisplaySystem.dll	RRefFrame_t	load	0x2E8	4	this:public class TMatrix4_t const & __thiscall RRefFrame_t::GetWorldMatrix(void) const 	10047300	FUN_10047300
DisplaySystem.dll	RRefFrame_t	load	0x2E4	4	this:public class TMatrix4_t const & __thiscall RRefFrame_t::GetWorldMatrix(void) const 	10047300	FUN_10047300
DisplaySystem.dll	RRefFrame_t	load	0x2F0	4	this:public class TMatrix4_t const & __thiscall RRefFrame_t::GetWorldMatrix(void) const 	10047300	FUN_10047300
DisplaySystem.dll	RRefFrame_t	load	0x2E8	4	this:public class TMatrix4_t const & __thiscall RRefFrame_t::GetWorldMatrix(void) const 	10047300	FUN_10047300
DisplaySystem.dll	RRefFrame_t	load	0x2E4	4	this:public class TMatrix4_t const & __thiscall RRefFrame_t::GetWorldMatrix(void) const 	10047300	FUN_10047300
DisplaySystem.dll	RRefFrame_t	load	0x2E8	4	this:public class TMatrix4_t const & __thiscall RRefFrame_t::GetWorldMatrix(void) const 	10047300	FUN_10047300
DisplaySystem.dll	RRefFrame_t	load	0x2F0	4	this:public class TMatrix4_t const & __thiscall RRefFrame_t::GetWorldMatrix(void) const 	10047300	FUN_10047300
DisplaySystem.dll	RRefFrame_t	load	0x2E4	4	this:public class TMatrix4_t const & __thiscall RRefFrame_t::GetWorldMatrix(void) const 	10047300	FUN_10047300
DisplaySystem.dll	RRefFrame_t	load	0x2E4	4	this:public class TMatrix4_t const & __thiscall RRefFrame_t::GetWorldMatrix(void) const 	10047300	FUN_10047300
DisplaySystem.dll	RRefFrame_t	load	0x2E4	4	this:public class TMatrix4_t const & __thiscall RRefFrame_t::GetWorldMatrix(void) const 	10047300	FUN_10047300
DisplaySystem.dll	RRefFrame_t	load	0x2E8	4	this:public class TMatrix4_t const & __thiscall RRefFrame_t::GetWorldMatrix(void) const 	10047300	FUN_10047300
DisplaySystem.dll	RRefFrame_t	load	0x2E4	4	this:public class TMatrix4_t const & __thiscall RRefFrame_t::GetWorldMatrix(void) const 	10047300	FUN_10047300
DisplaySystem.dll	RRefFrame_t	load	0x2E8	4	this:public class TMatrix4_t const & __thiscall RRefFrame_t::GetWorldMatrix(void) const 	10047300	FUN_10047300
DisplaySystem.dll	RRefFrame_t	load	0x2E4	4	this:public class TMatrix4_t const & __thiscall RRefFrame_t::GetWorldMatrix(void) const 	10047300	FUN_10047300
DisplaySystem.dll	RRefFrame_t	load	0x2F0	4	this:public class TMatrix4_t const & __thiscall RRefFrame_t::GetWorldMatrix(void) const 	10047300	FUN_10047300
DisplaySystem.dll	RRefFrame_t	load	0x2E8	4	this:public class TMatrix4_t const & __thiscall RRefFrame_t::GetWorldMatrix(void) const 	10047300	FUN_10047300
DisplaySystem.dll	RRefFrame_t	load	0x2E4	4	this:public class TMatrix4_t const & __thiscall RRefFrame_t::GetWorldMatrix(void) const 	10047300	FUN_10047300
DisplaySystem.dll	RRefFrame_t	load	0x2E8	4	this:public class TMatrix4_t const & __thiscall RRefFrame_t::GetWorldMatrix(void) const 	10047300	FUN_10047300
DisplaySystem.dll	RRefFrame_t	load	0x2E4	4	this:public class TMatrix4_t const & __thiscall RRefFrame_t::GetWorldMatrix(void) const 	10047300	FUN_10047300
DisplaySystem.dll	RRefFrame_t	load	0x2F0	4	this:public class TMatrix4_t const & __thiscall RRefFrame_t::GetWorldMatrix(void) const 	10047300	FUN_10047300
DisplaySystem.dll	RRefFrame_t	load	0x2E8	4	this:public class TMatrix4_t const & __thiscall RRefFrame_t::GetWorldMatrix(void) const 	10047300	FUN_10047300
DisplaySystem.dll	RRefFrame_t	load	0x2E4	4	this:public class TMatrix4_t const & __thiscall RRefFrame_t::GetWorldMatrix(void) const 	10047300	FUN_10047300
DisplaySystem.dll	RRefFrame_t	load	0x2E8	4	this:public class TMatrix4_t const & __thiscall RRefFrame_t::GetWorldMatrix(void) const 	10047300	FUN_10047300
DisplaySystem.dll	RRefFrame_t	load	0x2E4	4	this:public class TMatrix4_t const & __thiscall RRefFrame_t::GetWorldMatrix(void) const 	10047300	FUN_10047300
DisplaySystem.dll	RRefFrame_t	load	0x2F0	4	this:public class TMatrix4_t const & __thiscall RRefFrame_t::GetWorldMatrix(void) const 	10047300	FUN_10047300
DisplaySystem.dll	RRefFrame_t	load	0x2E8	4	this:public class TMatrix4_t const & __thiscall RRefFrame_t::GetWorldMatrix(void) const 	10047300	FUN_10047300
DisplaySystem.dll	RRefFrame_t	load	0x2E4	4	this:public class TMatrix4_t const & __thiscall RRefFrame_t::GetWorldMatrix(void) const 	10047300	FUN_10047300
DisplaySystem.dll	RRefFrame_t	load	0x2E8	4	this:public class TMatrix4_t const & __thiscall RRefFrame_t::GetWorldMatrix(void) const 	10047300	FUN_10047300
DisplaySystem.dll	RRefFrame_t	load	0x2E4	4	this:public class TMatrix4_t const & __thiscall RRefFrame_t::GetWorldMatrix(void) const 	10047300	FUN_10047300
DisplaySystem.dll	RRefFrame_t	load	0x2F0	4	this:public class TMatrix4_t const & __thiscall RRefFrame_t::GetWorldMatrix(void) const 	10047300	FUN_10047300
DisplaySystem.dll	RRefFrame_t	load	0x2E8	4	this:public class TMatrix4_t const & __thiscall RRefFrame_t::GetWorldMatrix(void) const 	10047300	FUN_10047300
DisplaySystem.dll	RRefFrame_t	load	0x2E4	4	this:public class TMatrix4_t const & __thiscall RRefFrame_t::GetWorldMatrix(void) const 	10047300	FUN_10047300
DisplaySystem.dll	RRefFrame_t	load	0x2E8	4	this:public class TMatrix4_t const & __thiscall RRefFrame_t::GetWorldMatrix(void) const 	10047300	FUN_10047300
DisplaySystem.dll	RRefFrame_t	load	0x2E4	4	this:public class TMatrix4_t const & __thiscall RRefFrame_t::GetWorldMatrix(void) const 	10047300	FUN_10047300
DisplaySystem.dll	RRefFrame_t	load	0x2F0	4	this:public class TMatrix4_t const & __thiscall RRefFrame_t::GetWorldMatrix(void) const 	10047300	FUN_10047300
DisplaySystem.dll	RRefFrame_t	load	0x184	4	this:public class TMatrix4_t const & __thiscall RRefFrame_t::GetWorldMatrix(void) const 	10047300	FUN_10047300
DisplaySystem.dll	RRefFrame_t	load	0x2E8	4	this:public class TMatrix4_t const & __thiscall RRefFrame_t::GetWorldMatrix(void) const 	10047300	FUN_10047300
DisplaySystem.dll	RRefFrame_t	load	0x2E4	4	this:public class TMatrix4_t const & __thiscall RRefFrame_t::GetWorldMatrix(void) const 	10047300	FUN_10047300
DisplaySystem.dll	RRefFrame_t	load	0x2E8	4	this:public class TMatrix4_t const & __thiscall RRefFrame_t::GetWorldMatrix(void) const 	10047300	FUN_10047300
DisplaySystem.dll	RRefFrame_t	load	0x2E4	4	this:public class TMatrix4_t const & __thiscall RRefFrame_t::GetWorldMatrix(void) const 	10047300	FUN_10047300
DisplaySystem.dll	RRefFrame_t	load	0x184	4	this:public class TMatrix4_t const & __thiscall RRefFrame_t::GetWorldMatrix(void) const 	10047300	FUN_10047300
DisplaySystem.dll	RRefFrame_t	load	0x2E4	4	this:public class TMatrix4_t const & __thiscall RRefFrame_t::GetWorldMatrix(void) const 	10047300	FUN_10047300
DisplaySystem.dll	RRefFrame_t	load	0x2E8	4	this:public class TMatrix4_t const & __thiscall RRefFrame_t::GetWorldMatrix(void) const 	10047300	FUN_10047300
DisplaySystem.dll	RRefFrame_t	load	0x180	4	this:public class TMatrix4_t const & __thiscall RRefFrame_t::GetWorldMatrix(void) const 	10047300	FUN_10047300
DisplaySystem.dll	RRefFrame_t	load	0x184	4	this:public class TMatrix4_t const & __thiscall RRefFrame_t::GetWorldMatrix(void) const 	10047300	FUN_10047300
DisplaySystem.dll	RRefFrame_t	load	0x2E8	4	this:public class TMatrix4_t const & __thiscall RRefFrame_t::GetWorldMatrix(void) const 	10047300	FUN_10047300
DisplaySystem.dll	RRefFrame_t	load	0x2E8	4	this:public class TMatrix4_t const & __thiscall RRefFrame_t::GetWorldMatrix(void) const 	10047300	FUN_10047300
DisplaySystem.dll	RRefFrame_t	load	0x2E4	4	this:public class TMatrix4_t const & __thiscall RRefFrame_t::GetWorldMatrix(void) const 	10047300	FUN_10047300
DisplaySystem.dll	RRefFrame_t	load	0x2F0	4	this:public class TMatrix4_t const & __thiscall RRefFrame_t::GetWorldMatrix(void) const 	10047300	FUN_10047300
DisplaySystem.dll	RRefFrame_t	load	0x2E8	4	this:public class TMatrix4_t const & __thiscall RRefFrame_t::GetWorldMatrix(void) const 	10047300	FUN_10047300
DisplaySystem.dll	RRefFrame_t	load	0x2E4	4	this:public class TMatrix4_t const & __thiscall RRefFrame_t::GetWorldMatrix(void) const 	10047300	FUN_10047300
DisplaySystem.dll	RRefFrame_t	load	0x2E8	4	this:public class TMatrix4_t const & __thiscall RRefFrame_t::GetWorldMatrix(void) const 	10047300	FUN_10047300
DisplaySystem.dll	RRefFrame_t	load	0x2E4	4	this:public class TMatrix4_t const & __thiscall RRefFrame_t::GetWorldMatrix(void) const 	10047300	FUN_10047300
DisplaySystem.dll	RRefFrame_t	load	0x2F0	4	this:public class TMatrix4_t const & __thiscall RRefFrame_t::GetWorldMatrix(void) const 	10047300	FUN_10047300
DisplaySystem.dll	RRefFrame_t	load	0x2E8	4	this:public class TMatrix4_t const & __thiscall RRefFrame_t::GetWorldMatrix(void) const 	10047300	FUN_10047300
DisplaySystem.dll	RRefFrame_t	load	0x2E4	4	this:public class TMatrix4_t const & __thiscall RRefFrame_t::GetWorldMatrix(void) const 	10047300	FUN_10047300
DisplaySystem.dll	RRefFrame_t	load	0x1A8	4	this:public class TMatrix4_t const & __thiscall RRefFrame_t::GetWorldMatrix(void) const 	10047300	FUN_10047300
DisplaySystem.dll	RRefFrame_t	load	0x1A4	4	this:public class TMatrix4_t const & __thiscall RRefFrame_t::GetWorldMatrix(void) const 	10047300	FUN_10047300
DisplaySystem.dll	RRefFrame_t	load	0x180	4	this:public class TMatrix4_t const & __thiscall RRefFrame_t::GetWorldMatrix(void) const 	10047300	FUN_10047300
DisplaySystem.dll	RRefFrame_t	load	0x184	4	this:public class TMatrix4_t const & __thiscall RRefFrame_t::GetWorldMatrix(void) const 	10047300	FUN_10047300
DisplaySystem.dll	RTexture_t	load	0x30	4	this:public void __thiscall RTexture_t::ReleaseRTexture(void) const 	10047300	FUN_10047300
DisplaySystem.dll	RTexture_t	load	0x30	4	this:public void __thiscall RTexture_t::ReleaseRTexture(void) const 	10047300	FUN_10047300
DisplaySystem.dll	RViewPort_t	load	0xC	4	this:public void __thiscall RViewPort_t::SetMaterial(class RMaterial_t const *) 	10047300	FUN_10047300
DisplaySystem.dll	RViewPort_t	load	0xC	4	this:public void __thiscall RViewPort_t::SetMaterial(class RMaterial_t const *) 	10047300	FUN_10047300
DisplaySystem.dll	RViewPort_t	load	0xC	4	this:public void __thiscall RViewPort_t::SetMaterial(class RMaterial_t const *) 	10047300	FUN_10047300
DisplaySystem.dll	RViewPort_t	load	0xC	4	this:public void __thiscall RViewPort_t::SetMaterial(class RMaterial_t const *) 	10047300	FUN_10047300
DisplaySystem.dll	RViewPort_t	load	0xC	4	this:public void __thiscall RViewPort_t::SetMaterial(class RMaterial_t const *) 	10047300	FUN_10047300
DisplaySystem.dll	RRefFrame_t	addr_passed	0x1CC	0	this:public class TMatrix4_t const & __thiscall RRefFrame_t::GetWorldMatrix(void) const 	10049b43	FUN_10049b43
DisplaySystem.dll	RRefFrame_t	load	0x2F4	4	this:public class TMatrix4_t const & __thiscall RRefFrame_t::GetWorldMatrix(void) const 	10049b43	FUN_10049b43
DisplaySystem.dll	RRefFrame_t	load	0x2F4	4	this:public class TMatrix4_t const & __thiscall RRefFrame_t::GetWorldMatrix(void) const 	10049b43	FUN_10049b43
DisplaySystem.dll	RRefFrame_t	load	0x2F4	4	this:public class TMatrix4_t const & __thiscall RRefFrame_t::GetWorldMatrix(void) const 	10049b43	FUN_10049b43
DisplaySystem.dll	RRefFrame_t	load	0x2F4	4	this:public class TMatrix4_t const & __thiscall RRefFrame_t::GetWorldMatrix(void) const 	10049b43	FUN_10049b43
DisplaySystem.dll	RRefFrame_t	load	0x2F4	4	this:public class TMatrix4_t const & __thiscall RRefFrame_t::GetWorldMatrix(void) const 	10049b43	FUN_10049b43
DisplaySystem.dll	RRefFrame_t	load	0x180	4	this:public class TMatrix4_t const & __thiscall RRefFrame_t::GetWorldMatrix(void) const 	10049b43	FUN_10049b43
DisplaySystem.dll	RRefFrame_t	load	0x17C	4	this:public class TMatrix4_t const & __thiscall RRefFrame_t::GetWorldMatrix(void) const 	10049b43	FUN_10049b43
DisplaySystem.dll	RRefFrame_t	addr_passed	0x1CC	0	this:public class TMatrix4_t const & __thiscall RRefFrame_t::GetWorldMatrix(void) const 	10049b43	FUN_10049b43
DisplaySystem.dll	RRefFrame_t	load	0x1A8	4	this:public class TMatrix4_t const & __thiscall RRefFrame_t::GetWorldMatrix(void) const 	10049b43	FUN_10049b43
DisplaySystem.dll	RRefFrame_t	load	0x1A4	4	this:public class TMatrix4_t const & __thiscall RRefFrame_t::GetWorldMatrix(void) const 	10049b43	FUN_10049b43
DisplaySystem.dll	RRefFrame_t	load	0x180	4	this:public class TMatrix4_t const & __thiscall RRefFrame_t::GetWorldMatrix(void) const 	10049b43	FUN_10049b43
DisplaySystem.dll	RRefFrame_t	load	0x184	4	this:public class TMatrix4_t const & __thiscall RRefFrame_t::GetWorldMatrix(void) const 	10049b43	FUN_10049b43
DisplaySystem.dll	RRefFrame_t	addr_passed	0x1CC	0	this:public class TMatrix4_t const & __thiscall RRefFrame_t::GetWorldMatrix(void) const 	10049b43	FUN_10049b43
DisplaySystem.dll	RRefFrame_t	addr_passed	0x1CC	0	this:public class TMatrix4_t const & __thiscall RRefFrame_t::GetWorldMatrix(void) const 	1004a8eb	FUN_1004a8eb
DisplaySystem.dll	RRefFrame_t	load	0x2F4	4	this:public class TMatrix4_t const & __thiscall RRefFrame_t::GetWorldMatrix(void) const 	1004a8eb	FUN_1004a8eb
DisplaySystem.dll	RRefFrame_t	load	0x2F4	4	this:public class TMatrix4_t const & __thiscall RRefFrame_t::GetWorldMatrix(void) const 	1004a8eb	FUN_1004a8eb
DisplaySystem.dll	RRefFrame_t	load	0x2F4	4	this:public class TMatrix4_t const & __thiscall RRefFrame_t::GetWorldMatrix(void) const 	1004a8eb	FUN_1004a8eb
DisplaySystem.dll	RRefFrame_t	load	0x2F4	4	this:public class TMatrix4_t const & __thiscall RRefFrame_t::GetWorldMatrix(void) const 	1004a8eb	FUN_1004a8eb
DisplaySystem.dll	RRefFrame_t	load	0x2F4	4	this:public class TMatrix4_t const & __thiscall RRefFrame_t::GetWorldMatrix(void) const 	1004a8eb	FUN_1004a8eb
DisplaySystem.dll	RRefFrame_t	load	0x180	4	this:public class TMatrix4_t const & __thiscall RRefFrame_t::GetWorldMatrix(void) const 	1004a8eb	FUN_1004a8eb
DisplaySystem.dll	RRefFrame_t	load	0x17C	4	this:public class TMatrix4_t const & __thiscall RRefFrame_t::GetWorldMatrix(void) const 	1004a8eb	FUN_1004a8eb
DisplaySystem.dll	RRefFrame_t	addr_passed	0x1CC	0	this:public class TMatrix4_t const & __thiscall RRefFrame_t::GetWorldMatrix(void) const 	1004a8eb	FUN_1004a8eb
DisplaySystem.dll	RRefFrame_t	load	0x1A8	4	this:public class TMatrix4_t const & __thiscall RRefFrame_t::GetWorldMatrix(void) const 	1004a8eb	FUN_1004a8eb
DisplaySystem.dll	RRefFrame_t	load	0x1A4	4	this:public class TMatrix4_t const & __thiscall RRefFrame_t::GetWorldMatrix(void) const 	1004a8eb	FUN_1004a8eb
DisplaySystem.dll	RRefFrame_t	load	0x180	4	this:public class TMatrix4_t const & __thiscall RRefFrame_t::GetWorldMatrix(void) const 	1004a8eb	FUN_1004a8eb
DisplaySystem.dll	RRefFrame_t	load	0x184	4	this:public class TMatrix4_t const & __thiscall RRefFrame_t::GetWorldMatrix(void) const 	1004a8eb	FUN_1004a8eb
DisplaySystem.dll	RRefFrame_t	addr_passed	0x1CC	0	this:public class TMatrix4_t const & __thiscall RRefFrame_t::GetWorldMatrix(void) const 	1004a8eb	FUN_1004a8eb
DisplaySystem.dll	RViewPort_t	load	0xC	4	this:public void __thiscall RViewPort_t::RealizeRenderStates(void) 	1004ab7c	FUN_1004ab7c
DisplaySystem.dll	RViewPort_t	load	0xC	4	this:public void __thiscall RViewPort_t::RealizeRenderStates(void) 	1004ab7c	FUN_1004ab7c
DisplaySystem.dll	RRefFrame_t	addr_passed	0x1F8	0	this:public class TMatrix4_t const & __thiscall RRefFrame_t::GetWorldMatrix(void) const 	1004ab7c	FUN_1004ab7c
DisplaySystem.dll	RRefFrame_t	load	0x300	4	this:public class TMatrix4_t const & __thiscall RRefFrame_t::GetWorldMatrix(void) const 	1004ab7c	FUN_1004ab7c
DisplaySystem.dll	RRefFrame_t	addr_passed	0x1F8	0	this:public class TMatrix4_t const & __thiscall RRefFrame_t::GetWorldMatrix(void) const 	1004ab7c	FUN_1004ab7c
DisplaySystem.dll	RRefFrame_t	load	0x1EC	4	this:public class TMatrix4_t const & __thiscall RRefFrame_t::GetWorldMatrix(void) const 	1004ab7c	FUN_1004ab7c
DisplaySystem.dll	RRefFrame_t	load_vptr?	0x0	4	this:public class TMatrix4_t const & __thiscall RRefFrame_t::GetWorldMatrix(void) const 	1004ab7c	FUN_1004ab7c
DisplaySystem.dll	RRefFrame_t	vcall	0x6C	4	this:public class TMatrix4_t const & __thiscall RRefFrame_t::GetWorldMatrix(void) const 	1004ab7c	FUN_1004ab7c
DisplaySystem.dll	RRefFrame_t	load	0x184	4	this:public class TMatrix4_t const & __thiscall RRefFrame_t::GetWorldMatrix(void) const 	1004ab7c	FUN_1004ab7c
DisplaySystem.dll	RRefFrame_t	addr_passed	0x1F8	0	this:public class TMatrix4_t const & __thiscall RRefFrame_t::GetWorldMatrix(void) const 	1004ab7c	FUN_1004ab7c
DisplaySystem.dll	RRefFrame_t	addr_passed	0x27C	0	this:public class TMatrix4_t const & __thiscall RRefFrame_t::GetWorldMatrix(void) const 	1004ab7c	FUN_1004ab7c
DisplaySystem.dll	RRefFrame_t	load	0x300	4	this:public class TMatrix4_t const & __thiscall RRefFrame_t::GetWorldMatrix(void) const 	1004ab7c	FUN_1004ab7c
DisplaySystem.dll	RRefFrame_t	load	0x1EC	4	this:public class TMatrix4_t const & __thiscall RRefFrame_t::GetWorldMatrix(void) const 	1004ab7c	FUN_1004ab7c
DisplaySystem.dll	RRefFrame_t	load_vptr?	0x0	4	this:public class TMatrix4_t const & __thiscall RRefFrame_t::GetWorldMatrix(void) const 	1004ab7c	FUN_1004ab7c
DisplaySystem.dll	RRefFrame_t	vcall	0x6C	4	this:public class TMatrix4_t const & __thiscall RRefFrame_t::GetWorldMatrix(void) const 	1004ab7c	FUN_1004ab7c
DisplaySystem.dll	RRefFrame_t	load	0x184	4	this:public class TMatrix4_t const & __thiscall RRefFrame_t::GetWorldMatrix(void) const 	1004ab7c	FUN_1004ab7c
DisplaySystem.dll	RRefFrame_t	addr_passed	0x1F8	0	this:public class TMatrix4_t const & __thiscall RRefFrame_t::GetWorldMatrix(void) const 	1004ae57	FUN_1004ae57
DisplaySystem.dll	RRefFrame_t	load	0x300	4	this:public class TMatrix4_t const & __thiscall RRefFrame_t::GetWorldMatrix(void) const 	1004ae57	FUN_1004ae57
DisplaySystem.dll	RRefFrame_t	addr_passed	0x1F8	0	this:public class TMatrix4_t const & __thiscall RRefFrame_t::GetWorldMatrix(void) const 	1004ae57	FUN_1004ae57
DisplaySystem.dll	RRefFrame_t	load	0x1EC	4	this:public class TMatrix4_t const & __thiscall RRefFrame_t::GetWorldMatrix(void) const 	1004ae57	FUN_1004ae57
DisplaySystem.dll	RRefFrame_t	load_vptr?	0x0	4	this:public class TMatrix4_t const & __thiscall RRefFrame_t::GetWorldMatrix(void) const 	1004ae57	FUN_1004ae57
DisplaySystem.dll	RRefFrame_t	vcall	0x6C	4	this:public class TMatrix4_t const & __thiscall RRefFrame_t::GetWorldMatrix(void) const 	1004ae57	FUN_1004ae57
DisplaySystem.dll	RRefFrame_t	load	0x184	4	this:public class TMatrix4_t const & __thiscall RRefFrame_t::GetWorldMatrix(void) const 	1004ae57	FUN_1004ae57
DisplaySystem.dll	RRefFrame_t	addr_passed	0x1F8	0	this:public class TMatrix4_t const & __thiscall RRefFrame_t::GetWorldMatrix(void) const 	1004ae57	FUN_1004ae57
DisplaySystem.dll	RRefFrame_t	addr_passed	0x27C	0	this:public class TMatrix4_t const & __thiscall RRefFrame_t::GetWorldMatrix(void) const 	1004ae57	FUN_1004ae57
DisplaySystem.dll	RRefFrame_t	load	0x300	4	this:public class TMatrix4_t const & __thiscall RRefFrame_t::GetWorldMatrix(void) const 	1004ae57	FUN_1004ae57
DisplaySystem.dll	RRefFrame_t	load	0x1EC	4	this:public class TMatrix4_t const & __thiscall RRefFrame_t::GetWorldMatrix(void) const 	1004ae57	FUN_1004ae57
DisplaySystem.dll	RRefFrame_t	load_vptr?	0x0	4	this:public class TMatrix4_t const & __thiscall RRefFrame_t::GetWorldMatrix(void) const 	1004ae57	FUN_1004ae57
DisplaySystem.dll	RRefFrame_t	vcall	0x6C	4	this:public class TMatrix4_t const & __thiscall RRefFrame_t::GetWorldMatrix(void) const 	1004ae57	FUN_1004ae57
DisplaySystem.dll	RRefFrame_t	load	0x184	4	this:public class TMatrix4_t const & __thiscall RRefFrame_t::GetWorldMatrix(void) const 	1004ae57	FUN_1004ae57
DisplaySystem.dll	RViewPort_t	load	0xC	4	this:public void __thiscall RViewPort_t::RealizeRenderStates(void) 	1004ae57	FUN_1004ae57
DisplaySystem.dll	RViewPort_t	load	0xC	4	this:public void __thiscall RViewPort_t::RealizeRenderStates(void) 	1004ae57	FUN_1004ae57
DisplaySystem.dll	RRefFrame_t	load	0x180	4	this:public class TMatrix4_t const & __thiscall RRefFrame_t::GetWorldMatrix(void) const 	1004b234	FUN_1004b234
DisplaySystem.dll	RRefFrame_t	load	0x17C	4	this:public class TMatrix4_t const & __thiscall RRefFrame_t::GetWorldMatrix(void) const 	1004b234	FUN_1004b234
DisplaySystem.dll	RRefFrame_t	load	0x1A8	4	this:public class TMatrix4_t const & __thiscall RRefFrame_t::GetWorldMatrix(void) const 	1004b234	FUN_1004b234
DisplaySystem.dll	RRefFrame_t	load	0x1A4	4	this:public class TMatrix4_t const & __thiscall RRefFrame_t::GetWorldMatrix(void) const 	1004b234	FUN_1004b234
DisplaySystem.dll	RRefFrame_t	load	0x180	4	this:public class TMatrix4_t const & __thiscall RRefFrame_t::GetWorldMatrix(void) const 	1004b234	FUN_1004b234
DisplaySystem.dll	RRefFrame_t	load	0x184	4	this:public class TMatrix4_t const & __thiscall RRefFrame_t::GetWorldMatrix(void) const 	1004b234	FUN_1004b234
DisplaySystem.dll	RRefFrame_t	load	0x1A8	4	this:public class TMatrix4_t const & __thiscall RRefFrame_t::GetWorldMatrix(void) const 	1004b234	FUN_1004b234
DisplaySystem.dll	RRefFrame_t	load	0x1A4	4	this:public class TMatrix4_t const & __thiscall RRefFrame_t::GetWorldMatrix(void) const 	1004b234	FUN_1004b234
DisplaySystem.dll	RRefFrame_t	load	0x180	4	this:public class TMatrix4_t const & __thiscall RRefFrame_t::GetWorldMatrix(void) const 	1004b234	FUN_1004b234
DisplaySystem.dll	RRefFrame_t	load	0x184	4	this:public class TMatrix4_t const & __thiscall RRefFrame_t::GetWorldMatrix(void) const 	1004b234	FUN_1004b234
DisplaySystem.dll	RVisual_t	load	0x2E4	4	this:public void __thiscall RVisual_t::SetRenderPriority(enum RenderList_e) 	1004b50c	FUN_1004b50c
DisplaySystem.dll	RVisual_t	load	0x2E8	4	this:public void __thiscall RVisual_t::SetRenderPriority(enum RenderList_e) 	1004b50c	FUN_1004b50c
DisplaySystem.dll	RVisual_t	store	0x180	4	this:public void __thiscall RVisual_t::SetRenderPriority(enum RenderList_e) 	1004b50c	FUN_1004b50c
DisplaySystem.dll	RVisual_t	load	0x180	4	this:public void __thiscall RVisual_t::SetRenderPriority(enum RenderList_e) 	1004b50c	FUN_1004b50c
DisplaySystem.dll	RVisual_t	store	0x184	4	this:public void __thiscall RVisual_t::SetRenderPriority(enum RenderList_e) 	1004b50c	FUN_1004b50c
DisplaySystem.dll	RVisual_t	load	0x2E4	4	this:public void __thiscall RVisual_t::SetRenderPriority(enum RenderList_e) 	1004b50c	FUN_1004b50c
DisplaySystem.dll	RVisual_t	load	0x2E8	4	this:public void __thiscall RVisual_t::SetRenderPriority(enum RenderList_e) 	1004b50c	FUN_1004b50c
DisplaySystem.dll	RVisual_t	load	0x2E4	4	this:public void __thiscall RVisual_t::SetRenderPriority(enum RenderList_e) 	1004b50c	FUN_1004b50c
DisplaySystem.dll	RVisual_t	load	0x2E8	4	this:public void __thiscall RVisual_t::SetRenderPriority(enum RenderList_e) 	1004b50c	FUN_1004b50c
DisplaySystem.dll	RVisual_t	load	0x2E8	4	this:public void __thiscall RVisual_t::SetRenderPriority(enum RenderList_e) 	1004b50c	FUN_1004b50c
DisplaySystem.dll	RVisual_t	load	0x184	4	this:public void __thiscall RVisual_t::SetRenderPriority(enum RenderList_e) 	1004b50c	FUN_1004b50c
DisplaySystem.dll	RVisual_t	load	0x2E4	4	this:public void __thiscall RVisual_t::SetRenderPriority(enum RenderList_e) 	1004b50c	FUN_1004b50c
DisplaySystem.dll	RVisual_t	load	0x184	4	this:public void __thiscall RVisual_t::SetRenderPriority(enum RenderList_e) 	1004b50c	FUN_1004b50c
DisplaySystem.dll	RVisual_t	load	0x2E4	4	this:public void __thiscall RVisual_t::SetRenderPriority(enum RenderList_e) 	1004b50c	FUN_1004b50c
DisplaySystem.dll	RVisual_t	load	0x184	4	this:public void __thiscall RVisual_t::SetRenderPriority(enum RenderList_e) 	1004b50c	FUN_1004b50c
DisplaySystem.dll	RVisual_t	load	0x2E4	4	this:public void __thiscall RVisual_t::SetRenderPriority(enum RenderList_e) 	1004b50c	FUN_1004b50c
DisplaySystem.dll	RVisual_t	load	0x184	4	this:public void __thiscall RVisual_t::SetRenderPriority(enum RenderList_e) 	1004b50c	FUN_1004b50c
DisplaySystem.dll	RVisual_t	load	0x2E4	4	this:public void __thiscall RVisual_t::SetRenderPriority(enum RenderList_e) 	1004b50c	FUN_1004b50c
DisplaySystem.dll	RVisual_t	load	0x184	4	this:public void __thiscall RVisual_t::SetRenderPriority(enum RenderList_e) 	1004b50c	FUN_1004b50c
DisplaySystem.dll	RVisual_t	load	0x2E8	4	this:public void __thiscall RVisual_t::SetRenderPriority(enum RenderList_e) 	1004b50c	FUN_1004b50c
DisplaySystem.dll	RVisual_t	load	0x2E4	4	this:public void __thiscall RVisual_t::SetRenderPriority(enum RenderList_e) 	1004b50c	FUN_1004b50c
DisplaySystem.dll	RVisual_t	load	0x2E4	4	this:public void __thiscall RVisual_t::SetRenderPriority(enum RenderList_e) 	1004b50c	FUN_1004b50c
DisplaySystem.dll	RVisual_t	load	0x2E8	4	this:public void __thiscall RVisual_t::SetRenderPriority(enum RenderList_e) 	1004b50c	FUN_1004b50c
DisplaySystem.dll	RVisual_t	store	0x1A8	4	this:public void __thiscall RVisual_t::SetRenderPriority(enum RenderList_e) 	1004b50c	FUN_1004b50c
DisplaySystem.dll	RVisual_t	load	0x2E4	4	this:public void __thiscall RVisual_t::SetRenderPriority(enum RenderList_e) 	1004b50c	FUN_1004b50c
DisplaySystem.dll	RVisual_t	store	0x1A4	4	this:public void __thiscall RVisual_t::SetRenderPriority(enum RenderList_e) 	1004b50c	FUN_1004b50c
DisplaySystem.dll	RVisual_t	load	0x2E8	4	this:public void __thiscall RVisual_t::SetRenderPriority(enum RenderList_e) 	1004b50c	FUN_1004b50c
DisplaySystem.dll	RVisual_t	load	0x2E4	2	this:public void __thiscall RVisual_t::SetRenderPriority(enum RenderList_e) 	1004b50c	FUN_1004b50c
DisplaySystem.dll	RVisual_t	load	0x1A4	4	this:public void __thiscall RVisual_t::SetRenderPriority(enum RenderList_e) 	1004b50c	FUN_1004b50c
DisplaySystem.dll	RVisual_t	load	0x2E4	4	this:public void __thiscall RVisual_t::SetRenderPriority(enum RenderList_e) 	1004b50c	FUN_1004b50c
DisplaySystem.dll	RVisual_t	load	0x2E4	2	this:public void __thiscall RVisual_t::SetRenderPriority(enum RenderList_e) 	1004b50c	FUN_1004b50c
DisplaySystem.dll	RVisual_t	load	0x1A4	4	this:public void __thiscall RVisual_t::SetRenderPriority(enum RenderList_e) 	1004b50c	FUN_1004b50c
DisplaySystem.dll	RVisual_t	load	0x2E8	4	this:public void __thiscall RVisual_t::SetRenderPriority(enum RenderList_e) 	1004b50c	FUN_1004b50c
DisplaySystem.dll	RVisual_t	load	0x1A4	4	this:public void __thiscall RVisual_t::SetRenderPriority(enum RenderList_e) 	1004b50c	FUN_1004b50c
DisplaySystem.dll	RVisual_t	load	0x2E4	2	this:public void __thiscall RVisual_t::SetRenderPriority(enum RenderList_e) 	1004b50c	FUN_1004b50c
DisplaySystem.dll	RVisual_t	load	0x2E8	4	this:public void __thiscall RVisual_t::SetRenderPriority(enum RenderList_e) 	1004b50c	FUN_1004b50c
DisplaySystem.dll	RVisual_t	load	0x1A4	4	this:public void __thiscall RVisual_t::SetRenderPriority(enum RenderList_e) 	1004b50c	FUN_1004b50c
DisplaySystem.dll	RVisual_t	load	0x2E4	2	this:public void __thiscall RVisual_t::SetRenderPriority(enum RenderList_e) 	1004b50c	FUN_1004b50c
DisplaySystem.dll	RVisual_t	load	0x2E4	4	this:public void __thiscall RVisual_t::SetRenderPriority(enum RenderList_e) 	1004b50c	FUN_1004b50c
DisplaySystem.dll	RVisual_t	load	0x2E4	2	this:public void __thiscall RVisual_t::SetRenderPriority(enum RenderList_e) 	1004b50c	FUN_1004b50c
DisplaySystem.dll	RVisual_t	load	0x1A4	4	this:public void __thiscall RVisual_t::SetRenderPriority(enum RenderList_e) 	1004b50c	FUN_1004b50c
DisplaySystem.dll	RVisual_t	load	0x2E8	4	this:public void __thiscall RVisual_t::SetRenderPriority(enum RenderList_e) 	1004b50c	FUN_1004b50c
DisplaySystem.dll	RVisual_t	load	0x2E4	2	this:public void __thiscall RVisual_t::SetRenderPriority(enum RenderList_e) 	1004b50c	FUN_1004b50c
DisplaySystem.dll	RVisual_t	load	0x2E4	4	this:public void __thiscall RVisual_t::SetRenderPriority(enum RenderList_e) 	1004b50c	FUN_1004b50c
DisplaySystem.dll	RVisual_t	load	0x1A4	4	this:public void __thiscall RVisual_t::SetRenderPriority(enum RenderList_e) 	1004b50c	FUN_1004b50c
DisplaySystem.dll	RVisual_t	load	0x2E4	2	this:public void __thiscall RVisual_t::SetRenderPriority(enum RenderList_e) 	1004b50c	FUN_1004b50c
DisplaySystem.dll	RVisual_t	load	0x1A4	4	this:public void __thiscall RVisual_t::SetRenderPriority(enum RenderList_e) 	1004b50c	FUN_1004b50c
DisplaySystem.dll	RVisual_t	load	0x2E4	4	this:public void __thiscall RVisual_t::SetRenderPriority(enum RenderList_e) 	1004b50c	FUN_1004b50c
DisplaySystem.dll	RVisual_t	load	0x2E4	2	this:public void __thiscall RVisual_t::SetRenderPriority(enum RenderList_e) 	1004b50c	FUN_1004b50c
DisplaySystem.dll	RVisual_t	load	0x1A4	4	this:public void __thiscall RVisual_t::SetRenderPriority(enum RenderList_e) 	1004b50c	FUN_1004b50c
DisplaySystem.dll	RVisual_t	load	0x2E8	4	this:public void __thiscall RVisual_t::SetRenderPriority(enum RenderList_e) 	1004b50c	FUN_1004b50c
DisplaySystem.dll	RVisual_t	load	0x2E4	2	this:public void __thiscall RVisual_t::SetRenderPriority(enum RenderList_e) 	1004b50c	FUN_1004b50c
DisplaySystem.dll	RVisual_t	load	0x2E4	4	this:public void __thiscall RVisual_t::SetRenderPriority(enum RenderList_e) 	1004b50c	FUN_1004b50c
DisplaySystem.dll	RVisual_t	load	0x1A4	4	this:public void __thiscall RVisual_t::SetRenderPriority(enum RenderList_e) 	1004b50c	FUN_1004b50c
DisplaySystem.dll	RVisual_t	load	0x2E4	2	this:public void __thiscall RVisual_t::SetRenderPriority(enum RenderList_e) 	1004b50c	FUN_1004b50c
DisplaySystem.dll	RVisual_t	load	0x1A4	4	this:public void __thiscall RVisual_t::SetRenderPriority(enum RenderList_e) 	1004b50c	FUN_1004b50c
DisplaySystem.dll	RVisual_t	load	0x2E8	4	this:public void __thiscall RVisual_t::SetRenderPriority(enum RenderList_e) 	1004b50c	FUN_1004b50c
DisplaySystem.dll	RVisual_t	load	0x2E4	2	this:public void __thiscall RVisual_t::SetRenderPriority(enum RenderList_e) 	1004b50c	FUN_1004b50c
DisplaySystem.dll	RVisual_t	load	0x2E4	4	this:public void __thiscall RVisual_t::SetRenderPriority(enum RenderList_e) 	1004b50c	FUN_1004b50c
DisplaySystem.dll	RVisual_t	load	0x1A4	4	this:public void __thiscall RVisual_t::SetRenderPriority(enum RenderList_e) 	1004b50c	FUN_1004b50c
DisplaySystem.dll	RVisual_t	load	0x2E8	4	this:public void __thiscall RVisual_t::SetRenderPriority(enum RenderList_e) 	1004b50c	FUN_1004b50c
DisplaySystem.dll	RVisual_t	load	0x1A4	4	this:public void __thiscall RVisual_t::SetRenderPriority(enum RenderList_e) 	1004b50c	FUN_1004b50c
DisplaySystem.dll	RVisual_t	load	0x2E4	2	this:public void __thiscall RVisual_t::SetRenderPriority(enum RenderList_e) 	1004b50c	FUN_1004b50c
DisplaySystem.dll	RVisual_t	load	0x2E8	4	this:public void __thiscall RVisual_t::SetRenderPriority(enum RenderList_e) 	1004b50c	FUN_1004b50c
DisplaySystem.dll	RVisual_t	load	0x2E4	4	this:public void __thiscall RVisual_t::SetRenderPriority(enum RenderList_e) 	1004b50c	FUN_1004b50c
DisplaySystem.dll	RViewPort_t	load	0xC	4	arg:public virtual void __thiscall RTriMesh_t::Render(class RViewPort_t &) 	1004c6da	FUN_1004c6da
DisplaySystem.dll	RTriMesh_t	load	0x350	1	this:public virtual void __thiscall RTriMesh_t::Render(class RViewPort_t &) 	1004c6da	FUN_1004c6da
DisplaySystem.dll	RTriMesh_t	load	0x300	4	this:public virtual void __thiscall RTriMesh_t::Render(class RViewPort_t &) 	1004c6da	FUN_1004c6da
DisplaySystem.dll	RTriMesh_t	load	0x1D9	1	this:public virtual void __thiscall RTriMesh_t::Render(class RViewPort_t &) 	1004c6da	FUN_1004c6da
DisplaySystem.dll	RViewPort_t	load	0xC	4	arg:public virtual void __thiscall RTriMesh_t::Render(class RViewPort_t &) 	1004c738	FUN_1004c738
DisplaySystem.dll	RTriMesh_t	load	0x350	1	this:public virtual void __thiscall RTriMesh_t::Render(class RViewPort_t &) 	1004c738	FUN_1004c738
DisplaySystem.dll	RTriMesh_t	load	0x300	4	this:public virtual void __thiscall RTriMesh_t::Render(class RViewPort_t &) 	1004c738	FUN_1004c738
DisplaySystem.dll	RTriMesh_t	load	0x1D9	1	this:public virtual void __thiscall RTriMesh_t::Render(class RViewPort_t &) 	1004c738	FUN_1004c738
DisplaySystem.dll	RTriMesh_t	load	0x344	1	this:public virtual void __thiscall RTriMesh_t::Render(class RViewPort_t &) 	1004c796	FUN_1004c796
DisplaySystem.dll	RTriMesh_t	load	0x300	4	this:public virtual void __thiscall RTriMesh_t::Render(class RViewPort_t &) 	1004c796	FUN_1004c796
DisplaySystem.dll	RTriMesh_t	load	0x1D9	1	this:public virtual void __thiscall RTriMesh_t::Render(class RViewPort_t &) 	1004c796	FUN_1004c796
DisplaySystem.dll	RViewPort_t	load	0xC	4	arg:public virtual void __thiscall RTriMesh_t::Render(class RViewPort_t &) 	1004c796	FUN_1004c796
DisplaySystem.dll	RViewPort_t	load	0xC	4	arg:public virtual void __thiscall RTriMesh_t::Render(class RViewPort_t &) 	1004c851	FUN_1004c851
DisplaySystem.dll	RTriMesh_t	load	0x314	1	this:public virtual void __thiscall RTriMesh_t::Render(class RViewPort_t &) 	1004c851	FUN_1004c851
DisplaySystem.dll	RTriMesh_t	load	0x300	4	this:public virtual void __thiscall RTriMesh_t::Render(class RViewPort_t &) 	1004c851	FUN_1004c851
DisplaySystem.dll	RTriMesh_t	load	0x1D9	1	this:public virtual void __thiscall RTriMesh_t::Render(class RViewPort_t &) 	1004c851	FUN_1004c851
DisplaySystem.dll	RVisual_t	load	0x2D4	4	this:public virtual void __thiscall RVisual_t::Process(void) 	1004c964	FUN_1004c964
DisplaySystem.dll	RVisual_t	load	0x2E4	4	this:public virtual void __thiscall RVisual_t::Process(void) 	1004c964	FUN_1004c964
DisplaySystem.dll	RVisual_t	addr_passed	0x2E8	0	this:public virtual void __thiscall RVisual_t::Process(void) 	1004c964	FUN_1004c964
DisplaySystem.dll	RVisual_t	store	0x2F4	1	this:public virtual void __thiscall RVisual_t::Process(void) 	1004c964	FUN_1004c964
DisplaySystem.dll	RViewPort_t	load	0xC	4	this:public void __thiscall RViewPort_t::SetMaterial(class RMaterial_t const *) 	1004ceed	FUN_1004ceed
DisplaySystem.dll	RRefFrame_t	load	0x2D4	4	this:public class TMatrix4_t const & __thiscall RRefFrame_t::GetWorldMatrix(void) const 	1004ceed	FUN_1004ceed
DisplaySystem.dll	RRefFrame_t	addr_passed	0x1CC	0	this:public class TMatrix4_t const & __thiscall RRefFrame_t::GetWorldMatrix(void) const 	1004ceed	FUN_1004ceed
DisplaySystem.dll	RRefFrame_t	load	0x2F4	1	this:public class TMatrix4_t const & __thiscall RRefFrame_t::GetWorldMatrix(void) const 	1004ceed	FUN_1004ceed
DisplaySystem.dll	RRefFrame_t	load	0x328	4	this:public class TMatrix4_t const & __thiscall RRefFrame_t::GetWorldMatrix(void) const 	1004ceed	FUN_1004ceed
DisplaySystem.dll	RRefFrame_t	load	0x328	4	this:public class TMatrix4_t const & __thiscall RRefFrame_t::GetWorldMatrix(void) const 	1004ceed	FUN_1004ceed
DisplaySystem.dll	RRefFrame_t	load	0x328	4	this:public class TMatrix4_t const & __thiscall RRefFrame_t::GetWorldMatrix(void) const 	1004ceed	FUN_1004ceed
DisplaySystem.dll	RRefFrame_t	load	0x328	4	this:public class TMatrix4_t const & __thiscall RRefFrame_t::GetWorldMatrix(void) const 	1004ceed	FUN_1004ceed
DisplaySystem.dll	RRefFrame_t	load	0x17C	4	this:public class TMatrix4_t const & __thiscall RRefFrame_t::GetWorldMatrix(void) const 	1004ceed	FUN_1004ceed
DisplaySystem.dll	RRefFrame_t	addr_passed	0x1CC	0	this:public class TMatrix4_t const & __thiscall RRefFrame_t::GetWorldMatrix(void) const 	1004ceed	FUN_1004ceed
DisplaySystem.dll	RRefFrame_t	load	0x1A8	4	this:public class TMatrix4_t const & __thiscall RRefFrame_t::GetWorldMatrix(void) const 	1004ceed	FUN_1004ceed
DisplaySystem.dll	RRefFrame_t	load	0x1A4	4	this:public class TMatrix4_t const & __thiscall RRefFrame_t::GetWorldMatrix(void) const 	1004ceed	FUN_1004ceed
DisplaySystem.dll	RRefFrame_t	load	0x180	4	this:public class TMatrix4_t const & __thiscall RRefFrame_t::GetWorldMatrix(void) const 	1004ceed	FUN_1004ceed
DisplaySystem.dll	RRefFrame_t	load	0x184	4	this:public class TMatrix4_t const & __thiscall RRefFrame_t::GetWorldMatrix(void) const 	1004ceed	FUN_1004ceed
DisplaySystem.dll	RRefFrame_t	addr_passed	0x1CC	0	this:public class TMatrix4_t const & __thiscall RRefFrame_t::GetWorldMatrix(void) const 	1004ceed	FUN_1004ceed
DisplaySystem.dll	RRefFrame_t	load	0x300	4	this:public class TMatrix4_t const & __thiscall RRefFrame_t::GetWorldMatrix(void) const 	1004d115	FUN_1004d115
DisplaySystem.dll	RRefFrame_t	load	0x1D9	1	this:public class TMatrix4_t const & __thiscall RRefFrame_t::GetWorldMatrix(void) const 	1004d115	FUN_1004d115
DisplaySystem.dll	RRefFrame_t	addr_passed	0x1F8	0	this:public class TMatrix4_t const & __thiscall RRefFrame_t::GetWorldMatrix(void) const 	1004d115	FUN_1004d115
DisplaySystem.dll	RRefFrame_t	addr_passed	0x1F8	0	this:public class TMatrix4_t const & __thiscall RRefFrame_t::GetWorldMatrix(void) const 	1004d115	FUN_1004d115
DisplaySystem.dll	RRefFrame_t	load	0x3C	4	this:public class TMatrix4_t const & __thiscall RRefFrame_t::GetWorldMatrix(void) const 	1004d115	FUN_1004d115
DisplaySystem.dll	RRefFrame_t	load_vptr?	0x0	4	this:public class TMatrix4_t const & __thiscall RRefFrame_t::GetWorldMatrix(void) const 	1004d115	FUN_1004d115
DisplaySystem.dll	RRefFrame_t	vcall	0x6C	4	this:public class TMatrix4_t const & __thiscall RRefFrame_t::GetWorldMatrix(void) const 	1004d115	FUN_1004d115
DisplaySystem.dll	RRefFrame_t	load	0x184	4	this:public class TMatrix4_t const & __thiscall RRefFrame_t::GetWorldMatrix(void) const 	1004d115	FUN_1004d115
DisplaySystem.dll	RRefFrame_t	load	0x2D4	4	this:public class TMatrix4_t const & __thiscall RRefFrame_t::GetWorldMatrix(void) const 	1004ed61	FUN_1004ed61
DisplaySystem.dll	RRefFrame_t	addr_passed	0x250	0	this:public class TMatrix4_t const & __thiscall RRefFrame_t::GetWorldMatrix(void) const 	1004ed61	FUN_1004ed61
DisplaySystem.dll	RRefFrame_t	addr_passed	0x1CC	0	this:public class TMatrix4_t const & __thiscall RRefFrame_t::GetWorldMatrix(void) const 	1004ed61	FUN_1004ed61
DisplaySystem.dll	RRefFrame_t	store	0x324	4	this:public class TMatrix4_t const & __thiscall RRefFrame_t::GetWorldMatrix(void) const 	1004ed61	FUN_1004ed61
DisplaySystem.dll	RRefFrame_t	load	0x330	4	this:public class TMatrix4_t const & __thiscall RRefFrame_t::GetWorldMatrix(void) const 	1004ed61	FUN_1004ed61
DisplaySystem.dll	RRefFrame_t	store	0x328	4	this:public class TMatrix4_t const & __thiscall RRefFrame_t::GetWorldMatrix(void) const 	1004ed61	FUN_1004ed61
DisplaySystem.dll	RRefFrame_t	load	0x334	4	this:public class TMatrix4_t const & __thiscall RRefFrame_t::GetWorldMatrix(void) const 	1004ed61	FUN_1004ed61
DisplaySystem.dll	RRefFrame_t	store	0x32C	4	this:public class TMatrix4_t const & __thiscall RRefFrame_t::GetWorldMatrix(void) const 	1004ed61	FUN_1004ed61
DisplaySystem.dll	RRefFrame_t	load	0x338	4	this:public class TMatrix4_t const & __thiscall RRefFrame_t::GetWorldMatrix(void) const 	1004ed61	FUN_1004ed61
DisplaySystem.dll	RRefFrame_t	load	0x33C	4	this:public class TMatrix4_t const & __thiscall RRefFrame_t::GetWorldMatrix(void) const 	1004ed61	FUN_1004ed61
DisplaySystem.dll	RRefFrame_t	store	0x330	4	this:public class TMatrix4_t const & __thiscall RRefFrame_t::GetWorldMatrix(void) const 	1004ed61	FUN_1004ed61
DisplaySystem.dll	RRefFrame_t	store	0x334	4	this:public class TMatrix4_t const & __thiscall RRefFrame_t::GetWorldMatrix(void) const 	1004ed61	FUN_1004ed61
DisplaySystem.dll	RRefFrame_t	load	0x340	4	this:public class TMatrix4_t const & __thiscall RRefFrame_t::GetWorldMatrix(void) const 	1004ed61	FUN_1004ed61
DisplaySystem.dll	RRefFrame_t	store	0x338	4	this:public class TMatrix4_t const & __thiscall RRefFrame_t::GetWorldMatrix(void) const 	1004ed61	FUN_1004ed61
DisplaySystem.dll	RRefFrame_t	load	0x344	4	this:public class TMatrix4_t const & __thiscall RRefFrame_t::GetWorldMatrix(void) const 	1004ed61	FUN_1004ed61
DisplaySystem.dll	RRefFrame_t	load	0x334	4	this:public class TMatrix4_t const & __thiscall RRefFrame_t::GetWorldMatrix(void) const 	1004ed61	FUN_1004ed61
DisplaySystem.dll	RRefFrame_t	store	0x334	4	this:public class TMatrix4_t const & __thiscall RRefFrame_t::GetWorldMatrix(void) const 	1004ed61	FUN_1004ed61
DisplaySystem.dll	RRefFrame_t	store	0x33C	4	this:public class TMatrix4_t const & __thiscall RRefFrame_t::GetWorldMatrix(void) const 	1004ed61	FUN_1004ed61
DisplaySystem.dll	RRefFrame_t	store	0x340	4	this:public class TMatrix4_t const & __thiscall RRefFrame_t::GetWorldMatrix(void) const 	1004ed61	FUN_1004ed61
DisplaySystem.dll	RRefFrame_t	store	0x344	4	this:public class TMatrix4_t const & __thiscall RRefFrame_t::GetWorldMatrix(void) const 	1004ed61	FUN_1004ed61
DisplaySystem.dll	RRefFrame_t	addr_passed	0x324	0	this:public class TMatrix4_t const & __thiscall RRefFrame_t::GetWorldMatrix(void) const 	1004ed61	FUN_1004ed61
DisplaySystem.dll	RRefFrame_t	addr_passed	0x330	0	this:public class TMatrix4_t const & __thiscall RRefFrame_t::GetWorldMatrix(void) const 	1004ed61	FUN_1004ed61
DisplaySystem.dll	RRefFrame_t	addr_passed	0x330	0	this:public class TMatrix4_t const & __thiscall RRefFrame_t::GetWorldMatrix(void) const 	1004ed61	FUN_1004ed61
DisplaySystem.dll	RRefFrame_t	addr_passed	0x33C	0	this:public class TMatrix4_t const & __thiscall RRefFrame_t::GetWorldMatrix(void) const 	1004ed61	FUN_1004ed61
DisplaySystem.dll	RRefFrame_t	load	0x31C	4	this:public class TMatrix4_t const & __thiscall RRefFrame_t::GetWorldMatrix(void) const 	1004ed61	FUN_1004ed61
DisplaySystem.dll	RRefFrame_t	store	0x31C	4	this:public class TMatrix4_t const & __thiscall RRefFrame_t::GetWorldMatrix(void) const 	1004ed61	FUN_1004ed61
DisplaySystem.dll	RRefFrame_t	store	0x31C	4	this:public class TMatrix4_t const & __thiscall RRefFrame_t::GetWorldMatrix(void) const 	1004ed61	FUN_1004ed61
DisplaySystem.dll	RRefFrame_t	load	0x2F4	1	this:public class TMatrix4_t const & __thiscall RRefFrame_t::GetWorldMatrix(void) const 	1004ed61	FUN_1004ed61
DisplaySystem.dll	RRefFrame_t	load	0x17C	4	this:public class TMatrix4_t const & __thiscall RRefFrame_t::GetWorldMatrix(void) const 	1004ed61	FUN_1004ed61
DisplaySystem.dll	RRefFrame_t	addr_passed	0x250	0	this:public class TMatrix4_t const & __thiscall RRefFrame_t::GetWorldMatrix(void) const 	1004ed61	FUN_1004ed61
DisplaySystem.dll	RRefFrame_t	load	0x320	4	this:public class TMatrix4_t const & __thiscall RRefFrame_t::GetWorldMatrix(void) const 	1004ed61	FUN_1004ed61
DisplaySystem.dll	RRefFrame_t	load	0x31C	4	this:public class TMatrix4_t const & __thiscall RRefFrame_t::GetWorldMatrix(void) const 	1004ed61	FUN_1004ed61
DisplaySystem.dll	RRefFrame_t	load	0x1A8	4	this:public class TMatrix4_t const & __thiscall RRefFrame_t::GetWorldMatrix(void) const 	1004ed61	FUN_1004ed61
DisplaySystem.dll	RRefFrame_t	load	0x1A4	4	this:public class TMatrix4_t const & __thiscall RRefFrame_t::GetWorldMatrix(void) const 	1004ed61	FUN_1004ed61
DisplaySystem.dll	RRefFrame_t	load	0x180	4	this:public class TMatrix4_t const & __thiscall RRefFrame_t::GetWorldMatrix(void) const 	1004ed61	FUN_1004ed61
DisplaySystem.dll	RRefFrame_t	load	0x184	4	this:public class TMatrix4_t const & __thiscall RRefFrame_t::GetWorldMatrix(void) const 	1004ed61	FUN_1004ed61
DisplaySystem.dll	RRefFrame_t	addr_passed	0x250	0	this:public class TMatrix4_t const & __thiscall RRefFrame_t::GetWorldMatrix(void) const 	1004ed61	FUN_1004ed61
DisplaySystem.dll	RVisual_t	load	0x2D4	4	this:public virtual void __thiscall RVisual_t::Process(void) 	1004f251	FUN_1004f251
DisplaySystem.dll	RVisual_t	addr_passed	0x20	0	this:public virtual void __thiscall RVisual_t::Process(void) 	1004f251	FUN_1004f251
DisplaySystem.dll	RVisual_t	load	0x324	4	this:public virtual void __thiscall RVisual_t::Process(void) 	1004f251	FUN_1004f251
DisplaySystem.dll	RVisual_t	load	0x320	4	this:public virtual void __thiscall RVisual_t::Process(void) 	1004f251	FUN_1004f251
DisplaySystem.dll	RVisual_t	store	0x328	4	this:public virtual void __thiscall RVisual_t::Process(void) 	1004f251	FUN_1004f251
DisplaySystem.dll	RVisual_t	load	0x2D4	4	this:public virtual void __thiscall RVisual_t::Process(void) 	1004f251	FUN_1004f251
DisplaySystem.dll	RVisual_t	store	0x328	4	this:public virtual void __thiscall RVisual_t::Process(void) 	1004f251	FUN_1004f251
DisplaySystem.dll	RVisual_t	load	0x2E4	4	this:public virtual void __thiscall RVisual_t::Process(void) 	1004f251	FUN_1004f251
DisplaySystem.dll	RVisual_t	load	0x328	4	this:public virtual void __thiscall RVisual_t::Process(void) 	1004f251	FUN_1004f251
DisplaySystem.dll	RVisual_t	addr_passed	0x2E8	0	this:public virtual void __thiscall RVisual_t::Process(void) 	1004f251	FUN_1004f251
DisplaySystem.dll	RVisual_t	store	0x2F4	1	this:public virtual void __thiscall RVisual_t::Process(void) 	1004f251	FUN_1004f251
DisplaySystem.dll	RViewPort_t	load	0xC	4	this:public void __thiscall RViewPort_t::SetMaterial(class RMaterial_t const *) 	10050c13	FUN_10050c13
DisplaySystem.dll	RRefFrame_t	load	0x180	4	this:public class TMatrix4_t const & __thiscall RRefFrame_t::GetWorldMatrix(void) const 	10050c13	FUN_10050c13
DisplaySystem.dll	RRefFrame_t	load	0x2E8	1	this:public class TMatrix4_t const & __thiscall RRefFrame_t::GetWorldMatrix(void) const 	10050c13	FUN_10050c13
DisplaySystem.dll	RRefFrame_t	addr_passed	0x1CC	0	this:public class TMatrix4_t const & __thiscall RRefFrame_t::GetWorldMatrix(void) const 	10050c13	FUN_10050c13
DisplaySystem.dll	RRefFrame_t	load	0x2E4	4	this:public class TMatrix4_t const & __thiscall RRefFrame_t::GetWorldMatrix(void) const 	10050c13	FUN_10050c13
DisplaySystem.dll	RRefFrame_t	load	0x184	4	this:public class TMatrix4_t const & __thiscall RRefFrame_t::GetWorldMatrix(void) const 	10050c13	FUN_10050c13
DisplaySystem.dll	RRefFrame_t	load	0x2E4	4	this:public class TMatrix4_t const & __thiscall RRefFrame_t::GetWorldMatrix(void) const 	10050c13	FUN_10050c13
DisplaySystem.dll	RRefFrame_t	load	0x17C	4	this:public class TMatrix4_t const & __thiscall RRefFrame_t::GetWorldMatrix(void) const 	10050c13	FUN_10050c13
DisplaySystem.dll	RRefFrame_t	addr_passed	0x1CC	0	this:public class TMatrix4_t const & __thiscall RRefFrame_t::GetWorldMatrix(void) const 	10050c13	FUN_10050c13
DisplaySystem.dll	RRefFrame_t	load	0x1A8	4	this:public class TMatrix4_t const & __thiscall RRefFrame_t::GetWorldMatrix(void) const 	10050c13	FUN_10050c13
DisplaySystem.dll	RRefFrame_t	load	0x1A4	4	this:public class TMatrix4_t const & __thiscall RRefFrame_t::GetWorldMatrix(void) const 	10050c13	FUN_10050c13
DisplaySystem.dll	RRefFrame_t	load	0x180	4	this:public class TMatrix4_t const & __thiscall RRefFrame_t::GetWorldMatrix(void) const 	10050c13	FUN_10050c13
DisplaySystem.dll	RRefFrame_t	load	0x184	4	this:public class TMatrix4_t const & __thiscall RRefFrame_t::GetWorldMatrix(void) const 	10050c13	FUN_10050c13
DisplaySystem.dll	RRefFrame_t	addr_passed	0x1CC	0	this:public class TMatrix4_t const & __thiscall RRefFrame_t::GetWorldMatrix(void) const 	10050c13	FUN_10050c13
DisplaySystem.dll	RRefFrame_t	load	0x180	4	this:public class TMatrix4_t const & __thiscall RRefFrame_t::GetWorldMatrix(void) const 	100515af	FUN_100515af
DisplaySystem.dll	RRefFrame_t	load	0x2E8	1	this:public class TMatrix4_t const & __thiscall RRefFrame_t::GetWorldMatrix(void) const 	100515af	FUN_100515af
DisplaySystem.dll	RRefFrame_t	addr_passed	0x1CC	0	this:public class TMatrix4_t const & __thiscall RRefFrame_t::GetWorldMatrix(void) const 	100515af	FUN_100515af
DisplaySystem.dll	RRefFrame_t	load	0x2E4	4	this:public class TMatrix4_t const & __thiscall RRefFrame_t::GetWorldMatrix(void) const 	100515af	FUN_100515af
DisplaySystem.dll	RRefFrame_t	load	0x184	4	this:public class TMatrix4_t const & __thiscall RRefFrame_t::GetWorldMatrix(void) const 	100515af	FUN_100515af
DisplaySystem.dll	RRefFrame_t	load	0x2E4	4	this:public class TMatrix4_t const & __thiscall RRefFrame_t::GetWorldMatrix(void) const 	100515af	FUN_100515af
DisplaySystem.dll	RRefFrame_t	load	0x17C	4	this:public class TMatrix4_t const & __thiscall RRefFrame_t::GetWorldMatrix(void) const 	100515af	FUN_100515af
DisplaySystem.dll	RRefFrame_t	addr_passed	0x1CC	0	this:public class TMatrix4_t const & __thiscall RRefFrame_t::GetWorldMatrix(void) const 	100515af	FUN_100515af
DisplaySystem.dll	RRefFrame_t	load	0x1A8	4	this:public class TMatrix4_t const & __thiscall RRefFrame_t::GetWorldMatrix(void) const 	100515af	FUN_100515af
DisplaySystem.dll	RRefFrame_t	load	0x1A4	4	this:public class TMatrix4_t const & __thiscall RRefFrame_t::GetWorldMatrix(void) const 	100515af	FUN_100515af
DisplaySystem.dll	RRefFrame_t	load	0x180	4	this:public class TMatrix4_t const & __thiscall RRefFrame_t::GetWorldMatrix(void) const 	100515af	FUN_100515af
DisplaySystem.dll	RRefFrame_t	load	0x184	4	this:public class TMatrix4_t const & __thiscall RRefFrame_t::GetWorldMatrix(void) const 	100515af	FUN_100515af
DisplaySystem.dll	RRefFrame_t	addr_passed	0x1CC	0	this:public class TMatrix4_t const & __thiscall RRefFrame_t::GetWorldMatrix(void) const 	100515af	FUN_100515af
DisplaySystem.dll	RViewPort_t	load	0xC	4	this:public void __thiscall RViewPort_t::SetMaterial(class RMaterial_t const *) 	100520c2	FUN_100520c2
DisplaySystem.dll	RRefFrame_t	addr_passed	0x1CC	0	this:public class TMatrix4_t const & __thiscall RRefFrame_t::GetWorldMatrix(void) const 	100520c2	FUN_100520c2
DisplaySystem.dll	RRefFrame_t	load	0x180	4	this:public class TMatrix4_t const & __thiscall RRefFrame_t::GetWorldMatrix(void) const 	100520c2	FUN_100520c2
DisplaySystem.dll	RRefFrame_t	load	0x2E8	1	this:public class TMatrix4_t const & __thiscall RRefFrame_t::GetWorldMatrix(void) const 	100520c2	FUN_100520c2
DisplaySystem.dll	RRefFrame_t	load	0x17C	4	this:public class TMatrix4_t const & __thiscall RRefFrame_t::GetWorldMatrix(void) const 	100520c2	FUN_100520c2
DisplaySystem.dll	RRefFrame_t	addr_passed	0x1CC	0	this:public class TMatrix4_t const & __thiscall RRefFrame_t::GetWorldMatrix(void) const 	100520c2	FUN_100520c2
DisplaySystem.dll	RRefFrame_t	load	0x1A8	4	this:public class TMatrix4_t const & __thiscall RRefFrame_t::GetWorldMatrix(void) const 	100520c2	FUN_100520c2
DisplaySystem.dll	RRefFrame_t	load	0x1A4	4	this:public class TMatrix4_t const & __thiscall RRefFrame_t::GetWorldMatrix(void) const 	100520c2	FUN_100520c2
DisplaySystem.dll	RRefFrame_t	load	0x180	4	this:public class TMatrix4_t const & __thiscall RRefFrame_t::GetWorldMatrix(void) const 	100520c2	FUN_100520c2
DisplaySystem.dll	RRefFrame_t	load	0x184	4	this:public class TMatrix4_t const & __thiscall RRefFrame_t::GetWorldMatrix(void) const 	100520c2	FUN_100520c2
DisplaySystem.dll	RRefFrame_t	addr_passed	0x1CC	0	this:public class TMatrix4_t const & __thiscall RRefFrame_t::GetWorldMatrix(void) const 	100520c2	FUN_100520c2
DisplaySystem.dll	RMaterial_t	store	0x38	4	this:protected void __thiscall RMaterial_t::UpdateSpecular(void) 	100532b8	FUN_100532b8
DisplaySystem.dll	RMaterial_t	store	0x3C	4	this:protected void __thiscall RMaterial_t::UpdateSpecular(void) 	100532b8	FUN_100532b8
DisplaySystem.dll	RMaterial_t	store	0x40	4	this:protected void __thiscall RMaterial_t::UpdateSpecular(void) 	100532b8	FUN_100532b8
DisplaySystem.dll	RMaterial_t	store	0x6C	1	this:protected void __thiscall RMaterial_t::UpdateSpecular(void) 	100532b8	FUN_100532b8
DisplaySystem.dll	RRefFrame_t	load	0x2E8	4	this:public virtual void __thiscall RRefFrame_t::Process(void) 	10053610	FUN_10053610
DisplaySystem.dll	RRefFrame_t	load	0x2EC	4	this:public virtual void __thiscall RRefFrame_t::Process(void) 	10053610	FUN_10053610
DisplaySystem.dll	RRefFrame_t	load	0x2EC	4	this:public virtual void __thiscall RRefFrame_t::Process(void) 	10053610	FUN_10053610
DisplaySystem.dll	RRefFrame_t	load	0xE4	4	this:public virtual void __thiscall RRefFrame_t::Process(void) 	10053610	FUN_10053610
DisplaySystem.dll	RRefFrame_t	load	0x2E0	4	this:public virtual void __thiscall RRefFrame_t::Process(void) 	10053610	FUN_10053610
DisplaySystem.dll	RRefFrame_t	store	0x2E0	4	this:public virtual void __thiscall RRefFrame_t::Process(void) 	10053610	FUN_10053610
DisplaySystem.dll	RVisual_t	load	0x2E0	4	this:public void __thiscall RVisual_t::SetRenderPriority(enum RenderList_e) 	1005485a	FUN_1005485a
DisplaySystem.dll	RVisual_t	load	0x2E0	4	this:public void __thiscall RVisual_t::SetRenderPriority(enum RenderList_e) 	1005485a	FUN_1005485a
DisplaySystem.dll	RVisual_t	store	0x2E4	4	this:public void __thiscall RVisual_t::SetRenderPriority(enum RenderList_e) 	1005485a	FUN_1005485a
DisplaySystem.dll	RVisual_t	load	0x2E0	4	this:public void __thiscall RVisual_t::SetRenderPriority(enum RenderList_e) 	1005485a	FUN_1005485a
DisplaySystem.dll	RVisual_t	store	0x2E8	4	this:public void __thiscall RVisual_t::SetRenderPriority(enum RenderList_e) 	1005485a	FUN_1005485a
DisplaySystem.dll	RVisual_t	load	0x2E0	4	this:public void __thiscall RVisual_t::SetRenderPriority(enum RenderList_e) 	1005485a	FUN_1005485a
DisplaySystem.dll	RVisual_t	store	0x2EC	4	this:public void __thiscall RVisual_t::SetRenderPriority(enum RenderList_e) 	1005485a	FUN_1005485a
DisplaySystem.dll	RVisual_t	load	0x2E0	4	this:public void __thiscall RVisual_t::SetRenderPriority(enum RenderList_e) 	1005485a	FUN_1005485a
DisplaySystem.dll	RVisual_t	store	0x2F0	4	this:public void __thiscall RVisual_t::SetRenderPriority(enum RenderList_e) 	1005485a	FUN_1005485a
DisplaySystem.dll	RVisual_t	load	0x2E4	4	this:public void __thiscall RVisual_t::SetRenderPriority(enum RenderList_e) 	1005485a	FUN_1005485a
DisplaySystem.dll	RVisual_t	load	0x2D4	4	this:public void __thiscall RVisual_t::SetRenderPriority(enum RenderList_e) 	1005485a	FUN_1005485a
DisplaySystem.dll	RVisual_t	load_vptr?	0x0	4	this:public void __thiscall RVisual_t::SetRenderPriority(enum RenderList_e) 	1005485a	FUN_1005485a
DisplaySystem.dll	RVisual_t	vcall	0x6C	4	this:public void __thiscall RVisual_t::SetRenderPriority(enum RenderList_e) 	1005485a	FUN_1005485a
DisplaySystem.dll	RVisual_t	load	0x2D4	4	this:public void __thiscall RVisual_t::SetRenderPriority(enum RenderList_e) 	1005485a	FUN_1005485a
DisplaySystem.dll	RVisual_t	load	0x2FC	4	this:public void __thiscall RVisual_t::SetRenderPriority(enum RenderList_e) 	1005485a	FUN_1005485a
DisplaySystem.dll	RVisual_t	store	0x2FC	4	this:public void __thiscall RVisual_t::SetRenderPriority(enum RenderList_e) 	1005485a	FUN_1005485a
DisplaySystem.dll	RVisual_t	load	0x2F8	4	this:public void __thiscall RVisual_t::SetRenderPriority(enum RenderList_e) 	1005485a	FUN_1005485a
DisplaySystem.dll	RVisual_t	load	0x2F8	4	this:public void __thiscall RVisual_t::SetRenderPriority(enum RenderList_e) 	1005485a	FUN_1005485a
DisplaySystem.dll	RVisual_t	load	0x2D4	4	this:public void __thiscall RVisual_t::SetRenderPriority(enum RenderList_e) 	1005485a	FUN_1005485a
DisplaySystem.dll	RVisual_t	load	0x2FC	4	this:public void __thiscall RVisual_t::SetRenderPriority(enum RenderList_e) 	1005485a	FUN_1005485a
DisplaySystem.dll	RVisual_t	store	0x2FC	4	this:public void __thiscall RVisual_t::SetRenderPriority(enum RenderList_e) 	1005485a	FUN_1005485a
DisplaySystem.dll	RVisual_t	load	0x2F8	4	this:public void __thiscall RVisual_t::SetRenderPriority(enum RenderList_e) 	1005485a	FUN_1005485a
DisplaySystem.dll	RVisual_t	load	0x2F8	4	this:public void __thiscall RVisual_t::SetRenderPriority(enum RenderList_e) 	1005485a	FUN_1005485a
DisplaySystem.dll	RVisual_t	load	0x2D4	4	this:public void __thiscall RVisual_t::SetRenderPriority(enum RenderList_e) 	1005485a	FUN_1005485a
DisplaySystem.dll	RVisual_t	addr_passed	0x300	0	this:public void __thiscall RVisual_t::SetRenderPriority(enum RenderList_e) 	1005485a	FUN_1005485a
DisplaySystem.dll	RVisual_t	store	0x300	4	this:public void __thiscall RVisual_t::SetRenderPriority(enum RenderList_e) 	1005485a	FUN_1005485a
DisplaySystem.dll	RVisual_t	store	0x304	4	this:public void __thiscall RVisual_t::SetRenderPriority(enum RenderList_e) 	1005485a	FUN_1005485a
DisplaySystem.dll	RVisual_t	store	0x308	4	this:public void __thiscall RVisual_t::SetRenderPriority(enum RenderList_e) 	1005485a	FUN_1005485a
DisplaySystem.dll	RVisual_t	load	0x2F8	4	this:public void __thiscall RVisual_t::SetRenderPriority(enum RenderList_e) 	1005485a	FUN_1005485a
DisplaySystem.dll	RVisual_t	load	0xA8C	4	this:public void __thiscall RVisual_t::SetRenderPriority(enum RenderList_e) 	1005485a	FUN_1005485a
DisplaySystem.dll	RVisual_t	load	0x924	4	this:public void __thiscall RVisual_t::SetRenderPriority(enum RenderList_e) 	1005485a	FUN_1005485a
DisplaySystem.dll	RVisual_t	store	0x924	4	this:public void __thiscall RVisual_t::SetRenderPriority(enum RenderList_e) 	1005485a	FUN_1005485a
DisplaySystem.dll	RVisual_t	load	0x928	4	this:public void __thiscall RVisual_t::SetRenderPriority(enum RenderList_e) 	1005485a	FUN_1005485a
DisplaySystem.dll	RVisual_t	store	0x928	4	this:public void __thiscall RVisual_t::SetRenderPriority(enum RenderList_e) 	1005485a	FUN_1005485a
DisplaySystem.dll	RVisual_t	load	0x92C	4	this:public void __thiscall RVisual_t::SetRenderPriority(enum RenderList_e) 	1005485a	FUN_1005485a
DisplaySystem.dll	RVisual_t	store	0x92C	4	this:public void __thiscall RVisual_t::SetRenderPriority(enum RenderList_e) 	1005485a	FUN_1005485a
DisplaySystem.dll	RVisual_t	load	0x924	4	this:public void __thiscall RVisual_t::SetRenderPriority(enum RenderList_e) 	1005485a	FUN_1005485a
DisplaySystem.dll	RVisual_t	load	0x924	4	this:public void __thiscall RVisual_t::SetRenderPriority(enum RenderList_e) 	1005485a	FUN_1005485a
DisplaySystem.dll	RVisual_t	load	0x92C	4	this:public void __thiscall RVisual_t::SetRenderPriority(enum RenderList_e) 	1005485a	FUN_1005485a
DisplaySystem.dll	RVisual_t	load	0x92C	4	this:public void __thiscall RVisual_t::SetRenderPriority(enum RenderList_e) 	1005485a	FUN_1005485a
DisplaySystem.dll	RVisual_t	load	0x928	4	this:public void __thiscall RVisual_t::SetRenderPriority(enum RenderList_e) 	1005485a	FUN_1005485a
DisplaySystem.dll	RVisual_t	load	0x924	4	this:public void __thiscall RVisual_t::SetRenderPriority(enum RenderList_e) 	1005485a	FUN_1005485a
DisplaySystem.dll	RVisual_t	load	0x92C	4	this:public void __thiscall RVisual_t::SetRenderPriority(enum RenderList_e) 	1005485a	FUN_1005485a
DisplaySystem.dll	RVisual_t	load	0x2D4	4	this:public void __thiscall RVisual_t::SetRenderPriority(enum RenderList_e) 	1005485a	FUN_1005485a
DisplaySystem.dll	RVisual_t	load	0x2F0	4	this:public void __thiscall RVisual_t::SetRenderPriority(enum RenderList_e) 	1005485a	FUN_1005485a
DisplaySystem.dll	RVisual_t	load	0x2F0	4	this:public void __thiscall RVisual_t::SetRenderPriority(enum RenderList_e) 	1005485a	FUN_1005485a
DisplaySystem.dll	RVisual_t	load	0x2D4	4	this:public void __thiscall RVisual_t::SetRenderPriority(enum RenderList_e) 	1005485a	FUN_1005485a
DisplaySystem.dll	RVisual_t	load	0x2D4	4	this:public void __thiscall RVisual_t::SetRenderPriority(enum RenderList_e) 	1005485a	FUN_1005485a
DisplaySystem.dll	RVisual_t	load	0x2D4	4	this:public void __thiscall RVisual_t::SetRenderPriority(enum RenderList_e) 	1005485a	FUN_1005485a
DisplaySystem.dll	RVisual_t	load	0x2F8	4	this:public void __thiscall RVisual_t::SetRenderPriority(enum RenderList_e) 	1005485a	FUN_1005485a
DisplaySystem.dll	RVisual_t	store	0x2F4	1	this:public void __thiscall RVisual_t::SetRenderPriority(enum RenderList_e) 	1005485a	FUN_1005485a
DisplaySystem.dll	RVisual_t	load_vptr?	0x0	4	this:public void __thiscall RVisual_t::SetRenderPriority(enum RenderList_e) 	1005485a	FUN_1005485a
DisplaySystem.dll	RVisual_t	vcall	0x70	4	this:public void __thiscall RVisual_t::SetRenderPriority(enum RenderList_e) 	1005485a	FUN_1005485a
DisplaySystem.dll	RVisual_t	load	0x2FC	4	this:public void __thiscall RVisual_t::SetRenderPriority(enum RenderList_e) 	1005485a	FUN_1005485a
DisplaySystem.dll	RVisual_t	store	0x2FC	4	this:public void __thiscall RVisual_t::SetRenderPriority(enum RenderList_e) 	1005485a	FUN_1005485a
DisplaySystem.dll	RVisual_t	store	0x2F4	1	this:public void __thiscall RVisual_t::SetRenderPriority(enum RenderList_e) 	1005485a	FUN_1005485a
DisplaySystem.dll	RVisual_t	store	0x2E0	4	this:public void __thiscall RVisual_t::SetRenderPriority(enum RenderList_e) 	1005485a	FUN_1005485a
DisplaySystem.dll	RViewPort_t	load	0xC	4	this:public void __thiscall RViewPort_t::ResetMaterial(void) 	10054e07	FUN_10054e07
DisplaySystem.dll	RViewPort_t	load	0xC	4	this:public void __thiscall RViewPort_t::ResetMaterial(void) 	10054e07	FUN_10054e07
DisplaySystem.dll	RViewPort_t	load	0xC	4	this:public void __thiscall RViewPort_t::ResetMaterial(void) 	10054e07	FUN_10054e07
DisplaySystem.dll	RViewPort_t	load	0xC	4	this:public void __thiscall RViewPort_t::ResetMaterial(void) 	10054e07	FUN_10054e07
DisplaySystem.dll	RRefFrame_t	load	0x2F4	1	this:public class TMatrix4_t const & __thiscall RRefFrame_t::GetWorldMatrix(void) const 	10054e07	FUN_10054e07
DisplaySystem.dll	RRefFrame_t	addr_passed	0x250	0	this:public class TMatrix4_t const & __thiscall RRefFrame_t::GetWorldMatrix(void) const 	10054e07	FUN_10054e07
DisplaySystem.dll	RRefFrame_t	addr_passed	0x1CC	0	this:public class TMatrix4_t const & __thiscall RRefFrame_t::GetWorldMatrix(void) const 	10054e07	FUN_10054e07
DisplaySystem.dll	RRefFrame_t	load	0x2F8	4	this:public class TMatrix4_t const & __thiscall RRefFrame_t::GetWorldMatrix(void) const 	10054e07	FUN_10054e07
DisplaySystem.dll	RRefFrame_t	load	0x744	4	this:public class TMatrix4_t const & __thiscall RRefFrame_t::GetWorldMatrix(void) const 	10054e07	FUN_10054e07
DisplaySystem.dll	RRefFrame_t	load	0x6CC	4	this:public class TMatrix4_t const & __thiscall RRefFrame_t::GetWorldMatrix(void) const 	10054e07	FUN_10054e07
DisplaySystem.dll	RRefFrame_t	load	0x6CC	4	this:public class TMatrix4_t const & __thiscall RRefFrame_t::GetWorldMatrix(void) const 	10054e07	FUN_10054e07
DisplaySystem.dll	RRefFrame_t	load	0x744	4	this:public class TMatrix4_t const & __thiscall RRefFrame_t::GetWorldMatrix(void) const 	10054e07	FUN_10054e07
DisplaySystem.dll	RRefFrame_t	load	0xCE4	4	this:public class TMatrix4_t const & __thiscall RRefFrame_t::GetWorldMatrix(void) const 	10054e07	FUN_10054e07
DisplaySystem.dll	RRefFrame_t	load	0xCE4	4	this:public class TMatrix4_t const & __thiscall RRefFrame_t::GetWorldMatrix(void) const 	10054e07	FUN_10054e07
DisplaySystem.dll	RRefFrame_t	load	0x74C	4	this:public class TMatrix4_t const & __thiscall RRefFrame_t::GetWorldMatrix(void) const 	10054e07	FUN_10054e07
DisplaySystem.dll	RRefFrame_t	load	0x6D4	4	this:public class TMatrix4_t const & __thiscall RRefFrame_t::GetWorldMatrix(void) const 	10054e07	FUN_10054e07
DisplaySystem.dll	RRefFrame_t	load	0x6D4	4	this:public class TMatrix4_t const & __thiscall RRefFrame_t::GetWorldMatrix(void) const 	10054e07	FUN_10054e07
DisplaySystem.dll	RRefFrame_t	load	0x74C	4	this:public class TMatrix4_t const & __thiscall RRefFrame_t::GetWorldMatrix(void) const 	10054e07	FUN_10054e07
DisplaySystem.dll	RRefFrame_t	load	0xCE8	4	this:public class TMatrix4_t const & __thiscall RRefFrame_t::GetWorldMatrix(void) const 	10054e07	FUN_10054e07
DisplaySystem.dll	RRefFrame_t	load	0xCE8	4	this:public class TMatrix4_t const & __thiscall RRefFrame_t::GetWorldMatrix(void) const 	10054e07	FUN_10054e07
DisplaySystem.dll	RRefFrame_t	load	0x754	4	this:public class TMatrix4_t const & __thiscall RRefFrame_t::GetWorldMatrix(void) const 	10054e07	FUN_10054e07
DisplaySystem.dll	RRefFrame_t	load	0x6DC	4	this:public class TMatrix4_t const & __thiscall RRefFrame_t::GetWorldMatrix(void) const 	10054e07	FUN_10054e07
DisplaySystem.dll	RRefFrame_t	load	0x6DC	4	this:public class TMatrix4_t const & __thiscall RRefFrame_t::GetWorldMatrix(void) const 	10054e07	FUN_10054e07
DisplaySystem.dll	RRefFrame_t	load	0x754	4	this:public class TMatrix4_t const & __thiscall RRefFrame_t::GetWorldMatrix(void) const 	10054e07	FUN_10054e07
DisplaySystem.dll	RRefFrame_t	load	0xCEC	4	this:public class TMatrix4_t const & __thiscall RRefFrame_t::GetWorldMatrix(void) const 	10054e07	FUN_10054e07
DisplaySystem.dll	RRefFrame_t	load	0xCEC	4	this:public class TMatrix4_t const & __thiscall RRefFrame_t::GetWorldMatrix(void) const 	10054e07	FUN_10054e07
DisplaySystem.dll	RRefFrame_t	load	0x7B0	4	this:public class TMatrix4_t const & __thiscall RRefFrame_t::GetWorldMatrix(void) const 	10054e07	FUN_10054e07
DisplaySystem.dll	RRefFrame_t	load	0x738	4	this:public class TMatrix4_t const & __thiscall RRefFrame_t::GetWorldMatrix(void) const 	10054e07	FUN_10054e07
DisplaySystem.dll	RRefFrame_t	load	0x738	4	this:public class TMatrix4_t const & __thiscall RRefFrame_t::GetWorldMatrix(void) const 	10054e07	FUN_10054e07
DisplaySystem.dll	RRefFrame_t	load	0x7B0	4	this:public class TMatrix4_t const & __thiscall RRefFrame_t::GetWorldMatrix(void) const 	10054e07	FUN_10054e07
DisplaySystem.dll	RRefFrame_t	load	0xCF0	4	this:public class TMatrix4_t const & __thiscall RRefFrame_t::GetWorldMatrix(void) const 	10054e07	FUN_10054e07
DisplaySystem.dll	RRefFrame_t	load	0xCF0	4	this:public class TMatrix4_t const & __thiscall RRefFrame_t::GetWorldMatrix(void) const 	10054e07	FUN_10054e07
DisplaySystem.dll	RRefFrame_t	addr_passed	0x1CC	0	this:public class TMatrix4_t const & __thiscall RRefFrame_t::GetWorldMatrix(void) const 	10054e07	FUN_10054e07
DisplaySystem.dll	RRefFrame_t	addr_passed	0x250	0	this:public class TMatrix4_t const & __thiscall RRefFrame_t::GetWorldMatrix(void) const 	10054e07	FUN_10054e07
DisplaySystem.dll	RRefFrame_t	addr_passed	0x250	0	this:public class TMatrix4_t const & __thiscall RRefFrame_t::GetWorldMatrix(void) const 	10054e07	FUN_10054e07
DisplaySystem.dll	RRefFrame_t	addr_passed	0x250	0	this:public class TMatrix4_t const & __thiscall RRefFrame_t::GetWorldMatrix(void) const 	10054e07	FUN_10054e07
DisplaySystem.dll	RRefFrame_t	addr_passed	0x1CC	0	this:public class TMatrix4_t const & __thiscall RRefFrame_t::GetWorldMatrix(void) const 	10054e07	FUN_10054e07
DisplaySystem.dll	RRefFrame_t	load	0x2F8	4	this:public class TMatrix4_t const & __thiscall RRefFrame_t::GetWorldMatrix(void) const 	10054e07	FUN_10054e07
DisplaySystem.dll	RViewPort_t	load	0xC	4	this:public void __thiscall RViewPort_t::SetMaterial(class RMaterial_t const *) 	1005591b	FUN_1005591b
DisplaySystem.dll	RViewPort_t	load	0x8	4	this:public void __thiscall RViewPort_t::SetMaterial(class RMaterial_t const *) 	1005591b	FUN_1005591b
DisplaySystem.dll	RVisual_t	load	0x2D4	4	this:public virtual void __thiscall RVisual_t::Process(void) 	100562ed	FUN_100562ed
DisplaySystem.dll	RViewPort_t	load	0x8	4	this:public void __thiscall RViewPort_t::SetMaterial(class RMaterial_t const *) 	10056308	FUN_10056308
DisplaySystem.dll	RViewPort_t	load	0x8	4	this:public void __thiscall RViewPort_t::SetMaterial(class RMaterial_t const *) 	10056308	FUN_10056308
DisplaySystem.dll	RViewPort_t	load	0xC	4	this:public void __thiscall RViewPort_t::SetMaterial(class RMaterial_t const *) 	10056308	FUN_10056308
DisplaySystem.dll	RViewPort_t	load	0xC	4	this:public void __thiscall RViewPort_t::SetMaterial(class RMaterial_t const *) 	10056308	FUN_10056308
DisplaySystem.dll	RViewPort_t	load	0xC	4	this:public void __thiscall RViewPort_t::SetMaterial(class RMaterial_t const *) 	10056308	FUN_10056308
DisplaySystem.dll	RViewPort_t	load	0xC	4	this:public void __thiscall RViewPort_t::SetMaterial(class RMaterial_t const *) 	10056308	FUN_10056308
DisplaySystem.dll	RViewPort_t	load	0xC	4	this:public void __thiscall RViewPort_t::SetMaterial(class RMaterial_t const *) 	10056308	FUN_10056308
DisplaySystem.dll	RViewPort_t	load	0xC	4	this:public void __thiscall RViewPort_t::SetMaterial(class RMaterial_t const *) 	10056308	FUN_10056308
DisplaySystem.dll	RViewPort_t	load	0x8	4	this:public void __thiscall RViewPort_t::RealizeRenderStates(void) 	10056308	FUN_10056308
DisplaySystem.dll	RViewPort_t	load	0x8	4	this:public void __thiscall RViewPort_t::RealizeRenderStates(void) 	10056308	FUN_10056308
DisplaySystem.dll	RVisual_t	store	0x2E4	1	this:public virtual void __thiscall RVisual_t::Process(void) 	10056a6a	FUN_10056a6a
DisplaySystem.dll	RVisual_t	load	0x2E8	4	this:public virtual void __thiscall RVisual_t::Process(void) 	10056a6a	FUN_10056a6a
DisplaySystem.dll	RVisual_t	store	0x2E4	1	this:public virtual void __thiscall RVisual_t::Process(void) 	10056a6a	FUN_10056a6a
DisplaySystem.dll	RViewPort_t	load	0xC	4	this:public void __thiscall RViewPort_t::SetMaterial(class RMaterial_t const *) 	10056c02	FUN_10056c02
DisplaySystem.dll	RVisual_t	load	0x2E0	4	this:public void __thiscall RVisual_t::SetRenderPriority(enum RenderList_e) 	10056e1c	FUN_10056e1c
DisplaySystem.dll	RVisual_t	load	0x2E0	4	this:public void __thiscall RVisual_t::SetRenderPriority(enum RenderList_e) 	10056e1c	FUN_10056e1c
DisplaySystem.dll	RVisual_t	store	0x2F8	4	this:public void __thiscall RVisual_t::SetRenderPriority(enum RenderList_e) 	10056e1c	FUN_10056e1c
DisplaySystem.dll	RVisual_t	load	0x2E0	4	this:public void __thiscall RVisual_t::SetRenderPriority(enum RenderList_e) 	10056e1c	FUN_10056e1c
DisplaySystem.dll	RVisual_t	store	0x2FC	4	this:public void __thiscall RVisual_t::SetRenderPriority(enum RenderList_e) 	10056e1c	FUN_10056e1c
DisplaySystem.dll	RVisual_t	load	0x2E0	4	this:public void __thiscall RVisual_t::SetRenderPriority(enum RenderList_e) 	10056e1c	FUN_10056e1c
DisplaySystem.dll	RVisual_t	store	0x300	4	this:public void __thiscall RVisual_t::SetRenderPriority(enum RenderList_e) 	10056e1c	FUN_10056e1c
DisplaySystem.dll	RVisual_t	load	0x2E0	4	this:public void __thiscall RVisual_t::SetRenderPriority(enum RenderList_e) 	10056e1c	FUN_10056e1c
DisplaySystem.dll	RVisual_t	store	0x304	4	this:public void __thiscall RVisual_t::SetRenderPriority(enum RenderList_e) 	10056e1c	FUN_10056e1c
DisplaySystem.dll	RVisual_t	load_vptr?	0x0	4	this:public void __thiscall RVisual_t::SetRenderPriority(enum RenderList_e) 	10056e1c	FUN_10056e1c
DisplaySystem.dll	RVisual_t	vcall	0x64	4	this:public void __thiscall RVisual_t::SetRenderPriority(enum RenderList_e) 	10056e1c	FUN_10056e1c
DisplaySystem.dll	RVisual_t	load	0x2F8	4	this:public void __thiscall RVisual_t::SetRenderPriority(enum RenderList_e) 	10056e1c	FUN_10056e1c
DisplaySystem.dll	RVisual_t	load	0x2FC	4	this:public void __thiscall RVisual_t::SetRenderPriority(enum RenderList_e) 	10056e1c	FUN_10056e1c
DisplaySystem.dll	RVisual_t	load	0x2E0	4	this:public void __thiscall RVisual_t::SetRenderPriority(enum RenderList_e) 	10056e1c	FUN_10056e1c
DisplaySystem.dll	RVisual_t	load_vptr?	0x0	4	this:public void __thiscall RVisual_t::SetRenderPriority(enum RenderList_e) 	10056e1c	FUN_10056e1c
DisplaySystem.dll	RVisual_t	vcall	0x6C	4	this:public void __thiscall RVisual_t::SetRenderPriority(enum RenderList_e) 	10056e1c	FUN_10056e1c
DisplaySystem.dll	RVisual_t	load_vptr?	0x0	4	this:public void __thiscall RVisual_t::SetRenderPriority(enum RenderList_e) 	10056e1c	FUN_10056e1c
DisplaySystem.dll	RVisual_t	vcall	0x70	4	this:public void __thiscall RVisual_t::SetRenderPriority(enum RenderList_e) 	10056e1c	FUN_10056e1c
DisplaySystem.dll	RVisual_t	load	0x1C4	1	this:public void __thiscall RVisual_t::SetRenderPriority(enum RenderList_e) 	10056e1c	FUN_10056e1c
DisplaySystem.dll	RVisual_t	store	0x1C4	1	this:public void __thiscall RVisual_t::SetRenderPriority(enum RenderList_e) 	10056e1c	FUN_10056e1c
DisplaySystem.dll	RVisual_t	load	0x180	4	this:protected void __thiscall RVisual_t::AddToRenderList(enum RenderList_e,int) 	10057088	FUN_10057088
DisplaySystem.dll	RVisual_t	load	0x2FC	4	this:protected void __thiscall RVisual_t::AddToRenderList(enum RenderList_e,int) 	10057088	FUN_10057088
DisplaySystem.dll	RVisual_t	load	0x300	4	this:protected void __thiscall RVisual_t::AddToRenderList(enum RenderList_e,int) 	10057088	FUN_10057088
DisplaySystem.dll	RVisual_t	load	0xE4	4	this:protected void __thiscall RVisual_t::AddToRenderList(enum RenderList_e,int) 	10057088	FUN_10057088
DisplaySystem.dll	RVisual_t	load	0x2E0	4	this:protected void __thiscall RVisual_t::AddToRenderList(enum RenderList_e,int) 	10057088	FUN_10057088
DisplaySystem.dll	RVisual_t	store	0x2E0	4	this:protected void __thiscall RVisual_t::AddToRenderList(enum RenderList_e,int) 	10057088	FUN_10057088
DisplaySystem.dll	RViewPort_t	load	0xC	4	arg:public bool __thiscall Randy_t::PushRenderTarget(class RViewPort_t *,int) 	100570db	FUN_100570db
DisplaySystem.dll	RTexture_t	load	0x30	4	this:public void __thiscall RTexture_t::ReleaseRTexture(void) const 	100570db	FUN_100570db
DisplaySystem.dll	RTexture_t	load	0x30	4	this:public void __thiscall RTexture_t::ReleaseRTexture(void) const 	100570db	FUN_100570db
DisplaySystem.dll	RVisual_t	load	0x2E0	4	this:public void __thiscall RVisual_t::SetRenderPriority(enum RenderList_e) 	1005743d	FUN_1005743d
DisplaySystem.dll	RVisual_t	load	0x2E0	4	this:public void __thiscall RVisual_t::SetRenderPriority(enum RenderList_e) 	1005743d	FUN_1005743d
DisplaySystem.dll	RVisual_t	store	0x2F8	4	this:public void __thiscall RVisual_t::SetRenderPriority(enum RenderList_e) 	1005743d	FUN_1005743d
DisplaySystem.dll	RVisual_t	load	0x2E0	4	this:public void __thiscall RVisual_t::SetRenderPriority(enum RenderList_e) 	1005743d	FUN_1005743d
DisplaySystem.dll	RVisual_t	store	0x2FC	4	this:public void __thiscall RVisual_t::SetRenderPriority(enum RenderList_e) 	1005743d	FUN_1005743d
DisplaySystem.dll	RVisual_t	load	0x2E0	4	this:public void __thiscall RVisual_t::SetRenderPriority(enum RenderList_e) 	1005743d	FUN_1005743d
DisplaySystem.dll	RVisual_t	store	0x300	4	this:public void __thiscall RVisual_t::SetRenderPriority(enum RenderList_e) 	1005743d	FUN_1005743d
DisplaySystem.dll	RVisual_t	load	0x2E0	4	this:public void __thiscall RVisual_t::SetRenderPriority(enum RenderList_e) 	1005743d	FUN_1005743d
DisplaySystem.dll	RVisual_t	store	0x304	4	this:public void __thiscall RVisual_t::SetRenderPriority(enum RenderList_e) 	1005743d	FUN_1005743d
DisplaySystem.dll	RVisual_t	load	0x2E0	4	this:public void __thiscall RVisual_t::SetRenderPriority(enum RenderList_e) 	1005743d	FUN_1005743d
DisplaySystem.dll	RVisual_t	store	0x308	4	this:public void __thiscall RVisual_t::SetRenderPriority(enum RenderList_e) 	1005743d	FUN_1005743d
DisplaySystem.dll	RVisual_t	load	0x2E0	4	this:public void __thiscall RVisual_t::SetRenderPriority(enum RenderList_e) 	1005743d	FUN_1005743d
DisplaySystem.dll	RVisual_t	store	0x30C	4	this:public void __thiscall RVisual_t::SetRenderPriority(enum RenderList_e) 	1005743d	FUN_1005743d
DisplaySystem.dll	RVisual_t	load	0x2E0	4	this:public void __thiscall RVisual_t::SetRenderPriority(enum RenderList_e) 	1005743d	FUN_1005743d
DisplaySystem.dll	RVisual_t	store	0x310	4	this:public void __thiscall RVisual_t::SetRenderPriority(enum RenderList_e) 	1005743d	FUN_1005743d
DisplaySystem.dll	RVisual_t	load	0x2E0	4	this:public void __thiscall RVisual_t::SetRenderPriority(enum RenderList_e) 	1005743d	FUN_1005743d
DisplaySystem.dll	RVisual_t	store	0x314	4	this:public void __thiscall RVisual_t::SetRenderPriority(enum RenderList_e) 	1005743d	FUN_1005743d
DisplaySystem.dll	RVisual_t	load_vptr?	0x0	4	this:public void __thiscall RVisual_t::SetRenderPriority(enum RenderList_e) 	1005743d	FUN_1005743d
DisplaySystem.dll	RVisual_t	vcall	0x64	4	this:public void __thiscall RVisual_t::SetRenderPriority(enum RenderList_e) 	1005743d	FUN_1005743d
DisplaySystem.dll	RVisual_t	load	0x2F8	4	this:public void __thiscall RVisual_t::SetRenderPriority(enum RenderList_e) 	1005743d	FUN_1005743d
DisplaySystem.dll	RVisual_t	load	0x2FC	4	this:public void __thiscall RVisual_t::SetRenderPriority(enum RenderList_e) 	1005743d	FUN_1005743d
DisplaySystem.dll	RVisual_t	load	0x2E0	4	this:public void __thiscall RVisual_t::SetRenderPriority(enum RenderList_e) 	1005743d	FUN_1005743d
DisplaySystem.dll	RVisual_t	load_vptr?	0x0	4	this:public void __thiscall RVisual_t::SetRenderPriority(enum RenderList_e) 	1005743d	FUN_1005743d
DisplaySystem.dll	RVisual_t	vcall	0x6C	4	this:public void __thiscall RVisual_t::SetRenderPriority(enum RenderList_e) 	1005743d	FUN_1005743d
DisplaySystem.dll	RVisual_t	load_vptr?	0x0	4	this:public void __thiscall RVisual_t::SetRenderPriority(enum RenderList_e) 	1005743d	FUN_1005743d
DisplaySystem.dll	RVisual_t	vcall	0x70	4	this:public void __thiscall RVisual_t::SetRenderPriority(enum RenderList_e) 	1005743d	FUN_1005743d
DisplaySystem.dll	RVisual_t	load	0x1C4	1	this:public void __thiscall RVisual_t::SetRenderPriority(enum RenderList_e) 	1005743d	FUN_1005743d
DisplaySystem.dll	RVisual_t	store	0x1C4	1	this:public void __thiscall RVisual_t::SetRenderPriority(enum RenderList_e) 	1005743d	FUN_1005743d
DisplaySystem.dll	RVisual_t	store	0x2E0	4	this:public void __thiscall RVisual_t::SetRenderPriority(enum RenderList_e) 	1005743d	FUN_1005743d
DisplaySystem.dll	RVisual_t	load	0x180	4	this:protected void __thiscall RVisual_t::AddToRenderList(enum RenderList_e,int) 	10057709	FUN_10057709
DisplaySystem.dll	RVisual_t	load	0x2FC	4	this:protected void __thiscall RVisual_t::AddToRenderList(enum RenderList_e,int) 	10057709	FUN_10057709
DisplaySystem.dll	RVisual_t	load	0x300	4	this:protected void __thiscall RVisual_t::AddToRenderList(enum RenderList_e,int) 	10057709	FUN_10057709
DisplaySystem.dll	RVisual_t	load	0xE4	4	this:protected void __thiscall RVisual_t::AddToRenderList(enum RenderList_e,int) 	10057709	FUN_10057709
DisplaySystem.dll	RVisual_t	load	0x2E0	4	this:protected void __thiscall RVisual_t::AddToRenderList(enum RenderList_e,int) 	10057709	FUN_10057709
DisplaySystem.dll	RVisual_t	store	0x2E0	4	this:protected void __thiscall RVisual_t::AddToRenderList(enum RenderList_e,int) 	10057709	FUN_10057709
DisplaySystem.dll	RViewPort_t	load	0xC	4	arg:public bool __thiscall Randy_t::PushRenderTarget(class RViewPort_t *,int) 	1005775c	FUN_1005775c
DisplaySystem.dll	RTexture_t	load	0x30	4	this:public void __thiscall RTexture_t::ReleaseRTexture(void) const 	1005775c	FUN_1005775c
DisplaySystem.dll	RTexture_t	load	0x30	4	this:public void __thiscall RTexture_t::ReleaseRTexture(void) const 	1005775c	FUN_1005775c
DisplaySystem.dll	RSprite	store	0x18C	4	this:protected void __thiscall RSprite::InitVertexColor(void) 	10057cdc	VisualFader_t::SetColor
DisplaySystem.dll	RSprite	store	0x18C	4	this:protected void __thiscall RSprite::InitVertexColor(void) 	10057d3b	VisualFader_t::FrameProcess
DisplaySystem.dll	RDeltaState	new_size	0x16C	0	ctor:public __thiscall RDeltaState::RDeltaState(char const *) 	10057e5f	VisualFader_t::VisualFader_t
DisplaySystem.dll	RVisual_t	load	0xE4	4	this:protected void __thiscall RVisual_t::AddToRenderList(enum RenderList_e,int) 	1005865a	FUN_1005865a
DisplaySystem.dll	RViewPort_t	load	0xC	4	this:public void __thiscall RViewPort_t::SetMaterial(class RMaterial_t const *) 	10058669	FUN_10058669
DisplaySystem.dll	RViewPort_t	load	0x8	4	this:public void __thiscall RViewPort_t::SetMaterial(class RMaterial_t const *) 	10058669	FUN_10058669
DisplaySystem.dll	RVisual_t	load	0xE4	4	this:protected void __thiscall RVisual_t::AddToRenderList(enum RenderList_e,int) 	10058b7e	FUN_10058b7e
DisplaySystem.dll	RVisual_t	load	0x2D4	4	this:protected void __thiscall RVisual_t::AddToRenderList(enum RenderList_e,int) 	10058b7e	FUN_10058b7e
DisplaySystem.dll	RViewPort_t	load	0xC	4	this:public void __thiscall RViewPort_t::SetMaterial(class RMaterial_t const *) 	100590fe	FUN_100590fe
DisplaySystem.dll	RViewPort_t	load	0x8	4	this:public void __thiscall RViewPort_t::SetMaterial(class RMaterial_t const *) 	100590fe	FUN_100590fe
DisplaySystem.dll	RViewPort_t	load	0x8	4	this:public void __thiscall RViewPort_t::SetMaterial(class RMaterial_t const *) 	100590fe	FUN_100590fe
DisplaySystem.dll	StateBlob_c	addr_passed	0xFFFFFFFFFFFFFFF8	0	this:public void __thiscall StateBlob_c::Reset(void) 	100590fe	FUN_100590fe
DisplaySystem.dll	StateBlob_c	load	0xFFFFFFFFFFFFFFF8	4	this:public void __thiscall StateBlob_c::Reset(void) 	100590fe	FUN_100590fe
DisplaySystem.dll	StateBlob_c	store	0xFFFFFFFFFFFFFFF8	4	this:public void __thiscall StateBlob_c::Reset(void) 	100590fe	FUN_100590fe
DisplaySystem.dll	StateBlob_c	load	0xFFFFFFFFFFFFFFFC	4	this:public void __thiscall StateBlob_c::Reset(void) 	100590fe	FUN_100590fe
DisplaySystem.dll	StateBlob_c	store	0xFFFFFFFFFFFFFFFC	4	this:public void __thiscall StateBlob_c::Reset(void) 	100590fe	FUN_100590fe
DisplaySystem.dll	StateBlob_c	load_vptr?	0x0	4	this:public void __thiscall StateBlob_c::Reset(void) 	100590fe	FUN_100590fe
DisplaySystem.dll	StateBlob_c	store_vptr?	0x0	4	this:public void __thiscall StateBlob_c::Reset(void) 	100590fe	FUN_100590fe
DisplaySystem.dll	StateBlob_c	addr_passed	0xFFFFFFFFFFFFFFF8	0	this:public void __thiscall StateBlob_c::Reset(void) 	100590fe	FUN_100590fe
DisplaySystem.dll	StateBlob_c	load	0xFFFFFFFFFFFFFFF8	4	this:public void __thiscall StateBlob_c::Reset(void) 	100590fe	FUN_100590fe
DisplaySystem.dll	StateBlob_c	store	0xFFFFFFFFFFFFFFF8	4	this:public void __thiscall StateBlob_c::Reset(void) 	100590fe	FUN_100590fe
DisplaySystem.dll	StateBlob_c	load	0xFFFFFFFFFFFFFFFC	4	this:public void __thiscall StateBlob_c::Reset(void) 	100590fe	FUN_100590fe
DisplaySystem.dll	StateBlob_c	store	0xFFFFFFFFFFFFFFFC	4	this:public void __thiscall StateBlob_c::Reset(void) 	100590fe	FUN_100590fe
DisplaySystem.dll	StateBlob_c	load_vptr?	0x0	4	this:public void __thiscall StateBlob_c::Reset(void) 	100590fe	FUN_100590fe
DisplaySystem.dll	StateBlob_c	store_vptr?	0x0	4	this:public void __thiscall StateBlob_c::Reset(void) 	100590fe	FUN_100590fe
DisplaySystem.dll	StateBlob_c	addr_passed	0xFFFFFFFFFFFFFFF8	0	this:public void __thiscall StateBlob_c::Reset(void) 	100590fe	FUN_100590fe
DisplaySystem.dll	StateBlob_c	load	0xFFFFFFFFFFFFFFF8	4	this:public void __thiscall StateBlob_c::Reset(void) 	100590fe	FUN_100590fe
DisplaySystem.dll	StateBlob_c	store	0xFFFFFFFFFFFFFFF8	4	this:public void __thiscall StateBlob_c::Reset(void) 	100590fe	FUN_100590fe
DisplaySystem.dll	StateBlob_c	load	0xFFFFFFFFFFFFFFFC	4	this:public void __thiscall StateBlob_c::Reset(void) 	100590fe	FUN_100590fe
DisplaySystem.dll	StateBlob_c	store	0xFFFFFFFFFFFFFFFC	4	this:public void __thiscall StateBlob_c::Reset(void) 	100590fe	FUN_100590fe
DisplaySystem.dll	StateBlob_c	load_vptr?	0x0	4	this:public void __thiscall StateBlob_c::Reset(void) 	100590fe	FUN_100590fe
DisplaySystem.dll	StateBlob_c	store_vptr?	0x0	4	this:public void __thiscall StateBlob_c::Reset(void) 	100590fe	FUN_100590fe
DisplaySystem.dll	DynamicVB_c	load_vptr?	0x0	4	ret:public static class DynamicVB_c & __cdecl DynamicVB_c::Get(void) 	100590fe	FUN_100590fe
DisplaySystem.dll	DynamicVB_c	vtable_load	0x0	4	ret:public static class DynamicVB_c & __cdecl DynamicVB_c::Get(void) 	100590fe	FUN_100590fe
DisplaySystem.dll	DynamicVB_c	load_vptr?	0x0	4	ret:public static class DynamicVB_c & __cdecl DynamicVB_c::Get(void) 	100590fe	FUN_100590fe
DisplaySystem.dll	DynamicVB_c	vtable_load	0x0	4	ret:public static class DynamicVB_c & __cdecl DynamicVB_c::Get(void) 	100590fe	FUN_100590fe
DisplaySystem.dll	DynamicVB_c	addr_passed	0xFFFFFFFFFFFFFFF8	0	ret:public static class DynamicVB_c & __cdecl DynamicVB_c::Get(void) 	100590fe	FUN_100590fe
DisplaySystem.dll	DynamicVB_c	load	0xFFFFFFFFFFFFFFF8	4	ret:public static class DynamicVB_c & __cdecl DynamicVB_c::Get(void) 	100590fe	FUN_100590fe
DisplaySystem.dll	DynamicVB_c	store	0xFFFFFFFFFFFFFFF8	4	ret:public static class DynamicVB_c & __cdecl DynamicVB_c::Get(void) 	100590fe	FUN_100590fe
DisplaySystem.dll	DynamicVB_c	load	0xFFFFFFFFFFFFFFFC	4	ret:public static class DynamicVB_c & __cdecl DynamicVB_c::Get(void) 	100590fe	FUN_100590fe
DisplaySystem.dll	DynamicVB_c	store	0xFFFFFFFFFFFFFFFC	4	ret:public static class DynamicVB_c & __cdecl DynamicVB_c::Get(void) 	100590fe	FUN_100590fe
DisplaySystem.dll	DynamicVB_c	load_vptr?	0x0	4	ret:public static class DynamicVB_c & __cdecl DynamicVB_c::Get(void) 	100590fe	FUN_100590fe
DisplaySystem.dll	DynamicVB_c	store_vptr?	0x0	4	ret:public static class DynamicVB_c & __cdecl DynamicVB_c::Get(void) 	100590fe	FUN_100590fe
DisplaySystem.dll	DynamicVB_c	load	0xFFFFFFFFFFFFFFF8	4	ret:public static class DynamicVB_c & __cdecl DynamicVB_c::Get(void) 	100590fe	FUN_100590fe
DisplaySystem.dll	DynamicVB_c	store	0xFFFFFFFFFFFFFFF8	4	ret:public static class DynamicVB_c & __cdecl DynamicVB_c::Get(void) 	100590fe	FUN_100590fe
DisplaySystem.dll	DynamicVB_c	load	0xFFFFFFFFFFFFFFFC	4	ret:public static class DynamicVB_c & __cdecl DynamicVB_c::Get(void) 	100590fe	FUN_100590fe
DisplaySystem.dll	DynamicVB_c	store	0xFFFFFFFFFFFFFFFC	4	ret:public static class DynamicVB_c & __cdecl DynamicVB_c::Get(void) 	100590fe	FUN_100590fe
DisplaySystem.dll	DynamicVB_c	load_vptr?	0x0	4	ret:public static class DynamicVB_c & __cdecl DynamicVB_c::Get(void) 	100590fe	FUN_100590fe
DisplaySystem.dll	DynamicVB_c	store_vptr?	0x0	4	ret:public static class DynamicVB_c & __cdecl DynamicVB_c::Get(void) 	100590fe	FUN_100590fe
DisplaySystem.dll	DynamicVB_c	addr_passed	0xFFFFFFFFFFFFFFF8	0	ret:public static class DynamicVB_c & __cdecl DynamicVB_c::Get(void) 	100590fe	FUN_100590fe
DisplaySystem.dll	DynamicVB_c	load	0xFFFFFFFFFFFFFFF8	4	ret:public static class DynamicVB_c & __cdecl DynamicVB_c::Get(void) 	100590fe	FUN_100590fe
DisplaySystem.dll	DynamicVB_c	store	0xFFFFFFFFFFFFFFF8	4	ret:public static class DynamicVB_c & __cdecl DynamicVB_c::Get(void) 	100590fe	FUN_100590fe
DisplaySystem.dll	DynamicVB_c	load	0xFFFFFFFFFFFFFFFC	4	ret:public static class DynamicVB_c & __cdecl DynamicVB_c::Get(void) 	100590fe	FUN_100590fe
DisplaySystem.dll	DynamicVB_c	store	0xFFFFFFFFFFFFFFFC	4	ret:public static class DynamicVB_c & __cdecl DynamicVB_c::Get(void) 	100590fe	FUN_100590fe
DisplaySystem.dll	DynamicVB_c	load_vptr?	0x0	4	ret:public static class DynamicVB_c & __cdecl DynamicVB_c::Get(void) 	100590fe	FUN_100590fe
DisplaySystem.dll	DynamicVB_c	store_vptr?	0x0	4	ret:public static class DynamicVB_c & __cdecl DynamicVB_c::Get(void) 	100590fe	FUN_100590fe
DisplaySystem.dll	DynamicVB_c	load	0xFFFFFFFFFFFFFFF8	4	ret:public static class DynamicVB_c & __cdecl DynamicVB_c::Get(void) 	100590fe	FUN_100590fe
DisplaySystem.dll	DynamicVB_c	store	0xFFFFFFFFFFFFFFF8	4	ret:public static class DynamicVB_c & __cdecl DynamicVB_c::Get(void) 	100590fe	FUN_100590fe
DisplaySystem.dll	DynamicVB_c	load	0xFFFFFFFFFFFFFFFC	4	ret:public static class DynamicVB_c & __cdecl DynamicVB_c::Get(void) 	100590fe	FUN_100590fe
DisplaySystem.dll	DynamicVB_c	store	0xFFFFFFFFFFFFFFFC	4	ret:public static class DynamicVB_c & __cdecl DynamicVB_c::Get(void) 	100590fe	FUN_100590fe
DisplaySystem.dll	DynamicVB_c	load_vptr?	0x0	4	ret:public static class DynamicVB_c & __cdecl DynamicVB_c::Get(void) 	100590fe	FUN_100590fe
DisplaySystem.dll	DynamicVB_c	store_vptr?	0x0	4	ret:public static class DynamicVB_c & __cdecl DynamicVB_c::Get(void) 	100590fe	FUN_100590fe
DisplaySystem.dll	DynamicVB_c	addr_passed	0xFFFFFFFFFFFFFFF8	0	ret:public static class DynamicVB_c & __cdecl DynamicVB_c::Get(void) 	100590fe	FUN_100590fe
DisplaySystem.dll	DynamicVB_c	load	0xFFFFFFFFFFFFFFF8	4	ret:public static class DynamicVB_c & __cdecl DynamicVB_c::Get(void) 	100590fe	FUN_100590fe
DisplaySystem.dll	DynamicVB_c	store	0xFFFFFFFFFFFFFFF8	4	ret:public static class DynamicVB_c & __cdecl DynamicVB_c::Get(void) 	100590fe	FUN_100590fe
DisplaySystem.dll	DynamicVB_c	load	0xFFFFFFFFFFFFFFFC	4	ret:public static class DynamicVB_c & __cdecl DynamicVB_c::Get(void) 	100590fe	FUN_100590fe
DisplaySystem.dll	DynamicVB_c	store	0xFFFFFFFFFFFFFFFC	4	ret:public static class DynamicVB_c & __cdecl DynamicVB_c::Get(void) 	100590fe	FUN_100590fe
DisplaySystem.dll	DynamicVB_c	load_vptr?	0x0	4	ret:public static class DynamicVB_c & __cdecl DynamicVB_c::Get(void) 	100590fe	FUN_100590fe
DisplaySystem.dll	DynamicVB_c	store_vptr?	0x0	4	ret:public static class DynamicVB_c & __cdecl DynamicVB_c::Get(void) 	100590fe	FUN_100590fe
DisplaySystem.dll	DynamicVB_c	load	0xFFFFFFFFFFFFFFF8	4	ret:public static class DynamicVB_c & __cdecl DynamicVB_c::Get(void) 	100590fe	FUN_100590fe
DisplaySystem.dll	DynamicVB_c	store	0xFFFFFFFFFFFFFFF8	4	ret:public static class DynamicVB_c & __cdecl DynamicVB_c::Get(void) 	100590fe	FUN_100590fe
DisplaySystem.dll	DynamicVB_c	load	0xFFFFFFFFFFFFFFFC	4	ret:public static class DynamicVB_c & __cdecl DynamicVB_c::Get(void) 	100590fe	FUN_100590fe
DisplaySystem.dll	DynamicVB_c	store	0xFFFFFFFFFFFFFFFC	4	ret:public static class DynamicVB_c & __cdecl DynamicVB_c::Get(void) 	100590fe	FUN_100590fe
DisplaySystem.dll	DynamicVB_c	load_vptr?	0x0	4	ret:public static class DynamicVB_c & __cdecl DynamicVB_c::Get(void) 	100590fe	FUN_100590fe
DisplaySystem.dll	DynamicVB_c	store_vptr?	0x0	4	ret:public static class DynamicVB_c & __cdecl DynamicVB_c::Get(void) 	100590fe	FUN_100590fe
DisplaySystem.dll	DynamicVB_c	load_vptr?	0x0	4	ret:public static class DynamicVB_c & __cdecl DynamicVB_c::Get(void) 	100590fe	FUN_100590fe
DisplaySystem.dll	DynamicVB_c	vtable_load	0x0	4	ret:public static class DynamicVB_c & __cdecl DynamicVB_c::Get(void) 	100590fe	FUN_100590fe
DisplaySystem.dll	RRefFrame_t	load	0x2E8	4	this:public virtual void __thiscall RRefFrame_t::Process(void) 	10059fc2	FUN_10059fc2
DisplaySystem.dll	RRefFrame_t	load	0x2EC	4	this:public virtual void __thiscall RRefFrame_t::Process(void) 	10059fc2	FUN_10059fc2
DisplaySystem.dll	RRefFrame_t	load	0x2EC	4	this:public virtual void __thiscall RRefFrame_t::Process(void) 	10059fc2	FUN_10059fc2
DisplaySystem.dll	RRefFrame_t	load	0xE4	4	this:public virtual void __thiscall RRefFrame_t::Process(void) 	10059fc2	FUN_10059fc2
DisplaySystem.dll	RRefFrame_t	load	0x2E0	4	this:public virtual void __thiscall RRefFrame_t::Process(void) 	10059fc2	FUN_10059fc2
DisplaySystem.dll	RRefFrame_t	store	0x2E0	4	this:public virtual void __thiscall RRefFrame_t::Process(void) 	10059fc2	FUN_10059fc2
DisplaySystem.dll	RVisual_t	load	0x2D4	4	this:public virtual void __thiscall RVisual_t::Process(void) 	1005a0a7	FUN_1005a0a7
DisplaySystem.dll	RViewPort_t	load	0xC	4	this:public void __thiscall RViewPort_t::SetMaterial(class RMaterial_t const *) 	1005a0d3	FUN_1005a0d3
DisplaySystem.dll	RViewPort_t	load	0xC	4	this:public void __thiscall RViewPort_t::SetMaterial(class RMaterial_t const *) 	1005a0d3	FUN_1005a0d3
DisplaySystem.dll	RViewPort_t	load	0x8	4	this:public void __thiscall RViewPort_t::SetMaterial(class RMaterial_t const *) 	1005a0d3	FUN_1005a0d3
DisplaySystem.dll	RRefFrame_t	load	0x2EC	4	this:public class TMatrix4_t const & __thiscall RRefFrame_t::GetWorldMatrix(void) const 	1005a0d3	FUN_1005a0d3
DisplaySystem.dll	RRefFrame_t	load	0x180	4	this:public class TMatrix4_t const & __thiscall RRefFrame_t::GetWorldMatrix(void) const 	1005a0d3	FUN_1005a0d3
DisplaySystem.dll	RRefFrame_t	load	0x2E4	1	this:public class TMatrix4_t const & __thiscall RRefFrame_t::GetWorldMatrix(void) const 	1005a0d3	FUN_1005a0d3
DisplaySystem.dll	RRefFrame_t	addr_passed	0x1CC	0	this:public class TMatrix4_t const & __thiscall RRefFrame_t::GetWorldMatrix(void) const 	1005a0d3	FUN_1005a0d3
DisplaySystem.dll	RRefFrame_t	load	0x17C	4	this:public class TMatrix4_t const & __thiscall RRefFrame_t::GetWorldMatrix(void) const 	1005a0d3	FUN_1005a0d3
DisplaySystem.dll	RRefFrame_t	load	0x318	4	this:public class TMatrix4_t const & __thiscall RRefFrame_t::GetWorldMatrix(void) const 	1005a0d3	FUN_1005a0d3
DisplaySystem.dll	RRefFrame_t	load	0x180	4	this:public class TMatrix4_t const & __thiscall RRefFrame_t::GetWorldMatrix(void) const 	1005a0d3	FUN_1005a0d3
DisplaySystem.dll	RRefFrame_t	load	0x194	4	this:public class TMatrix4_t const & __thiscall RRefFrame_t::GetWorldMatrix(void) const 	1005a0d3	FUN_1005a0d3
DisplaySystem.dll	RRefFrame_t	load	0x318	4	this:public class TMatrix4_t const & __thiscall RRefFrame_t::GetWorldMatrix(void) const 	1005a0d3	FUN_1005a0d3
DisplaySystem.dll	RRefFrame_t	load	0x318	4	this:public class TMatrix4_t const & __thiscall RRefFrame_t::GetWorldMatrix(void) const 	1005a0d3	FUN_1005a0d3
DisplaySystem.dll	RRefFrame_t	load	0x180	4	this:public class TMatrix4_t const & __thiscall RRefFrame_t::GetWorldMatrix(void) const 	1005a0d3	FUN_1005a0d3
DisplaySystem.dll	RRefFrame_t	load	0x31C	4	this:public class TMatrix4_t const & __thiscall RRefFrame_t::GetWorldMatrix(void) const 	1005a0d3	FUN_1005a0d3
DisplaySystem.dll	RRefFrame_t	load	0x31C	4	this:public class TMatrix4_t const & __thiscall RRefFrame_t::GetWorldMatrix(void) const 	1005a0d3	FUN_1005a0d3
DisplaySystem.dll	RRefFrame_t	load	0x31C	4	this:public class TMatrix4_t const & __thiscall RRefFrame_t::GetWorldMatrix(void) const 	1005a0d3	FUN_1005a0d3
DisplaySystem.dll	RRefFrame_t	load	0x31C	4	this:public class TMatrix4_t const & __thiscall RRefFrame_t::GetWorldMatrix(void) const 	1005a0d3	FUN_1005a0d3
DisplaySystem.dll	RRefFrame_t	load	0x180	4	this:public class TMatrix4_t const & __thiscall RRefFrame_t::GetWorldMatrix(void) const 	1005a0d3	FUN_1005a0d3
DisplaySystem.dll	RRefFrame_t	load	0x31C	4	this:public class TMatrix4_t const & __thiscall RRefFrame_t::GetWorldMatrix(void) const 	1005a0d3	FUN_1005a0d3
DisplaySystem.dll	RRefFrame_t	load	0x31C	4	this:public class TMatrix4_t const & __thiscall RRefFrame_t::GetWorldMatrix(void) const 	1005a0d3	FUN_1005a0d3
DisplaySystem.dll	RRefFrame_t	load	0x180	4	this:public class TMatrix4_t const & __thiscall RRefFrame_t::GetWorldMatrix(void) const 	1005a0d3	FUN_1005a0d3
DisplaySystem.dll	RRefFrame_t	load	0x31C	4	this:public class TMatrix4_t const & __thiscall RRefFrame_t::GetWorldMatrix(void) const 	1005a0d3	FUN_1005a0d3
DisplaySystem.dll	RRefFrame_t	load	0x1A8	4	this:public class TMatrix4_t const & __thiscall RRefFrame_t::GetWorldMatrix(void) const 	1005a0d3	FUN_1005a0d3
DisplaySystem.dll	RRefFrame_t	load	0x1A4	4	this:public class TMatrix4_t const & __thiscall RRefFrame_t::GetWorldMatrix(void) const 	1005a0d3	FUN_1005a0d3
DisplaySystem.dll	RRefFrame_t	load	0x180	4	this:public class TMatrix4_t const & __thiscall RRefFrame_t::GetWorldMatrix(void) const 	1005a0d3	FUN_1005a0d3
DisplaySystem.dll	RRefFrame_t	load	0x31C	4	this:public class TMatrix4_t const & __thiscall RRefFrame_t::GetWorldMatrix(void) const 	1005a0d3	FUN_1005a0d3
DisplaySystem.dll	RVisual_t	load	0x2E0	4	this:public void __thiscall RVisual_t::SetRenderPriority(enum RenderList_e) 	1005a3a9	FUN_1005a3a9
DisplaySystem.dll	RVisual_t	load	0x2E0	4	this:public void __thiscall RVisual_t::SetRenderPriority(enum RenderList_e) 	1005a3a9	FUN_1005a3a9
DisplaySystem.dll	RVisual_t	store	0x2E4	4	this:public void __thiscall RVisual_t::SetRenderPriority(enum RenderList_e) 	1005a3a9	FUN_1005a3a9
DisplaySystem.dll	RVisual_t	load	0x2E0	4	this:public void __thiscall RVisual_t::SetRenderPriority(enum RenderList_e) 	1005a3a9	FUN_1005a3a9
DisplaySystem.dll	RVisual_t	store	0x2E8	4	this:public void __thiscall RVisual_t::SetRenderPriority(enum RenderList_e) 	1005a3a9	FUN_1005a3a9
DisplaySystem.dll	RVisual_t	load	0x2E0	4	this:public void __thiscall RVisual_t::SetRenderPriority(enum RenderList_e) 	1005a3a9	FUN_1005a3a9
DisplaySystem.dll	RVisual_t	store	0x2EC	4	this:public void __thiscall RVisual_t::SetRenderPriority(enum RenderList_e) 	1005a3a9	FUN_1005a3a9
DisplaySystem.dll	RVisual_t	load	0x2E0	4	this:public void __thiscall RVisual_t::SetRenderPriority(enum RenderList_e) 	1005a3a9	FUN_1005a3a9
DisplaySystem.dll	RVisual_t	store	0x2F0	4	this:public void __thiscall RVisual_t::SetRenderPriority(enum RenderList_e) 	1005a3a9	FUN_1005a3a9
DisplaySystem.dll	RVisual_t	load	0x2E0	4	this:public void __thiscall RVisual_t::SetRenderPriority(enum RenderList_e) 	1005a3a9	FUN_1005a3a9
DisplaySystem.dll	RVisual_t	store	0x2F4	4	this:public void __thiscall RVisual_t::SetRenderPriority(enum RenderList_e) 	1005a3a9	FUN_1005a3a9
DisplaySystem.dll	RVisual_t	load	0x2E0	4	this:public void __thiscall RVisual_t::SetRenderPriority(enum RenderList_e) 	1005a3a9	FUN_1005a3a9
DisplaySystem.dll	RVisual_t	store	0x2F8	4	this:public void __thiscall RVisual_t::SetRenderPriority(enum RenderList_e) 	1005a3a9	FUN_1005a3a9
DisplaySystem.dll	RVisual_t	load	0x2E0	4	this:public void __thiscall RVisual_t::SetRenderPriority(enum RenderList_e) 	1005a3a9	FUN_1005a3a9
DisplaySystem.dll	RVisual_t	store	0x2FC	4	this:public void __thiscall RVisual_t::SetRenderPriority(enum RenderList_e) 	1005a3a9	FUN_1005a3a9
DisplaySystem.dll	RVisual_t	load	0x2E0	4	this:public void __thiscall RVisual_t::SetRenderPriority(enum RenderList_e) 	1005a3a9	FUN_1005a3a9
DisplaySystem.dll	RVisual_t	store	0x300	4	this:public void __thiscall RVisual_t::SetRenderPriority(enum RenderList_e) 	1005a3a9	FUN_1005a3a9
DisplaySystem.dll	RVisual_t	load	0x2E0	4	this:public void __thiscall RVisual_t::SetRenderPriority(enum RenderList_e) 	1005a3a9	FUN_1005a3a9
DisplaySystem.dll	RVisual_t	store	0x304	4	this:public void __thiscall RVisual_t::SetRenderPriority(enum RenderList_e) 	1005a3a9	FUN_1005a3a9
DisplaySystem.dll	RVisual_t	load	0x2E0	4	this:public void __thiscall RVisual_t::SetRenderPriority(enum RenderList_e) 	1005a3a9	FUN_1005a3a9
DisplaySystem.dll	RVisual_t	store	0x308	4	this:public void __thiscall RVisual_t::SetRenderPriority(enum RenderList_e) 	1005a3a9	FUN_1005a3a9
DisplaySystem.dll	RVisual_t	load	0x2E0	4	this:public void __thiscall RVisual_t::SetRenderPriority(enum RenderList_e) 	1005a3a9	FUN_1005a3a9
DisplaySystem.dll	RVisual_t	store	0x30C	4	this:public void __thiscall RVisual_t::SetRenderPriority(enum RenderList_e) 	1005a3a9	FUN_1005a3a9
DisplaySystem.dll	RVisual_t	load	0x2E0	4	this:public void __thiscall RVisual_t::SetRenderPriority(enum RenderList_e) 	1005a3a9	FUN_1005a3a9
DisplaySystem.dll	RVisual_t	store	0x310	4	this:public void __thiscall RVisual_t::SetRenderPriority(enum RenderList_e) 	1005a3a9	FUN_1005a3a9
DisplaySystem.dll	RVisual_t	load	0x2E0	4	this:public void __thiscall RVisual_t::SetRenderPriority(enum RenderList_e) 	1005a3a9	FUN_1005a3a9
DisplaySystem.dll	RVisual_t	store	0x314	4	this:public void __thiscall RVisual_t::SetRenderPriority(enum RenderList_e) 	1005a3a9	FUN_1005a3a9
DisplaySystem.dll	RVisual_t	load	0x2E0	4	this:public void __thiscall RVisual_t::SetRenderPriority(enum RenderList_e) 	1005a3a9	FUN_1005a3a9
DisplaySystem.dll	RVisual_t	store	0x318	4	this:public void __thiscall RVisual_t::SetRenderPriority(enum RenderList_e) 	1005a3a9	FUN_1005a3a9
DisplaySystem.dll	RVisual_t	load	0x2E0	4	this:public void __thiscall RVisual_t::SetRenderPriority(enum RenderList_e) 	1005a3a9	FUN_1005a3a9
DisplaySystem.dll	RVisual_t	store	0x31C	4	this:public void __thiscall RVisual_t::SetRenderPriority(enum RenderList_e) 	1005a3a9	FUN_1005a3a9
DisplaySystem.dll	RVisual_t	load	0x2E0	4	this:public void __thiscall RVisual_t::SetRenderPriority(enum RenderList_e) 	1005a3a9	FUN_1005a3a9
DisplaySystem.dll	RVisual_t	store	0x320	4	this:public void __thiscall RVisual_t::SetRenderPriority(enum RenderList_e) 	1005a3a9	FUN_1005a3a9
DisplaySystem.dll	RVisual_t	load	0x2E0	4	this:public void __thiscall RVisual_t::SetRenderPriority(enum RenderList_e) 	1005a3a9	FUN_1005a3a9
DisplaySystem.dll	RVisual_t	store	0x324	4	this:public void __thiscall RVisual_t::SetRenderPriority(enum RenderList_e) 	1005a3a9	FUN_1005a3a9
DisplaySystem.dll	RVisual_t	load	0x2E0	4	this:public void __thiscall RVisual_t::SetRenderPriority(enum RenderList_e) 	1005a3a9	FUN_1005a3a9
DisplaySystem.dll	RVisual_t	load	0x308	4	this:public void __thiscall RVisual_t::SetRenderPriority(enum RenderList_e) 	1005a3a9	FUN_1005a3a9
DisplaySystem.dll	RVisual_t	store	0x328	4	this:public void __thiscall RVisual_t::SetRenderPriority(enum RenderList_e) 	1005a3a9	FUN_1005a3a9
DisplaySystem.dll	RVisual_t	load	0x30C	4	this:public void __thiscall RVisual_t::SetRenderPriority(enum RenderList_e) 	1005a3a9	FUN_1005a3a9
DisplaySystem.dll	RVisual_t	load	0x2F4	4	this:public void __thiscall RVisual_t::SetRenderPriority(enum RenderList_e) 	1005a3a9	FUN_1005a3a9
DisplaySystem.dll	RVisual_t	load	0x2F8	4	this:public void __thiscall RVisual_t::SetRenderPriority(enum RenderList_e) 	1005a3a9	FUN_1005a3a9
DisplaySystem.dll	RVisual_t	load	0x2FC	4	this:public void __thiscall RVisual_t::SetRenderPriority(enum RenderList_e) 	1005a3a9	FUN_1005a3a9
DisplaySystem.dll	RVisual_t	load	0x300	4	this:public void __thiscall RVisual_t::SetRenderPriority(enum RenderList_e) 	1005a3a9	FUN_1005a3a9
DisplaySystem.dll	RVisual_t	load_vptr?	0x0	4	this:public void __thiscall RVisual_t::SetRenderPriority(enum RenderList_e) 	1005a3a9	FUN_1005a3a9
DisplaySystem.dll	RVisual_t	vcall	0x64	4	this:public void __thiscall RVisual_t::SetRenderPriority(enum RenderList_e) 	1005a3a9	FUN_1005a3a9
DisplaySystem.dll	RVisual_t	load	0x2E4	4	this:public void __thiscall RVisual_t::SetRenderPriority(enum RenderList_e) 	1005a3a9	FUN_1005a3a9
DisplaySystem.dll	RVisual_t	load	0x2E8	4	this:public void __thiscall RVisual_t::SetRenderPriority(enum RenderList_e) 	1005a3a9	FUN_1005a3a9
DisplaySystem.dll	RVisual_t	load	0x2E0	4	this:public void __thiscall RVisual_t::SetRenderPriority(enum RenderList_e) 	1005a3a9	FUN_1005a3a9
DisplaySystem.dll	RVisual_t	load_vptr?	0x0	4	this:public void __thiscall RVisual_t::SetRenderPriority(enum RenderList_e) 	1005a3a9	FUN_1005a3a9
DisplaySystem.dll	RVisual_t	vcall	0x6C	4	this:public void __thiscall RVisual_t::SetRenderPriority(enum RenderList_e) 	1005a3a9	FUN_1005a3a9
DisplaySystem.dll	RVisual_t	load_vptr?	0x0	4	this:public void __thiscall RVisual_t::SetRenderPriority(enum RenderList_e) 	1005a3a9	FUN_1005a3a9
DisplaySystem.dll	RVisual_t	vcall	0x70	4	this:public void __thiscall RVisual_t::SetRenderPriority(enum RenderList_e) 	1005a3a9	FUN_1005a3a9
DisplaySystem.dll	RVisual_t	load	0x328	4	this:public void __thiscall RVisual_t::SetRenderPriority(enum RenderList_e) 	1005a3a9	FUN_1005a3a9
DisplaySystem.dll	RVisual_t	store	0x330	4	this:public void __thiscall RVisual_t::SetRenderPriority(enum RenderList_e) 	1005a3a9	FUN_1005a3a9
DisplaySystem.dll	RVisual_t	addr_passed	0x2C	0	this:public void __thiscall RVisual_t::SetRenderPriority(enum RenderList_e) 	1005a3a9	FUN_1005a3a9
DisplaySystem.dll	RVisual_t	load	0x328	4	this:public void __thiscall RVisual_t::SetRenderPriority(enum RenderList_e) 	1005a3a9	FUN_1005a3a9
DisplaySystem.dll	RVisual_t	addr_passed	0x2C	0	this:public void __thiscall RVisual_t::SetRenderPriority(enum RenderList_e) 	1005a3a9	FUN_1005a3a9
DisplaySystem.dll	RVisual_t	store	0x330	4	this:public void __thiscall RVisual_t::SetRenderPriority(enum RenderList_e) 	1005a3a9	FUN_1005a3a9
DisplaySystem.dll	RVisual_t	load	0x180	4	this:public void __thiscall RVisual_t::SetRenderPriority(enum RenderList_e) 	1005a3a9	FUN_1005a3a9
DisplaySystem.dll	RVisual_t	load	0x32C	4	this:public void __thiscall RVisual_t::SetRenderPriority(enum RenderList_e) 	1005a3a9	FUN_1005a3a9
DisplaySystem.dll	RVisual_t	load	0x2D4	4	this:public void __thiscall RVisual_t::SetRenderPriority(enum RenderList_e) 	1005a3a9	FUN_1005a3a9
DisplaySystem.dll	RVisual_t	load	0x184	4	this:public void __thiscall RVisual_t::SetRenderPriority(enum RenderList_e) 	1005a3a9	FUN_1005a3a9
DisplaySystem.dll	RVisual_t	load	0x180	4	this:public void __thiscall RVisual_t::SetRenderPriority(enum RenderList_e) 	1005a3a9	FUN_1005a3a9
DisplaySystem.dll	RVisual_t	load	0x184	4	this:public void __thiscall RVisual_t::SetRenderPriority(enum RenderList_e) 	1005a3a9	FUN_1005a3a9
DisplaySystem.dll	RVisual_t	load	0x1C4	1	this:public void __thiscall RVisual_t::SetRenderPriority(enum RenderList_e) 	1005a3a9	FUN_1005a3a9
DisplaySystem.dll	RVisual_t	store	0x1C4	1	this:public void __thiscall RVisual_t::SetRenderPriority(enum RenderList_e) 	1005a3a9	FUN_1005a3a9
DisplaySystem.dll	RVisual_t	store	0x2E0	4	this:public void __thiscall RVisual_t::SetRenderPriority(enum RenderList_e) 	1005a3a9	FUN_1005a3a9
DisplaySystem.dll	RRefFrame_t	load	0x2E0	4	this:public class TMatrix4_t const & __thiscall RRefFrame_t::GetWorldMatrix(void) const 	1005abb1	FUN_1005abb1
DisplaySystem.dll	RRefFrame_t	store	0x2E0	4	this:public class TMatrix4_t const & __thiscall RRefFrame_t::GetWorldMatrix(void) const 	1005abb1	FUN_1005abb1
DisplaySystem.dll	RRefFrame_t	load	0x2E0	4	this:public class TMatrix4_t const & __thiscall RRefFrame_t::GetWorldMatrix(void) const 	1005abb1	FUN_1005abb1
DisplaySystem.dll	RRefFrame_t	load	0x2FC	4	this:public class TMatrix4_t const & __thiscall RRefFrame_t::GetWorldMatrix(void) const 	1005abb1	FUN_1005abb1
DisplaySystem.dll	RRefFrame_t	load	0x300	4	this:public class TMatrix4_t const & __thiscall RRefFrame_t::GetWorldMatrix(void) const 	1005abb1	FUN_1005abb1
DisplaySystem.dll	RRefFrame_t	load	0x3C	4	this:public class TMatrix4_t const & __thiscall RRefFrame_t::GetWorldMatrix(void) const 	1005abb1	FUN_1005abb1
DisplaySystem.dll	RRefFrame_t	load	0x308	4	this:public class TMatrix4_t const & __thiscall RRefFrame_t::GetWorldMatrix(void) const 	1005abb1	FUN_1005abb1
DisplaySystem.dll	RRefFrame_t	load	0x30C	4	this:public class TMatrix4_t const & __thiscall RRefFrame_t::GetWorldMatrix(void) const 	1005abb1	FUN_1005abb1
DisplaySystem.dll	RRefFrame_t	load	0x30C	4	this:public class TMatrix4_t const & __thiscall RRefFrame_t::GetWorldMatrix(void) const 	1005abb1	FUN_1005abb1
DisplaySystem.dll	RRefFrame_t	load	0x2F4	4	this:public class TMatrix4_t const & __thiscall RRefFrame_t::GetWorldMatrix(void) const 	1005abb1	FUN_1005abb1
DisplaySystem.dll	RRefFrame_t	load	0x2F8	4	this:public class TMatrix4_t const & __thiscall RRefFrame_t::GetWorldMatrix(void) const 	1005abb1	FUN_1005abb1
DisplaySystem.dll	RRefFrame_t	load	0x2F8	4	this:public class TMatrix4_t const & __thiscall RRefFrame_t::GetWorldMatrix(void) const 	1005abb1	FUN_1005abb1
DisplaySystem.dll	RRefFrame_t	load	0x17C	4	this:public class TMatrix4_t const & __thiscall RRefFrame_t::GetWorldMatrix(void) const 	1005abb1	FUN_1005abb1
DisplaySystem.dll	RRefFrame_t	load	0x1A8	4	this:public class TMatrix4_t const & __thiscall RRefFrame_t::GetWorldMatrix(void) const 	1005abb1	FUN_1005abb1
DisplaySystem.dll	RRefFrame_t	load	0x1A4	4	this:public class TMatrix4_t const & __thiscall RRefFrame_t::GetWorldMatrix(void) const 	1005abb1	FUN_1005abb1
DisplaySystem.dll	RRefFrame_t	load	0x180	4	this:public class TMatrix4_t const & __thiscall RRefFrame_t::GetWorldMatrix(void) const 	1005abb1	FUN_1005abb1
DisplaySystem.dll	RRefFrame_t	load	0x184	4	this:public class TMatrix4_t const & __thiscall RRefFrame_t::GetWorldMatrix(void) const 	1005abb1	FUN_1005abb1
DisplaySystem.dll	RTexture_t	load	0x30	4	this:public void __thiscall RTexture_t::ReleaseRTexture(void) const 	1005abb1	FUN_1005abb1
DisplaySystem.dll	RTexture_t	load	0x30	4	this:public void __thiscall RTexture_t::ReleaseRTexture(void) const 	1005abb1	FUN_1005abb1
DisplaySystem.dll	RViewPort_t	load	0xC	4	this:public void __thiscall RViewPort_t::SetMaterial(class RMaterial_t const *) 	1005abb1	FUN_1005abb1
DisplaySystem.dll	RViewPort_t	load	0xC	4	this:public void __thiscall RViewPort_t::SetMaterial(class RMaterial_t const *) 	1005abb1	FUN_1005abb1
DisplaySystem.dll	RViewPort_t	load	0xC	4	this:public void __thiscall RViewPort_t::SetMaterial(class RMaterial_t const *) 	1005abb1	FUN_1005abb1
DisplaySystem.dll	RViewPort_t	load	0xC	4	this:public void __thiscall RViewPort_t::SetMaterial(class RMaterial_t const *) 	1005abb1	FUN_1005abb1
DisplaySystem.dll	RViewPort_t	load	0xC	4	this:public void __thiscall RViewPort_t::SetMaterial(class RMaterial_t const *) 	1005abb1	FUN_1005abb1
DisplaySystem.dll	RVisual_t	load	0x2E0	4	this:public void __thiscall RVisual_t::SetRenderPriority(enum RenderList_e) 	1005b3c2	FUN_1005b3c2
DisplaySystem.dll	RVisual_t	load	0x2E0	4	this:public void __thiscall RVisual_t::SetRenderPriority(enum RenderList_e) 	1005b3c2	FUN_1005b3c2
DisplaySystem.dll	RVisual_t	store	0x2E4	4	this:public void __thiscall RVisual_t::SetRenderPriority(enum RenderList_e) 	1005b3c2	FUN_1005b3c2
DisplaySystem.dll	RVisual_t	load	0x2E0	4	this:public void __thiscall RVisual_t::SetRenderPriority(enum RenderList_e) 	1005b3c2	FUN_1005b3c2
DisplaySystem.dll	RVisual_t	store	0x2E8	4	this:public void __thiscall RVisual_t::SetRenderPriority(enum RenderList_e) 	1005b3c2	FUN_1005b3c2
DisplaySystem.dll	RVisual_t	load	0x2E0	4	this:public void __thiscall RVisual_t::SetRenderPriority(enum RenderList_e) 	1005b3c2	FUN_1005b3c2
DisplaySystem.dll	RVisual_t	store	0x2EC	4	this:public void __thiscall RVisual_t::SetRenderPriority(enum RenderList_e) 	1005b3c2	FUN_1005b3c2
DisplaySystem.dll	RVisual_t	load	0x2E0	4	this:public void __thiscall RVisual_t::SetRenderPriority(enum RenderList_e) 	1005b3c2	FUN_1005b3c2
DisplaySystem.dll	RVisual_t	store	0x2F0	4	this:public void __thiscall RVisual_t::SetRenderPriority(enum RenderList_e) 	1005b3c2	FUN_1005b3c2
DisplaySystem.dll	RVisual_t	load	0x2E0	4	this:public void __thiscall RVisual_t::SetRenderPriority(enum RenderList_e) 	1005b3c2	FUN_1005b3c2
DisplaySystem.dll	RVisual_t	store	0x2F4	4	this:public void __thiscall RVisual_t::SetRenderPriority(enum RenderList_e) 	1005b3c2	FUN_1005b3c2
DisplaySystem.dll	RVisual_t	load	0x2E0	4	this:public void __thiscall RVisual_t::SetRenderPriority(enum RenderList_e) 	1005b3c2	FUN_1005b3c2
DisplaySystem.dll	RVisual_t	store	0x2F8	4	this:public void __thiscall RVisual_t::SetRenderPriority(enum RenderList_e) 	1005b3c2	FUN_1005b3c2
DisplaySystem.dll	RVisual_t	load	0x2E0	4	this:public void __thiscall RVisual_t::SetRenderPriority(enum RenderList_e) 	1005b3c2	FUN_1005b3c2
DisplaySystem.dll	RVisual_t	store	0x2FC	4	this:public void __thiscall RVisual_t::SetRenderPriority(enum RenderList_e) 	1005b3c2	FUN_1005b3c2
DisplaySystem.dll	RVisual_t	load	0x2E0	4	this:public void __thiscall RVisual_t::SetRenderPriority(enum RenderList_e) 	1005b3c2	FUN_1005b3c2
DisplaySystem.dll	RVisual_t	store	0x300	4	this:public void __thiscall RVisual_t::SetRenderPriority(enum RenderList_e) 	1005b3c2	FUN_1005b3c2
DisplaySystem.dll	RVisual_t	load	0x2E0	4	this:public void __thiscall RVisual_t::SetRenderPriority(enum RenderList_e) 	1005b3c2	FUN_1005b3c2
DisplaySystem.dll	RVisual_t	store	0x304	4	this:public void __thiscall RVisual_t::SetRenderPriority(enum RenderList_e) 	1005b3c2	FUN_1005b3c2
DisplaySystem.dll	RVisual_t	load	0x2E0	4	this:public void __thiscall RVisual_t::SetRenderPriority(enum RenderList_e) 	1005b3c2	FUN_1005b3c2
DisplaySystem.dll	RVisual_t	store	0x308	4	this:public void __thiscall RVisual_t::SetRenderPriority(enum RenderList_e) 	1005b3c2	FUN_1005b3c2
DisplaySystem.dll	RVisual_t	load	0x2E0	4	this:public void __thiscall RVisual_t::SetRenderPriority(enum RenderList_e) 	1005b3c2	FUN_1005b3c2
DisplaySystem.dll	RVisual_t	store	0x30C	4	this:public void __thiscall RVisual_t::SetRenderPriority(enum RenderList_e) 	1005b3c2	FUN_1005b3c2
DisplaySystem.dll	RVisual_t	load	0x2E0	4	this:public void __thiscall RVisual_t::SetRenderPriority(enum RenderList_e) 	1005b3c2	FUN_1005b3c2
DisplaySystem.dll	RVisual_t	store	0x314	4	this:public void __thiscall RVisual_t::SetRenderPriority(enum RenderList_e) 	1005b3c2	FUN_1005b3c2
DisplaySystem.dll	RVisual_t	load	0x2E0	4	this:public void __thiscall RVisual_t::SetRenderPriority(enum RenderList_e) 	1005b3c2	FUN_1005b3c2
DisplaySystem.dll	RVisual_t	store	0x318	4	this:public void __thiscall RVisual_t::SetRenderPriority(enum RenderList_e) 	1005b3c2	FUN_1005b3c2
DisplaySystem.dll	RVisual_t	load	0x2E0	4	this:public void __thiscall RVisual_t::SetRenderPriority(enum RenderList_e) 	1005b3c2	FUN_1005b3c2
DisplaySystem.dll	RVisual_t	store	0x31C	4	this:public void __thiscall RVisual_t::SetRenderPriority(enum RenderList_e) 	1005b3c2	FUN_1005b3c2
DisplaySystem.dll	RVisual_t	load	0x2E0	4	this:public void __thiscall RVisual_t::SetRenderPriority(enum RenderList_e) 	1005b3c2	FUN_1005b3c2
DisplaySystem.dll	RVisual_t	load	0x308	4	this:public void __thiscall RVisual_t::SetRenderPriority(enum RenderList_e) 	1005b3c2	FUN_1005b3c2
DisplaySystem.dll	RVisual_t	store	0x310	4	this:public void __thiscall RVisual_t::SetRenderPriority(enum RenderList_e) 	1005b3c2	FUN_1005b3c2
DisplaySystem.dll	RVisual_t	load	0x30C	4	this:public void __thiscall RVisual_t::SetRenderPriority(enum RenderList_e) 	1005b3c2	FUN_1005b3c2
DisplaySystem.dll	RVisual_t	load	0x2F4	4	this:public void __thiscall RVisual_t::SetRenderPriority(enum RenderList_e) 	1005b3c2	FUN_1005b3c2
DisplaySystem.dll	RVisual_t	load	0x2F8	4	this:public void __thiscall RVisual_t::SetRenderPriority(enum RenderList_e) 	1005b3c2	FUN_1005b3c2
DisplaySystem.dll	RVisual_t	load	0x2FC	4	this:public void __thiscall RVisual_t::SetRenderPriority(enum RenderList_e) 	1005b3c2	FUN_1005b3c2
DisplaySystem.dll	RVisual_t	load	0x300	4	this:public void __thiscall RVisual_t::SetRenderPriority(enum RenderList_e) 	1005b3c2	FUN_1005b3c2
DisplaySystem.dll	RVisual_t	load_vptr?	0x0	4	this:public void __thiscall RVisual_t::SetRenderPriority(enum RenderList_e) 	1005b3c2	FUN_1005b3c2
DisplaySystem.dll	RVisual_t	vcall	0x64	4	this:public void __thiscall RVisual_t::SetRenderPriority(enum RenderList_e) 	1005b3c2	FUN_1005b3c2
DisplaySystem.dll	RVisual_t	load	0x2E4	4	this:public void __thiscall RVisual_t::SetRenderPriority(enum RenderList_e) 	1005b3c2	FUN_1005b3c2
DisplaySystem.dll	RVisual_t	load	0x2E8	4	this:public void __thiscall RVisual_t::SetRenderPriority(enum RenderList_e) 	1005b3c2	FUN_1005b3c2
DisplaySystem.dll	RVisual_t	load	0x2E0	4	this:public void __thiscall RVisual_t::SetRenderPriority(enum RenderList_e) 	1005b3c2	FUN_1005b3c2
DisplaySystem.dll	RVisual_t	load_vptr?	0x0	4	this:public void __thiscall RVisual_t::SetRenderPriority(enum RenderList_e) 	1005b3c2	FUN_1005b3c2
DisplaySystem.dll	RVisual_t	vcall	0x6C	4	this:public void __thiscall RVisual_t::SetRenderPriority(enum RenderList_e) 	1005b3c2	FUN_1005b3c2
DisplaySystem.dll	RVisual_t	load_vptr?	0x0	4	this:public void __thiscall RVisual_t::SetRenderPriority(enum RenderList_e) 	1005b3c2	FUN_1005b3c2
DisplaySystem.dll	RVisual_t	vcall	0x70	4	this:public void __thiscall RVisual_t::SetRenderPriority(enum RenderList_e) 	1005b3c2	FUN_1005b3c2
DisplaySystem.dll	RVisual_t	load	0x1C4	1	this:public void __thiscall RVisual_t::SetRenderPriority(enum RenderList_e) 	1005b3c2	FUN_1005b3c2
DisplaySystem.dll	RVisual_t	store	0x1C4	1	this:public void __thiscall RVisual_t::SetRenderPriority(enum RenderList_e) 	1005b3c2	FUN_1005b3c2
DisplaySystem.dll	RVisual_t	store	0x2E0	4	this:public void __thiscall RVisual_t::SetRenderPriority(enum RenderList_e) 	1005b3c2	FUN_1005b3c2
DisplaySystem.dll	RRefFrame_t	load	0x2E0	4	this:public virtual void __thiscall RRefFrame_t::Process(void) 	1005b633	FUN_1005b633
DisplaySystem.dll	RRefFrame_t	load	0x2E8	4	this:public virtual void __thiscall RRefFrame_t::Process(void) 	1005b633	FUN_1005b633
DisplaySystem.dll	RRefFrame_t	load	0x2E0	4	this:public virtual void __thiscall RRefFrame_t::Process(void) 	1005b633	FUN_1005b633
DisplaySystem.dll	RRefFrame_t	store	0x2E0	4	this:public virtual void __thiscall RRefFrame_t::Process(void) 	1005b633	FUN_1005b633
DisplaySystem.dll	RRefFrame_t	load	0x310	4	this:public virtual void __thiscall RRefFrame_t::Process(void) 	1005b633	FUN_1005b633
DisplaySystem.dll	RRefFrame_t	load	0x314	4	this:public virtual void __thiscall RRefFrame_t::Process(void) 	1005b633	FUN_1005b633
DisplaySystem.dll	RRefFrame_t	load	0x318	4	this:public virtual void __thiscall RRefFrame_t::Process(void) 	1005b633	FUN_1005b633
DisplaySystem.dll	RRefFrame_t	load	0x31C	4	this:public virtual void __thiscall RRefFrame_t::Process(void) 	1005b633	FUN_1005b633
DisplaySystem.dll	RRefFrame_t	load	0x314	4	this:public virtual void __thiscall RRefFrame_t::Process(void) 	1005b633	FUN_1005b633
DisplaySystem.dll	RRefFrame_t	load	0x31C	4	this:public virtual void __thiscall RRefFrame_t::Process(void) 	1005b633	FUN_1005b633
DisplaySystem.dll	RRefFrame_t	load	0x318	4	this:public virtual void __thiscall RRefFrame_t::Process(void) 	1005b633	FUN_1005b633
DisplaySystem.dll	RRefFrame_t	load	0x2EC	4	this:public virtual void __thiscall RRefFrame_t::Process(void) 	1005b633	FUN_1005b633
DisplaySystem.dll	RRefFrame_t	load	0x2F0	4	this:public virtual void __thiscall RRefFrame_t::Process(void) 	1005b633	FUN_1005b633
DisplaySystem.dll	RRefFrame_t	load	0x2EC	4	this:public virtual void __thiscall RRefFrame_t::Process(void) 	1005b633	FUN_1005b633
DisplaySystem.dll	RRefFrame_t	load	0xE4	4	this:public virtual void __thiscall RRefFrame_t::Process(void) 	1005b633	FUN_1005b633
DisplaySystem.dll	RRefFrame_t	load_vptr?	0x0	4	arg:public __thiscall RLight_t::RLight_t(class RRefFrame_t *,class RGB_t const &,enum RLight_t::Type_e,class RAnimation_t *) 	1005bdad	FUN_1005bdad
DisplaySystem.dll	RRefFrame_t	vcall	0x14	4	arg:public __thiscall RLight_t::RLight_t(class RRefFrame_t *,class RGB_t const &,enum RLight_t::Type_e,class RAnimation_t *) 	1005bdad	FUN_1005bdad
DisplaySystem.dll	RRefFrame_t	load_vptr?	0x0	4	arg:public __thiscall RLight_t::RLight_t(class RRefFrame_t *,class RGB_t const &,enum RLight_t::Type_e,class RAnimation_t *) 	1005bdad	FUN_1005bdad
DisplaySystem.dll	RRefFrame_t	vcall	0x14	4	arg:public __thiscall RLight_t::RLight_t(class RRefFrame_t *,class RGB_t const &,enum RLight_t::Type_e,class RAnimation_t *) 	1005bdad	FUN_1005bdad
DisplaySystem.dll	RVisual_t	load	0x2E0	4	this:public void __thiscall RVisual_t::SetRenderPriority(enum RenderList_e) 	1005bff9	FUN_1005bff9
DisplaySystem.dll	RVisual_t	load	0x2E4	4	this:public void __thiscall RVisual_t::SetRenderPriority(enum RenderList_e) 	1005bff9	FUN_1005bff9
DisplaySystem.dll	RVisual_t	store	0x2E4	4	this:public void __thiscall RVisual_t::SetRenderPriority(enum RenderList_e) 	1005bff9	FUN_1005bff9
DisplaySystem.dll	RVisual_t	load	0x2E0	4	this:public void __thiscall RVisual_t::SetRenderPriority(enum RenderList_e) 	1005bff9	FUN_1005bff9
DisplaySystem.dll	RVisual_t	store	0x2E8	4	this:public void __thiscall RVisual_t::SetRenderPriority(enum RenderList_e) 	1005bff9	FUN_1005bff9
DisplaySystem.dll	RVisual_t	load	0x2E0	4	this:public void __thiscall RVisual_t::SetRenderPriority(enum RenderList_e) 	1005bff9	FUN_1005bff9
DisplaySystem.dll	RVisual_t	store	0x2EC	4	this:public void __thiscall RVisual_t::SetRenderPriority(enum RenderList_e) 	1005bff9	FUN_1005bff9
DisplaySystem.dll	RVisual_t	load	0x2F0	1	this:public void __thiscall RVisual_t::SetRenderPriority(enum RenderList_e) 	1005bff9	FUN_1005bff9
DisplaySystem.dll	RVisual_t	load_vptr?	0x0	4	this:public void __thiscall RVisual_t::SetRenderPriority(enum RenderList_e) 	1005bff9	FUN_1005bff9
DisplaySystem.dll	RVisual_t	vcall	0x64	4	this:public void __thiscall RVisual_t::SetRenderPriority(enum RenderList_e) 	1005bff9	FUN_1005bff9
DisplaySystem.dll	RVisual_t	load	0x2E4	4	this:public void __thiscall RVisual_t::SetRenderPriority(enum RenderList_e) 	1005bff9	FUN_1005bff9
DisplaySystem.dll	RVisual_t	load	0x2E8	4	this:public void __thiscall RVisual_t::SetRenderPriority(enum RenderList_e) 	1005bff9	FUN_1005bff9
DisplaySystem.dll	RVisual_t	load	0x2E0	4	this:public void __thiscall RVisual_t::SetRenderPriority(enum RenderList_e) 	1005bff9	FUN_1005bff9
DisplaySystem.dll	RVisual_t	load_vptr?	0x0	4	this:public void __thiscall RVisual_t::SetRenderPriority(enum RenderList_e) 	1005bff9	FUN_1005bff9
DisplaySystem.dll	RVisual_t	vcall	0x6C	4	this:public void __thiscall RVisual_t::SetRenderPriority(enum RenderList_e) 	1005bff9	FUN_1005bff9
DisplaySystem.dll	RVisual_t	load_vptr?	0x0	4	this:public void __thiscall RVisual_t::SetRenderPriority(enum RenderList_e) 	1005bff9	FUN_1005bff9
DisplaySystem.dll	RVisual_t	vcall	0x70	4	this:public void __thiscall RVisual_t::SetRenderPriority(enum RenderList_e) 	1005bff9	FUN_1005bff9
DisplaySystem.dll	RVisual_t	load	0x1C4	1	this:public void __thiscall RVisual_t::SetRenderPriority(enum RenderList_e) 	1005bff9	FUN_1005bff9
DisplaySystem.dll	RVisual_t	store	0x1C4	1	this:public void __thiscall RVisual_t::SetRenderPriority(enum RenderList_e) 	1005bff9	FUN_1005bff9
DisplaySystem.dll	RVisual_t	store	0x2E0	4	this:public void __thiscall RVisual_t::SetRenderPriority(enum RenderList_e) 	1005bff9	FUN_1005bff9
DisplaySystem.dll	RRefFrame_t	load	0x30C	4	this:public class TMatrix4_t const & __thiscall RRefFrame_t::GetWorldMatrix(void) const 	1005c124	FUN_1005c124
DisplaySystem.dll	RRefFrame_t	load	0x320	4	this:public class TMatrix4_t const & __thiscall RRefFrame_t::GetWorldMatrix(void) const 	1005c124	FUN_1005c124
DisplaySystem.dll	RRefFrame_t	load	0x334	4	this:public class TMatrix4_t const & __thiscall RRefFrame_t::GetWorldMatrix(void) const 	1005c124	FUN_1005c124
DisplaySystem.dll	RRefFrame_t	load	0x330	4	this:public class TMatrix4_t const & __thiscall RRefFrame_t::GetWorldMatrix(void) const 	1005c124	FUN_1005c124
DisplaySystem.dll	RRefFrame_t	load	0x300	4	this:public class TMatrix4_t const & __thiscall RRefFrame_t::GetWorldMatrix(void) const 	1005c124	FUN_1005c124
DisplaySystem.dll	RRefFrame_t	load	0x324	4	this:public class TMatrix4_t const & __thiscall RRefFrame_t::GetWorldMatrix(void) const 	1005c124	FUN_1005c124
DisplaySystem.dll	RRefFrame_t	load	0x328	4	this:public class TMatrix4_t const & __thiscall RRefFrame_t::GetWorldMatrix(void) const 	1005c124	FUN_1005c124
DisplaySystem.dll	RRefFrame_t	load	0x184	4	this:public class TMatrix4_t const & __thiscall RRefFrame_t::GetWorldMatrix(void) const 	1005c124	FUN_1005c124
DisplaySystem.dll	RRefFrame_t	store	0x188	1	this:public class TMatrix4_t const & __thiscall RRefFrame_t::GetWorldMatrix(void) const 	1005c124	FUN_1005c124
DisplaySystem.dll	RRefFrame_t	store	0x188	1	this:public class TMatrix4_t const & __thiscall RRefFrame_t::GetWorldMatrix(void) const 	1005c124	FUN_1005c124
DisplaySystem.dll	RRefFrame_t	load	0x324	4	this:public class TMatrix4_t const & __thiscall RRefFrame_t::GetWorldMatrix(void) const 	1005c124	FUN_1005c124
DisplaySystem.dll	RRefFrame_t	load	0xE4	4	this:public class TMatrix4_t const & __thiscall RRefFrame_t::GetWorldMatrix(void) const 	1005c124	FUN_1005c124
DisplaySystem.dll	RRefFrame_t	load	0x30C	4	this:public class TMatrix4_t const & __thiscall RRefFrame_t::GetWorldMatrix(void) const 	1005c124	FUN_1005c124
DisplaySystem.dll	RRefFrame_t	store	0x30C	4	this:public class TMatrix4_t const & __thiscall RRefFrame_t::GetWorldMatrix(void) const 	1005c124	FUN_1005c124
DisplaySystem.dll	RRefFrame_t	load	0x1D9	1	this:public class TMatrix4_t const & __thiscall RRefFrame_t::GetWorldMatrix(void) const 	1005c334	FUN_1005c334
DisplaySystem.dll	RRefFrame_t	load	0x360	4	this:public class TMatrix4_t const & __thiscall RRefFrame_t::GetWorldMatrix(void) const 	1005c334	FUN_1005c334
DisplaySystem.dll	RRefFrame_t	load	0x30C	4	this:public class TMatrix4_t const & __thiscall RRefFrame_t::GetWorldMatrix(void) const 	1005c334	FUN_1005c334
DisplaySystem.dll	RRefFrame_t	store	0x30C	4	this:public class TMatrix4_t const & __thiscall RRefFrame_t::GetWorldMatrix(void) const 	1005c334	FUN_1005c334
DisplaySystem.dll	RRefFrame_t	load	0x30C	4	this:public class TMatrix4_t const & __thiscall RRefFrame_t::GetWorldMatrix(void) const 	1005c334	FUN_1005c334
DisplaySystem.dll	RRefFrame_t	load	0x34C	4	this:public class TMatrix4_t const & __thiscall RRefFrame_t::GetWorldMatrix(void) const 	1005c334	FUN_1005c334
DisplaySystem.dll	RRefFrame_t	load	0x350	4	this:public class TMatrix4_t const & __thiscall RRefFrame_t::GetWorldMatrix(void) const 	1005c334	FUN_1005c334
DisplaySystem.dll	RRefFrame_t	load	0x350	4	this:public class TMatrix4_t const & __thiscall RRefFrame_t::GetWorldMatrix(void) const 	1005c334	FUN_1005c334
DisplaySystem.dll	RRefFrame_t	load	0x334	4	this:public class TMatrix4_t const & __thiscall RRefFrame_t::GetWorldMatrix(void) const 	1005c334	FUN_1005c334
DisplaySystem.dll	RRefFrame_t	load	0x338	4	this:public class TMatrix4_t const & __thiscall RRefFrame_t::GetWorldMatrix(void) const 	1005c334	FUN_1005c334
DisplaySystem.dll	RRefFrame_t	load	0x358	4	this:public class TMatrix4_t const & __thiscall RRefFrame_t::GetWorldMatrix(void) const 	1005c334	FUN_1005c334
DisplaySystem.dll	RRefFrame_t	addr_passed	0x2C	0	this:public class TMatrix4_t const & __thiscall RRefFrame_t::GetWorldMatrix(void) const 	1005c334	FUN_1005c334
DisplaySystem.dll	RRefFrame_t	load	0x338	4	this:public class TMatrix4_t const & __thiscall RRefFrame_t::GetWorldMatrix(void) const 	1005c334	FUN_1005c334
DisplaySystem.dll	RRefFrame_t	load	0x3C	4	this:public class TMatrix4_t const & __thiscall RRefFrame_t::GetWorldMatrix(void) const 	1005c334	FUN_1005c334
DisplaySystem.dll	RRefFrame_t	load	0x3C	4	this:public class TMatrix4_t const & __thiscall RRefFrame_t::GetWorldMatrix(void) const 	1005c334	FUN_1005c334
DisplaySystem.dll	RRefFrame_t	load	0x32C	4	this:public class TMatrix4_t const & __thiscall RRefFrame_t::GetWorldMatrix(void) const 	1005c334	FUN_1005c334
DisplaySystem.dll	RRefFrame_t	load	0x330	4	this:public class TMatrix4_t const & __thiscall RRefFrame_t::GetWorldMatrix(void) const 	1005c334	FUN_1005c334
DisplaySystem.dll	RRefFrame_t	load	0x330	4	this:public class TMatrix4_t const & __thiscall RRefFrame_t::GetWorldMatrix(void) const 	1005c334	FUN_1005c334
DisplaySystem.dll	RRefFrame_t	load	0x348	4	this:public class TMatrix4_t const & __thiscall RRefFrame_t::GetWorldMatrix(void) const 	1005c334	FUN_1005c334
DisplaySystem.dll	RRefFrame_t	load	0x184	4	this:public class TMatrix4_t const & __thiscall RRefFrame_t::GetWorldMatrix(void) const 	1005c334	FUN_1005c334
DisplaySystem.dll	RRefFrame_t	load	0x354	4	this:public class TMatrix4_t const & __thiscall RRefFrame_t::GetWorldMatrix(void) const 	1005c334	FUN_1005c334
DisplaySystem.dll	RRefFrame_t	load	0x1BC	1	this:public class TMatrix4_t const & __thiscall RRefFrame_t::GetWorldMatrix(void) const 	1005c334	FUN_1005c334
DisplaySystem.dll	RRefFrame_t	load	0x184	4	this:public class TMatrix4_t const & __thiscall RRefFrame_t::GetWorldMatrix(void) const 	1005c334	FUN_1005c334
DisplaySystem.dll	RRefFrame_t	load	0x354	4	this:public class TMatrix4_t const & __thiscall RRefFrame_t::GetWorldMatrix(void) const 	1005c334	FUN_1005c334
DisplaySystem.dll	RViewPort_t	load	0xC	4	arg:public bool __thiscall Randy_t::SetRenderTarget(class RViewPort_t *,int) 	1005c334	FUN_1005c334
DisplaySystem.dll	RViewPort_t	load	0xC	4	arg:public bool __thiscall Randy_t::SetRenderTarget(class RViewPort_t *,int) 	1005c334	FUN_1005c334
DisplaySystem.dll	RViewPort_t	load	0xC	4	arg:public bool __thiscall Randy_t::SetRenderTarget(class RViewPort_t *,int) 	1005c334	FUN_1005c334
DisplaySystem.dll	RViewPort_t	load	0xC	4	arg:public bool __thiscall Randy_t::SetRenderTarget(class RViewPort_t *,int) 	1005c334	FUN_1005c334
DisplaySystem.dll	RViewPort_t	load	0xC	4	arg:public bool __thiscall Randy_t::SetRenderTarget(class RViewPort_t *,int) 	1005c334	FUN_1005c334
DisplaySystem.dll	RTexture_t	load	0x30	4	this:public void __thiscall RTexture_t::ReleaseRTexture(void) const 	1005c334	FUN_1005c334
DisplaySystem.dll	RTexture_t	load	0x30	4	this:public void __thiscall RTexture_t::ReleaseRTexture(void) const 	1005c334	FUN_1005c334
DisplaySystem.dll	RTexture_t	load	0x30	4	this:public void __thiscall RTexture_t::ReleaseRTexture(void) const 	1005c917	FUN_1005c917
DisplaySystem.dll	RTexture_t	load	0x30	4	this:public void __thiscall RTexture_t::ReleaseRTexture(void) const 	1005c917	FUN_1005c917
DisplaySystem.dll	RViewPort_t	load	0xC	4	arg:public bool __thiscall Randy_t::SetRenderTarget(class RViewPort_t *,int) 	1005c917	FUN_1005c917
DisplaySystem.dll	RViewPort_t	load	0xC	4	arg:public bool __thiscall Randy_t::SetRenderTarget(class RViewPort_t *,int) 	1005c917	FUN_1005c917
DisplaySystem.dll	RViewPort_t	load	0xC	4	arg:public bool __thiscall Randy_t::SetRenderTarget(class RViewPort_t *,int) 	1005c917	FUN_1005c917
DisplaySystem.dll	RViewPort_t	load	0xC	4	arg:public bool __thiscall Randy_t::SetRenderTarget(class RViewPort_t *,int) 	1005c917	FUN_1005c917
DisplaySystem.dll	RViewPort_t	load	0xC	4	arg:public bool __thiscall Randy_t::SetRenderTarget(class RViewPort_t *,int) 	1005c917	FUN_1005c917
DisplaySystem.dll	RRefFrame_t	load	0x2E0	4	this:public class TMatrix4_t const & __thiscall RRefFrame_t::GetWorldMatrix(void) const 	1005c917	FUN_1005c917
DisplaySystem.dll	RRefFrame_t	store	0x2E0	4	this:public class TMatrix4_t const & __thiscall RRefFrame_t::GetWorldMatrix(void) const 	1005c917	FUN_1005c917
DisplaySystem.dll	RRefFrame_t	load	0x2E0	4	this:public class TMatrix4_t const & __thiscall RRefFrame_t::GetWorldMatrix(void) const 	1005c917	FUN_1005c917
DisplaySystem.dll	RRefFrame_t	load	0x2FC	4	this:public class TMatrix4_t const & __thiscall RRefFrame_t::GetWorldMatrix(void) const 	1005c917	FUN_1005c917
DisplaySystem.dll	RRefFrame_t	load	0x300	4	this:public class TMatrix4_t const & __thiscall RRefFrame_t::GetWorldMatrix(void) const 	1005c917	FUN_1005c917
DisplaySystem.dll	RRefFrame_t	load	0x3C	4	this:public class TMatrix4_t const & __thiscall RRefFrame_t::GetWorldMatrix(void) const 	1005c917	FUN_1005c917
DisplaySystem.dll	RRefFrame_t	load	0x308	4	this:public class TMatrix4_t const & __thiscall RRefFrame_t::GetWorldMatrix(void) const 	1005c917	FUN_1005c917
DisplaySystem.dll	RRefFrame_t	load	0x30C	4	this:public class TMatrix4_t const & __thiscall RRefFrame_t::GetWorldMatrix(void) const 	1005c917	FUN_1005c917
DisplaySystem.dll	RRefFrame_t	load	0x30C	4	this:public class TMatrix4_t const & __thiscall RRefFrame_t::GetWorldMatrix(void) const 	1005c917	FUN_1005c917
DisplaySystem.dll	RRefFrame_t	load	0x2F4	4	this:public class TMatrix4_t const & __thiscall RRefFrame_t::GetWorldMatrix(void) const 	1005c917	FUN_1005c917
DisplaySystem.dll	RRefFrame_t	load	0x2F8	4	this:public class TMatrix4_t const & __thiscall RRefFrame_t::GetWorldMatrix(void) const 	1005c917	FUN_1005c917
DisplaySystem.dll	RRefFrame_t	load	0x2F8	4	this:public class TMatrix4_t const & __thiscall RRefFrame_t::GetWorldMatrix(void) const 	1005c917	FUN_1005c917
DisplaySystem.dll	RRefFrame_t	load	0x304	4	this:public class TMatrix4_t const & __thiscall RRefFrame_t::GetWorldMatrix(void) const 	1005c917	FUN_1005c917
DisplaySystem.dll	RRefFrame_t	load	0x17C	4	this:public class TMatrix4_t const & __thiscall RRefFrame_t::GetWorldMatrix(void) const 	1005c917	FUN_1005c917
DisplaySystem.dll	RRefFrame_t	load	0x2E0	4	this:public void __thiscall RRefFrame_t::SetTransparency(float) 	1005e25b	FUN_1005e25b
DisplaySystem.dll	RRefFrame_t	load	0x2D4	4	this:public void __thiscall RRefFrame_t::SetTransparency(float) 	1005e25b	FUN_1005e25b
DisplaySystem.dll	RRefFrame_t	load	0x180	4	this:public void __thiscall RRefFrame_t::SetTransparency(float) 	1005e25b	FUN_1005e25b
DisplaySystem.dll	RRefFrame_t	load	0x2F4	4	this:public void __thiscall RRefFrame_t::SetTransparency(float) 	1005e25b	FUN_1005e25b
DisplaySystem.dll	RRefFrame_t	load	0x2D4	4	this:public void __thiscall RRefFrame_t::SetTransparency(float) 	1005e25b	FUN_1005e25b
DisplaySystem.dll	RRefFrame_t	load	0x184	4	this:public void __thiscall RRefFrame_t::SetTransparency(float) 	1005e25b	FUN_1005e25b
DisplaySystem.dll	RRefFrame_t	load	0x2F4	4	this:public void __thiscall RRefFrame_t::SetTransparency(float) 	1005e25b	FUN_1005e25b
DisplaySystem.dll	RRefFrame_t	load	0x184	4	this:public void __thiscall RRefFrame_t::SetTransparency(float) 	1005e25b	FUN_1005e25b
DisplaySystem.dll	RRefFrame_t	load	0x2F4	4	this:public void __thiscall RRefFrame_t::SetTransparency(float) 	1005e25b	FUN_1005e25b
DisplaySystem.dll	RRefFrame_t	load	0x184	4	this:public void __thiscall RRefFrame_t::SetTransparency(float) 	1005e25b	FUN_1005e25b
DisplaySystem.dll	RRefFrame_t	load	0x2F4	4	this:public void __thiscall RRefFrame_t::SetTransparency(float) 	1005e25b	FUN_1005e25b
DisplaySystem.dll	RRefFrame_t	load	0x184	4	this:public void __thiscall RRefFrame_t::SetTransparency(float) 	1005e25b	FUN_1005e25b
DisplaySystem.dll	RRefFrame_t	load	0x180	4	this:public void __thiscall RRefFrame_t::SetTransparency(float) 	1005e25b	FUN_1005e25b
DisplaySystem.dll	RRefFrame_t	load	0x2E0	4	this:public void __thiscall RRefFrame_t::SetTransparency(float) 	1005e25b	FUN_1005e25b
DisplaySystem.dll	RRefFrame_t	load	0x17C	4	this:public void __thiscall RRefFrame_t::SetTransparency(float) 	1005e25b	FUN_1005e25b
DisplaySystem.dll	RRefFrame_t	load	0x1A8	4	this:public void __thiscall RRefFrame_t::SetTransparency(float) 	1005e25b	FUN_1005e25b
DisplaySystem.dll	RRefFrame_t	load	0x1A4	4	this:public void __thiscall RRefFrame_t::SetTransparency(float) 	1005e25b	FUN_1005e25b
DisplaySystem.dll	RRefFrame_t	load	0x180	4	this:public void __thiscall RRefFrame_t::SetTransparency(float) 	1005e25b	FUN_1005e25b
DisplaySystem.dll	RRefFrame_t	load	0x184	4	this:public void __thiscall RRefFrame_t::SetTransparency(float) 	1005e25b	FUN_1005e25b
DisplaySystem.dll	RRefFrame_t	store	0x2E0	4	this:public void __thiscall RRefFrame_t::SetTransparency(float) 	1005e25b	FUN_1005e25b
DisplaySystem.dll	RViewPort_t	load	0xC	4	arg:public bool __thiscall Randy_t::SetRenderTarget(class RViewPort_t *,int) 	1005e25b	FUN_1005e25b
DisplaySystem.dll	RTexture_t	load	0x30	4	this:public void __thiscall RTexture_t::ReleaseRTexture(void) const 	1005e25b	FUN_1005e25b
DisplaySystem.dll	RTexture_t	load	0x30	4	this:public void __thiscall RTexture_t::ReleaseRTexture(void) const 	1005e25b	FUN_1005e25b
DisplaySystem.dll	RTriMesh_t	load	0x30C	4	this:public void __thiscall RTriMesh_t::Init(class RTriMeshData_t const *) 	1005e716	FUN_1005e716
DisplaySystem.dll	RTriMesh_t	load	0x320	4	this:public void __thiscall RTriMesh_t::Init(class RTriMeshData_t const *) 	1005e716	FUN_1005e716
DisplaySystem.dll	RTriMesh_t	load	0x30C	4	this:public void __thiscall RTriMesh_t::Init(class RTriMeshData_t const *) 	1005e716	FUN_1005e716
DisplaySystem.dll	RTriMesh_t	load	0x30C	4	this:public void __thiscall RTriMesh_t::Init(class RTriMeshData_t const *) 	1005e716	FUN_1005e716
DisplaySystem.dll	RTriMesh_t	store	0x31C	4	this:public void __thiscall RTriMesh_t::Init(class RTriMeshData_t const *) 	1005e716	FUN_1005e716
DisplaySystem.dll	RTriMesh_t	load	0x30C	4	this:public void __thiscall RTriMesh_t::Init(class RTriMeshData_t const *) 	1005e716	FUN_1005e716
DisplaySystem.dll	RTriMesh_t	store	0x320	4	this:public void __thiscall RTriMesh_t::Init(class RTriMeshData_t const *) 	1005e716	FUN_1005e716
DisplaySystem.dll	RTriMesh_t	load	0x30C	4	this:public void __thiscall RTriMesh_t::Init(class RTriMeshData_t const *) 	1005e716	FUN_1005e716
DisplaySystem.dll	RTriMesh_t	store	0x324	4	this:public void __thiscall RTriMesh_t::Init(class RTriMeshData_t const *) 	1005e716	FUN_1005e716
DisplaySystem.dll	RTriMesh_t	load	0x30C	4	this:public void __thiscall RTriMesh_t::Init(class RTriMeshData_t const *) 	1005e716	FUN_1005e716
DisplaySystem.dll	RTriMesh_t	store	0x328	4	this:public void __thiscall RTriMesh_t::Init(class RTriMeshData_t const *) 	1005e716	FUN_1005e716
DisplaySystem.dll	RTriMesh_t	load	0x30C	4	this:public void __thiscall RTriMesh_t::Init(class RTriMeshData_t const *) 	1005e716	FUN_1005e716
DisplaySystem.dll	RTriMesh_t	store	0x32C	4	this:public void __thiscall RTriMesh_t::Init(class RTriMeshData_t const *) 	1005e716	FUN_1005e716
DisplaySystem.dll	RTriMesh_t	load	0x30C	4	this:public void __thiscall RTriMesh_t::Init(class RTriMeshData_t const *) 	1005e716	FUN_1005e716
DisplaySystem.dll	RTriMesh_t	store	0x330	4	this:public void __thiscall RTriMesh_t::Init(class RTriMeshData_t const *) 	1005e716	FUN_1005e716
DisplaySystem.dll	RTriMesh_t	load	0x30C	4	this:public void __thiscall RTriMesh_t::Init(class RTriMeshData_t const *) 	1005e716	FUN_1005e716
DisplaySystem.dll	RTriMesh_t	store	0x334	4	this:public void __thiscall RTriMesh_t::Init(class RTriMeshData_t const *) 	1005e716	FUN_1005e716
DisplaySystem.dll	RTriMesh_t	load	0x30C	4	this:public void __thiscall RTriMesh_t::Init(class RTriMeshData_t const *) 	1005e716	FUN_1005e716
DisplaySystem.dll	RTriMesh_t	store	0x338	4	this:public void __thiscall RTriMesh_t::Init(class RTriMeshData_t const *) 	1005e716	FUN_1005e716
DisplaySystem.dll	RTriMesh_t	load	0x30C	4	this:public void __thiscall RTriMesh_t::Init(class RTriMeshData_t const *) 	1005e716	FUN_1005e716
DisplaySystem.dll	RTriMesh_t	store	0x33C	4	this:public void __thiscall RTriMesh_t::Init(class RTriMeshData_t const *) 	1005e716	FUN_1005e716
DisplaySystem.dll	RTriMesh_t	load	0x30C	4	this:public void __thiscall RTriMesh_t::Init(class RTriMeshData_t const *) 	1005e716	FUN_1005e716
DisplaySystem.dll	RTriMesh_t	store	0x340	4	this:public void __thiscall RTriMesh_t::Init(class RTriMeshData_t const *) 	1005e716	FUN_1005e716
DisplaySystem.dll	RTriMesh_t	load	0x30C	4	this:public void __thiscall RTriMesh_t::Init(class RTriMeshData_t const *) 	1005e716	FUN_1005e716
DisplaySystem.dll	RTriMesh_t	store	0x344	4	this:public void __thiscall RTriMesh_t::Init(class RTriMeshData_t const *) 	1005e716	FUN_1005e716
DisplaySystem.dll	RTriMesh_t	load	0x30C	4	this:public void __thiscall RTriMesh_t::Init(class RTriMeshData_t const *) 	1005e716	FUN_1005e716
DisplaySystem.dll	RTriMesh_t	store	0x348	4	this:public void __thiscall RTriMesh_t::Init(class RTriMeshData_t const *) 	1005e716	FUN_1005e716
DisplaySystem.dll	RTriMesh_t	load	0x30C	4	this:public void __thiscall RTriMesh_t::Init(class RTriMeshData_t const *) 	1005e716	FUN_1005e716
DisplaySystem.dll	RTriMesh_t	store	0x34C	4	this:public void __thiscall RTriMesh_t::Init(class RTriMeshData_t const *) 	1005e716	FUN_1005e716
DisplaySystem.dll	RTriMesh_t	load	0x30C	4	this:public void __thiscall RTriMesh_t::Init(class RTriMeshData_t const *) 	1005e716	FUN_1005e716
DisplaySystem.dll	RTriMesh_t	store	0x350	4	this:public void __thiscall RTriMesh_t::Init(class RTriMeshData_t const *) 	1005e716	FUN_1005e716
DisplaySystem.dll	RTriMesh_t	load	0x30C	4	this:public void __thiscall RTriMesh_t::Init(class RTriMeshData_t const *) 	1005e716	FUN_1005e716
DisplaySystem.dll	RTriMesh_t	store	0x354	4	this:public void __thiscall RTriMesh_t::Init(class RTriMeshData_t const *) 	1005e716	FUN_1005e716
DisplaySystem.dll	RTriMesh_t	load	0x30C	4	this:public void __thiscall RTriMesh_t::Init(class RTriMeshData_t const *) 	1005e716	FUN_1005e716
DisplaySystem.dll	RTriMesh_t	store	0x358	4	this:public void __thiscall RTriMesh_t::Init(class RTriMeshData_t const *) 	1005e716	FUN_1005e716
DisplaySystem.dll	RTriMesh_t	load	0x30C	4	this:public void __thiscall RTriMesh_t::Init(class RTriMeshData_t const *) 	1005e716	FUN_1005e716
DisplaySystem.dll	RTriMesh_t	store	0x35C	4	this:public void __thiscall RTriMesh_t::Init(class RTriMeshData_t const *) 	1005e716	FUN_1005e716
DisplaySystem.dll	RTriMesh_t	load	0x30C	4	this:public void __thiscall RTriMesh_t::Init(class RTriMeshData_t const *) 	1005e716	FUN_1005e716
DisplaySystem.dll	RTriMesh_t	load	0x34C	4	this:public void __thiscall RTriMesh_t::Init(class RTriMeshData_t const *) 	1005e716	FUN_1005e716
DisplaySystem.dll	RTriMesh_t	store	0x360	4	this:public void __thiscall RTriMesh_t::Init(class RTriMeshData_t const *) 	1005e716	FUN_1005e716
DisplaySystem.dll	RTriMesh_t	load	0x350	4	this:public void __thiscall RTriMesh_t::Init(class RTriMeshData_t const *) 	1005e716	FUN_1005e716
DisplaySystem.dll	RTriMesh_t	load	0x344	4	this:public void __thiscall RTriMesh_t::Init(class RTriMeshData_t const *) 	1005e716	FUN_1005e716
DisplaySystem.dll	RTriMesh_t	store	0x1BC	1	this:public void __thiscall RTriMesh_t::Init(class RTriMeshData_t const *) 	1005e716	FUN_1005e716
DisplaySystem.dll	RTriMesh_t	store	0x1BC	1	this:public void __thiscall RTriMesh_t::Init(class RTriMeshData_t const *) 	1005e716	FUN_1005e716
DisplaySystem.dll	RTriMesh_t	load	0x33C	4	this:public void __thiscall RTriMesh_t::Init(class RTriMeshData_t const *) 	1005e716	FUN_1005e716
DisplaySystem.dll	RTriMesh_t	load	0x364	4	this:public void __thiscall RTriMesh_t::Init(class RTriMeshData_t const *) 	1005e716	FUN_1005e716
DisplaySystem.dll	RTriMesh_t	load	0x33C	4	this:public void __thiscall RTriMesh_t::Init(class RTriMeshData_t const *) 	1005e716	FUN_1005e716
DisplaySystem.dll	RTriMesh_t	load	0x340	4	this:public void __thiscall RTriMesh_t::Init(class RTriMeshData_t const *) 	1005e716	FUN_1005e716
DisplaySystem.dll	RTriMesh_t	store	0x364	4	this:public void __thiscall RTriMesh_t::Init(class RTriMeshData_t const *) 	1005e716	FUN_1005e716
DisplaySystem.dll	RTriMesh_t	load	0x364	4	this:public void __thiscall RTriMesh_t::Init(class RTriMeshData_t const *) 	1005e716	FUN_1005e716
DisplaySystem.dll	RTriMesh_t	load	0x33C	4	this:public void __thiscall RTriMesh_t::Init(class RTriMeshData_t const *) 	1005e716	FUN_1005e716
DisplaySystem.dll	RTriMesh_t	load	0x33C	4	this:public void __thiscall RTriMesh_t::Init(class RTriMeshData_t const *) 	1005e716	FUN_1005e716
DisplaySystem.dll	RTriMesh_t	load	0x30C	4	this:public void __thiscall RTriMesh_t::Init(class RTriMeshData_t const *) 	1005e716	FUN_1005e716
DisplaySystem.dll	RTriMesh_t	load	0x364	4	this:public void __thiscall RTriMesh_t::Init(class RTriMeshData_t const *) 	1005e716	FUN_1005e716
DisplaySystem.dll	RTriMesh_t	load	0x364	4	this:public void __thiscall RTriMesh_t::Init(class RTriMeshData_t const *) 	1005e716	FUN_1005e716
DisplaySystem.dll	RTriMesh_t	store	0x1C4	4	this:public void __thiscall RTriMesh_t::Init(class RTriMeshData_t const *) 	1005e716	FUN_1005e716
DisplaySystem.dll	RTriMesh_t	load	0x340	4	this:public void __thiscall RTriMesh_t::Init(class RTriMeshData_t const *) 	1005e716	FUN_1005e716
DisplaySystem.dll	RTriMesh_t	load	0x364	4	this:public void __thiscall RTriMesh_t::Init(class RTriMeshData_t const *) 	1005e716	FUN_1005e716
DisplaySystem.dll	RTriMesh_t	store	0x1C4	4	this:public void __thiscall RTriMesh_t::Init(class RTriMeshData_t const *) 	1005e716	FUN_1005e716
DisplaySystem.dll	RTriMesh_t	load	0x364	4	this:public void __thiscall RTriMesh_t::Init(class RTriMeshData_t const *) 	1005e716	FUN_1005e716
DisplaySystem.dll	RTriMesh_t	load	0x35C	4	this:public void __thiscall RTriMesh_t::Init(class RTriMeshData_t const *) 	1005e716	FUN_1005e716
DisplaySystem.dll	RTriMesh_t	load	0x35C	4	this:public void __thiscall RTriMesh_t::Init(class RTriMeshData_t const *) 	1005e716	FUN_1005e716
DisplaySystem.dll	RTriMesh_t	load	0x184	4	this:public void __thiscall RTriMesh_t::Init(class RTriMeshData_t const *) 	1005e716	FUN_1005e716
DisplaySystem.dll	RTriMesh_t	load	0x30C	4	this:public void __thiscall RTriMesh_t::Init(class RTriMeshData_t const *) 	1005e716	FUN_1005e716
DisplaySystem.dll	RTriMesh_t	load	0x35C	4	this:public void __thiscall RTriMesh_t::Init(class RTriMeshData_t const *) 	1005e716	FUN_1005e716
DisplaySystem.dll	RTriMesh_t	load	0x328	4	this:public void __thiscall RTriMesh_t::Init(class RTriMeshData_t const *) 	1005e716	FUN_1005e716
DisplaySystem.dll	RTriMesh_t	store	0x1BF	1	this:public void __thiscall RTriMesh_t::Init(class RTriMeshData_t const *) 	1005e716	FUN_1005e716
DisplaySystem.dll	RTriMesh_t	load	0x320	4	this:public void __thiscall RTriMesh_t::Init(class RTriMeshData_t const *) 	1005e716	FUN_1005e716
DisplaySystem.dll	RTriMesh_t	load_vptr?	0x0	4	this:public void __thiscall RTriMesh_t::Init(class RTriMeshData_t const *) 	1005e716	FUN_1005e716
DisplaySystem.dll	RTriMesh_t	vcall	0x68	4	this:public void __thiscall RTriMesh_t::Init(class RTriMeshData_t const *) 	1005e716	FUN_1005e716
DisplaySystem.dll	RTriMesh_t	load_vptr?	0x0	4	this:public void __thiscall RTriMesh_t::Init(class RTriMeshData_t const *) 	1005e716	FUN_1005e716
DisplaySystem.dll	RTriMesh_t	vcall	0x64	4	this:public void __thiscall RTriMesh_t::Init(class RTriMeshData_t const *) 	1005e716	FUN_1005e716
DisplaySystem.dll	RTriMesh_t	load	0x32C	4	this:public void __thiscall RTriMesh_t::Init(class RTriMeshData_t const *) 	1005e716	FUN_1005e716
DisplaySystem.dll	RTriMesh_t	load	0x330	4	this:public void __thiscall RTriMesh_t::Init(class RTriMeshData_t const *) 	1005e716	FUN_1005e716
DisplaySystem.dll	RTriMesh_t	load	0x334	4	this:public void __thiscall RTriMesh_t::Init(class RTriMeshData_t const *) 	1005e716	FUN_1005e716
DisplaySystem.dll	RTriMesh_t	load	0x338	4	this:public void __thiscall RTriMesh_t::Init(class RTriMeshData_t const *) 	1005e716	FUN_1005e716
DisplaySystem.dll	RTriMesh_t	load	0x320	4	this:public void __thiscall RTriMesh_t::Init(class RTriMeshData_t const *) 	1005e716	FUN_1005e716
DisplaySystem.dll	RTriMesh_t	load	0x30C	4	this:public void __thiscall RTriMesh_t::Init(class RTriMeshData_t const *) 	1005e716	FUN_1005e716
DisplaySystem.dll	RTriMesh_t	load	0x31C	4	this:public void __thiscall RTriMesh_t::Init(class RTriMeshData_t const *) 	1005e716	FUN_1005e716
DisplaySystem.dll	RTriMesh_t	load	0x1F0	1	this:public void __thiscall RTriMesh_t::Init(class RTriMeshData_t const *) 	1005e716	FUN_1005e716
DisplaySystem.dll	RTriMesh_t	store	0x1F0	1	this:public void __thiscall RTriMesh_t::Init(class RTriMeshData_t const *) 	1005e716	FUN_1005e716
DisplaySystem.dll	RTriMesh_t	store	0x30C	4	this:public void __thiscall RTriMesh_t::Init(class RTriMeshData_t const *) 	1005e716	FUN_1005e716
DisplaySystem.dll	RSprite	store	0x18C	4	this:protected void __thiscall RSprite::InitVertexColor(void) 	1005fa4e	FUN_1005fa4e
DisplaySystem.dll	RRefFrame_t	load_vptr?	0x0	4	arg:public __thiscall RSprite::RSprite(class RMaterial_t const *,class RSpriteAnim const *,float,float,class RRefFrame_t *,enum RSprite::SpriteMode_e) 	1005fa4e	FUN_1005fa4e
DisplaySystem.dll	RRefFrame_t	vcall	0x10	4	arg:public __thiscall RSprite::RSprite(class RMaterial_t const *,class RSpriteAnim const *,float,float,class RRefFrame_t *,enum RSprite::SpriteMode_e) 	1005fa4e	FUN_1005fa4e
DisplaySystem.dll	RSprite	store	0x18C	4	this:protected void __thiscall RSprite::InitVertexColor(void) 	1005fb91	FUN_1005fb91
DisplaySystem.dll	RViewPort_t	load	0xC	4	arg:public virtual void __thiscall RTriMesh_t::Render(class RViewPort_t &) 	1005fcfc	FUN_1005fcfc
DisplaySystem.dll	RTriMesh_t	load	0x1D9	1	this:public virtual void __thiscall RTriMesh_t::Render(class RViewPort_t &) 	1005fcfc	FUN_1005fcfc
DisplaySystem.dll	RMaterial_t	new_size	0xC0	0	ctor:public __thiscall RMaterial_t::RMaterial_t(char const *,class RTexture_t *,class RGB_t const &,class RGB_t const &,class RGB_t const &,class RGB_t const &,float,float,float,bool,bool) 	100601dc	FUN_100601dc
DisplaySystem.dll	RVisual_t	store	0x178	4	this:protected __thiscall RVisual_t::RVisual_t(class RRefFrame_t *,class RAnimation_t *) 	1006062c	FUN_1006062c
DisplaySystem.dll	RVisual_t	store	0x180	4	this:protected __thiscall RVisual_t::RVisual_t(class RRefFrame_t *,class RAnimation_t *) 	1006062c	FUN_1006062c
DisplaySystem.dll	RVisual_t	store	0x184	4	this:protected __thiscall RVisual_t::RVisual_t(class RRefFrame_t *,class RAnimation_t *) 	1006062c	FUN_1006062c
DisplaySystem.dll	RVisual_t	store	0x188	4	this:protected __thiscall RVisual_t::RVisual_t(class RRefFrame_t *,class RAnimation_t *) 	1006062c	FUN_1006062c
DisplaySystem.dll	RVisual_t	store	0x18C	4	this:protected __thiscall RVisual_t::RVisual_t(class RRefFrame_t *,class RAnimation_t *) 	1006062c	FUN_1006062c
DisplaySystem.dll	RVisual_t	store	0x190	4	this:protected __thiscall RVisual_t::RVisual_t(class RRefFrame_t *,class RAnimation_t *) 	1006062c	FUN_1006062c
DisplaySystem.dll	RVisual_t	store	0x194	4	this:protected __thiscall RVisual_t::RVisual_t(class RRefFrame_t *,class RAnimation_t *) 	1006062c	FUN_1006062c
DisplaySystem.dll	RVisual_t	store	0x198	4	this:protected __thiscall RVisual_t::RVisual_t(class RRefFrame_t *,class RAnimation_t *) 	1006062c	FUN_1006062c
DisplaySystem.dll	RVisual_t	store	0x19C	4	this:protected __thiscall RVisual_t::RVisual_t(class RRefFrame_t *,class RAnimation_t *) 	1006062c	FUN_1006062c
DisplaySystem.dll	RVisual_t	store	0x1A0	4	this:protected __thiscall RVisual_t::RVisual_t(class RRefFrame_t *,class RAnimation_t *) 	1006062c	FUN_1006062c
DisplaySystem.dll	RVisual_t	store	0x1A4	4	this:protected __thiscall RVisual_t::RVisual_t(class RRefFrame_t *,class RAnimation_t *) 	1006062c	FUN_1006062c
DisplaySystem.dll	RVisual_t	store	0x1A8	4	this:protected __thiscall RVisual_t::RVisual_t(class RRefFrame_t *,class RAnimation_t *) 	1006062c	FUN_1006062c
DisplaySystem.dll	RVisual_t	store_vptr?	0x0	4	this:protected __thiscall RVisual_t::RVisual_t(class RRefFrame_t *,class RAnimation_t *) 	1006062c	FUN_1006062c
DisplaySystem.dll	RVisual_t	store	0xA4	4	this:protected __thiscall RVisual_t::RVisual_t(class RRefFrame_t *,class RAnimation_t *) 	1006062c	FUN_1006062c
DisplaySystem.dll	RVisual_t	store	0x17C	4	this:protected __thiscall RVisual_t::RVisual_t(class RRefFrame_t *,class RAnimation_t *) 	1006062c	FUN_1006062c
DisplaySystem.dll	RVisual_t	store	0x1AC	1	this:protected __thiscall RVisual_t::RVisual_t(class RRefFrame_t *,class RAnimation_t *) 	1006062c	FUN_1006062c
DisplaySystem.dll	RVisual_t	store	0x1B4	4	this:protected __thiscall RVisual_t::RVisual_t(class RRefFrame_t *,class RAnimation_t *) 	1006062c	FUN_1006062c
DisplaySystem.dll	RVisual_t	store	0x1B8	4	this:protected __thiscall RVisual_t::RVisual_t(class RRefFrame_t *,class RAnimation_t *) 	1006062c	FUN_1006062c
DisplaySystem.dll	RVisual_t	store	0x1BC	4	this:protected __thiscall RVisual_t::RVisual_t(class RRefFrame_t *,class RAnimation_t *) 	1006062c	FUN_1006062c
DisplaySystem.dll	RVisual_t	store	0x1C0	4	this:protected __thiscall RVisual_t::RVisual_t(class RRefFrame_t *,class RAnimation_t *) 	1006062c	FUN_1006062c
DisplaySystem.dll	RVisual_t	addr_passed	0x1CC	0	this:protected __thiscall RVisual_t::RVisual_t(class RRefFrame_t *,class RAnimation_t *) 	1006062c	FUN_1006062c
DisplaySystem.dll	RVisual_t	store	0x1C4	1	this:protected __thiscall RVisual_t::RVisual_t(class RRefFrame_t *,class RAnimation_t *) 	1006062c	FUN_1006062c
DisplaySystem.dll	RVisual_t	addr_passed	0x250	0	this:protected __thiscall RVisual_t::RVisual_t(class RRefFrame_t *,class RAnimation_t *) 	1006062c	FUN_1006062c
DisplaySystem.dll	RVisual_t	store	0x2E0	4	this:protected __thiscall RVisual_t::RVisual_t(class RRefFrame_t *,class RAnimation_t *) 	1006062c	FUN_1006062c
DisplaySystem.dll	RVisual_t	addr_passed	0x1B4	0	this:protected __thiscall RVisual_t::RVisual_t(class RRefFrame_t *,class RAnimation_t *) 	1006062c	FUN_1006062c
DisplaySystem.dll	RVisual_t	store	0x1C8	4	this:protected __thiscall RVisual_t::RVisual_t(class RRefFrame_t *,class RAnimation_t *) 	1006062c	FUN_1006062c
DisplaySystem.dll	HMOccluder_t	load	0x2C	4	ret:public static class HMOccluder_t & __cdecl HMOccluder_t::Get(void) 	10060bbf	VisualEnvFX_t::SetHMOcclusionScanLines
DisplaySystem.dll	HMOccluder_t	store	0x30	4	ret:public static class HMOccluder_t & __cdecl HMOccluder_t::Get(void) 	10060bbf	VisualEnvFX_t::SetHMOcclusionScanLines
DisplaySystem.dll	HMOccluder_t	store	0x30	4	ret:public static class HMOccluder_t & __cdecl HMOccluder_t::Get(void) 	10060bbf	VisualEnvFX_t::SetHMOcclusionScanLines
DisplaySystem.dll	RMaterial_t	store	0x38	4	this:protected void __thiscall RMaterial_t::UpdateSpecular(void) 	10061505	FUN_10061505
DisplaySystem.dll	RMaterial_t	store	0x3C	4	this:protected void __thiscall RMaterial_t::UpdateSpecular(void) 	10061505	FUN_10061505
DisplaySystem.dll	RMaterial_t	store	0x40	4	this:protected void __thiscall RMaterial_t::UpdateSpecular(void) 	10061505	FUN_10061505
DisplaySystem.dll	RMaterial_t	store	0x6C	1	this:protected void __thiscall RMaterial_t::UpdateSpecular(void) 	10061505	FUN_10061505
DisplaySystem.dll	RVisual_t	load	0x88	4	this:public void __thiscall RVisual_t::RenderWithTransparency(class RViewPort_t &,class SimpleMesh *) 	10063dff	FUN_10063dff
DisplaySystem.dll	RVisual_t	load	0xB0	4	this:public void __thiscall RVisual_t::RenderWithTransparency(class RViewPort_t &,class SimpleMesh *) 	10063dff	FUN_10063dff
DisplaySystem.dll	RVisual_t	load_vptr?	0x0	4	this:public void __thiscall RVisual_t::RenderWithTransparency(class RViewPort_t &,class SimpleMesh *) 	10063dff	FUN_10063dff
DisplaySystem.dll	RVisual_t	vcall	0x40	4	this:public void __thiscall RVisual_t::RenderWithTransparency(class RViewPort_t &,class SimpleMesh *) 	10063dff	FUN_10063dff
DisplaySystem.dll	RVisual_t	load_vptr?	0x0	4	this:public void __thiscall RVisual_t::RenderWithTransparency(class RViewPort_t &,class SimpleMesh *) 	10063dff	FUN_10063dff
DisplaySystem.dll	RVisual_t	vcall	0x44	4	this:public void __thiscall RVisual_t::RenderWithTransparency(class RViewPort_t &,class SimpleMesh *) 	10063dff	FUN_10063dff
DisplaySystem.dll	RVisual_t	load_vptr?	0x0	4	this:public void __thiscall RVisual_t::RenderWithTransparency(class RViewPort_t &,class SimpleMesh *) 	10063dff	FUN_10063dff
DisplaySystem.dll	RVisual_t	vcall	0x48	4	this:public void __thiscall RVisual_t::RenderWithTransparency(class RViewPort_t &,class SimpleMesh *) 	10063dff	FUN_10063dff
DisplaySystem.dll	RVisual_t	load_vptr?	0x0	4	this:public void __thiscall RVisual_t::RenderWithTransparency(class RViewPort_t &,class SimpleMesh *) 	10063dff	FUN_10063dff
DisplaySystem.dll	RVisual_t	vcall	0x40	4	this:public void __thiscall RVisual_t::RenderWithTransparency(class RViewPort_t &,class SimpleMesh *) 	10063dff	FUN_10063dff
DisplaySystem.dll	RVisual_t	load_vptr?	0x0	4	this:public void __thiscall RVisual_t::RenderWithTransparency(class RViewPort_t &,class SimpleMesh *) 	10063dff	FUN_10063dff
DisplaySystem.dll	RVisual_t	vcall	0x44	4	this:public void __thiscall RVisual_t::RenderWithTransparency(class RViewPort_t &,class SimpleMesh *) 	10063dff	FUN_10063dff
DisplaySystem.dll	RVisual_t	load_vptr?	0x0	4	this:public void __thiscall RVisual_t::RenderWithTransparency(class RViewPort_t &,class SimpleMesh *) 	10063dff	FUN_10063dff
DisplaySystem.dll	RVisual_t	vcall	0x48	4	this:public void __thiscall RVisual_t::RenderWithTransparency(class RViewPort_t &,class SimpleMesh *) 	10063dff	FUN_10063dff
DisplaySystem.dll	RVisual_t	store_vptr?	0x0	4	this:protected virtual __thiscall RVisual_t::~RVisual_t(void) 	10064197	FUN_10064197
DisplaySystem.dll	RVisual_t	store	0xA4	4	this:protected virtual __thiscall RVisual_t::~RVisual_t(void) 	10064197	FUN_10064197
DisplaySystem.dll	RVisual_t	load	0x2E0	4	this:protected virtual __thiscall RVisual_t::~RVisual_t(void) 	10064197	FUN_10064197
DisplaySystem.dll	RVisual_t	load	0x2E0	4	this:protected virtual __thiscall RVisual_t::~RVisual_t(void) 	10064197	FUN_10064197
DisplaySystem.dll	RVisual_t	load	0x2E0	4	this:protected virtual __thiscall RVisual_t::~RVisual_t(void) 	10064197	FUN_10064197
DisplaySystem.dll	RVisual_t	store	0x2E0	4	this:protected virtual __thiscall RVisual_t::~RVisual_t(void) 	10064197	FUN_10064197
DisplaySystem.dll	RVisual_t	addr_passed	0x250	0	this:protected virtual __thiscall RVisual_t::~RVisual_t(void) 	10064197	FUN_10064197
DisplaySystem.dll	RVisual_t	addr_passed	0x1CC	0	this:protected virtual __thiscall RVisual_t::~RVisual_t(void) 	10064197	FUN_10064197
DisplaySystem.dll	RVisual_t	addr_passed	0x310	0	this:public void __thiscall RVisual_t::SetRenderPriority(enum RenderList_e) 	10064ff9	FUN_10064ff9
DisplaySystem.dll	RVisual_t	store_vptr?	0x0	4	this:public void __thiscall RVisual_t::SetRenderPriority(enum RenderList_e) 	10064ff9	FUN_10064ff9
DisplaySystem.dll	RVisual_t	store	0xA4	4	this:public void __thiscall RVisual_t::SetRenderPriority(enum RenderList_e) 	10064ff9	FUN_10064ff9
DisplaySystem.dll	RVisual_t	store	0x308	4	this:public void __thiscall RVisual_t::SetRenderPriority(enum RenderList_e) 	10064ff9	FUN_10064ff9
DisplaySystem.dll	RVisual_t	store	0x300	4	this:public void __thiscall RVisual_t::SetRenderPriority(enum RenderList_e) 	10064ff9	FUN_10064ff9
DisplaySystem.dll	RVisual_t	store_vptr?	0x0	4	this:public void __thiscall RVisual_t::SetRenderPriority(enum RenderList_e) 	1006511a	FUN_1006511a
DisplaySystem.dll	RVisual_t	store	0xA4	4	this:public void __thiscall RVisual_t::SetRenderPriority(enum RenderList_e) 	1006511a	FUN_1006511a
DisplaySystem.dll	RVisual_t	store	0x2DC	4	this:public void __thiscall RVisual_t::SetRenderPriority(enum RenderList_e) 	1006511a	FUN_1006511a
DisplaySystem.dll	RVisual_t	store	0x2D4	4	this:public void __thiscall RVisual_t::SetRenderPriority(enum RenderList_e) 	1006511a	FUN_1006511a
DisplaySystem.dll	RVisual_t	store_vptr?	0x0	4	this:public void __thiscall RVisual_t::SetRenderPriority(enum RenderList_e) 	10065206	FUN_10065206
DisplaySystem.dll	RVisual_t	store	0xA4	4	this:public void __thiscall RVisual_t::SetRenderPriority(enum RenderList_e) 	10065206	FUN_10065206
DisplaySystem.dll	RVisual_t	store	0x2DC	4	this:public void __thiscall RVisual_t::SetRenderPriority(enum RenderList_e) 	10065206	FUN_10065206
DisplaySystem.dll	RVisual_t	store	0x2D4	4	this:public void __thiscall RVisual_t::SetRenderPriority(enum RenderList_e) 	10065206	FUN_10065206
DisplaySystem.dll	RVisual_t	store_vptr?	0x0	4	this:public void __thiscall RVisual_t::SetRenderPriority(enum RenderList_e) 	100652f2	FUN_100652f2
DisplaySystem.dll	RVisual_t	store	0xA4	4	this:public void __thiscall RVisual_t::SetRenderPriority(enum RenderList_e) 	100652f2	FUN_100652f2
DisplaySystem.dll	RVisual_t	store	0x2DC	4	this:public void __thiscall RVisual_t::SetRenderPriority(enum RenderList_e) 	100652f2	FUN_100652f2
DisplaySystem.dll	RVisual_t	store	0x2D4	4	this:public void __thiscall RVisual_t::SetRenderPriority(enum RenderList_e) 	100652f2	FUN_100652f2
DisplaySystem.dll	RVisual_t	store_vptr?	0x0	4	this:public void __thiscall RVisual_t::SetRenderPriority(enum RenderList_e) 	100653b1	FUN_100653b1
DisplaySystem.dll	RVisual_t	store	0xA4	4	this:public void __thiscall RVisual_t::SetRenderPriority(enum RenderList_e) 	100653b1	FUN_100653b1
DisplaySystem.dll	RVisual_t	store	0x2DC	4	this:public void __thiscall RVisual_t::SetRenderPriority(enum RenderList_e) 	100653b1	FUN_100653b1
DisplaySystem.dll	RVisual_t	store	0x2D4	4	this:public void __thiscall RVisual_t::SetRenderPriority(enum RenderList_e) 	100653b1	FUN_100653b1
DisplaySystem.dll	RVisual_t	store_vptr?	0x0	4	this:public void __thiscall RVisual_t::SetRenderPriority(enum RenderList_e) 	1006549d	FUN_1006549d
DisplaySystem.dll	RVisual_t	store	0xA4	4	this:public void __thiscall RVisual_t::SetRenderPriority(enum RenderList_e) 	1006549d	FUN_1006549d
DisplaySystem.dll	RVisual_t	store	0x2DC	4	this:public void __thiscall RVisual_t::SetRenderPriority(enum RenderList_e) 	1006549d	FUN_1006549d
DisplaySystem.dll	RVisual_t	store	0x2D4	4	this:public void __thiscall RVisual_t::SetRenderPriority(enum RenderList_e) 	1006549d	FUN_1006549d
DisplaySystem.dll	RVisual_t	store_vptr?	0x0	4	this:public void __thiscall RVisual_t::SetRenderPriority(enum RenderList_e) 	10065589	FUN_10065589
DisplaySystem.dll	RVisual_t	store	0xA4	4	this:public void __thiscall RVisual_t::SetRenderPriority(enum RenderList_e) 	10065589	FUN_10065589
DisplaySystem.dll	RVisual_t	store	0x2DC	4	this:public void __thiscall RVisual_t::SetRenderPriority(enum RenderList_e) 	10065589	FUN_10065589
DisplaySystem.dll	RVisual_t	store	0x2D4	4	this:public void __thiscall RVisual_t::SetRenderPriority(enum RenderList_e) 	10065589	FUN_10065589
DisplaySystem.dll	RVisual_t	store_vptr?	0x0	4	this:public void __thiscall RVisual_t::SetRenderPriority(enum RenderList_e) 	10065675	FUN_10065675
DisplaySystem.dll	RVisual_t	store	0xA4	4	this:public void __thiscall RVisual_t::SetRenderPriority(enum RenderList_e) 	10065675	FUN_10065675
DisplaySystem.dll	RVisual_t	store	0x2DC	4	this:public void __thiscall RVisual_t::SetRenderPriority(enum RenderList_e) 	10065675	FUN_10065675
DisplaySystem.dll	RVisual_t	store	0x2D4	4	this:public void __thiscall RVisual_t::SetRenderPriority(enum RenderList_e) 	10065675	FUN_10065675
DisplaySystem.dll	RVisual_t	store_vptr?	0x0	4	this:public void __thiscall RVisual_t::SetRenderPriority(enum RenderList_e) 	10065734	FUN_10065734
DisplaySystem.dll	RVisual_t	store	0xA4	4	this:public void __thiscall RVisual_t::SetRenderPriority(enum RenderList_e) 	10065734	FUN_10065734
DisplaySystem.dll	RVisual_t	store	0x2EC	4	this:public void __thiscall RVisual_t::SetRenderPriority(enum RenderList_e) 	10065734	FUN_10065734
DisplaySystem.dll	RVisual_t	store	0x2F0	4	this:public void __thiscall RVisual_t::SetRenderPriority(enum RenderList_e) 	10065734	FUN_10065734
DisplaySystem.dll	RVisual_t	store	0x2F4	4	this:public void __thiscall RVisual_t::SetRenderPriority(enum RenderList_e) 	10065734	FUN_10065734
DisplaySystem.dll	RVisual_t	store	0x2DC	4	this:public void __thiscall RVisual_t::SetRenderPriority(enum RenderList_e) 	10065734	FUN_10065734
DisplaySystem.dll	RVisual_t	store	0x2D4	4	this:public void __thiscall RVisual_t::SetRenderPriority(enum RenderList_e) 	10065734	FUN_10065734
DisplaySystem.dll	RVisual_t	store_vptr?	0x0	4	this:public void __thiscall RVisual_t::SetRenderPriority(enum RenderList_e) 	10065807	FUN_10065807
DisplaySystem.dll	RVisual_t	store	0xA4	4	this:public void __thiscall RVisual_t::SetRenderPriority(enum RenderList_e) 	10065807	FUN_10065807
DisplaySystem.dll	RVisual_t	store	0x2EC	4	this:public void __thiscall RVisual_t::SetRenderPriority(enum RenderList_e) 	10065807	FUN_10065807
DisplaySystem.dll	RVisual_t	store	0x2F0	4	this:public void __thiscall RVisual_t::SetRenderPriority(enum RenderList_e) 	10065807	FUN_10065807
DisplaySystem.dll	RVisual_t	store	0x2F4	4	this:public void __thiscall RVisual_t::SetRenderPriority(enum RenderList_e) 	10065807	FUN_10065807
DisplaySystem.dll	RVisual_t	store	0x2F8	4	this:public void __thiscall RVisual_t::SetRenderPriority(enum RenderList_e) 	10065807	FUN_10065807
DisplaySystem.dll	RVisual_t	store	0x2FC	4	this:public void __thiscall RVisual_t::SetRenderPriority(enum RenderList_e) 	10065807	FUN_10065807
DisplaySystem.dll	RVisual_t	store	0x300	4	this:public void __thiscall RVisual_t::SetRenderPriority(enum RenderList_e) 	10065807	FUN_10065807
DisplaySystem.dll	RVisual_t	store	0x2DC	4	this:public void __thiscall RVisual_t::SetRenderPriority(enum RenderList_e) 	10065807	FUN_10065807
DisplaySystem.dll	RVisual_t	store	0x2D4	4	this:public void __thiscall RVisual_t::SetRenderPriority(enum RenderList_e) 	10065807	FUN_10065807
DisplaySystem.dll	RVisual_t	store_vptr?	0x0	4	this:public void __thiscall RVisual_t::SetRenderPriority(enum RenderList_e) 	100658ec	FUN_100658ec
DisplaySystem.dll	RVisual_t	store	0xA4	4	this:public void __thiscall RVisual_t::SetRenderPriority(enum RenderList_e) 	100658ec	FUN_100658ec
DisplaySystem.dll	RVisual_t	store	0x314	4	this:public void __thiscall RVisual_t::SetRenderPriority(enum RenderList_e) 	100658ec	FUN_100658ec
DisplaySystem.dll	RVisual_t	store	0x318	4	this:public void __thiscall RVisual_t::SetRenderPriority(enum RenderList_e) 	100658ec	FUN_100658ec
DisplaySystem.dll	RVisual_t	store	0x31C	4	this:public void __thiscall RVisual_t::SetRenderPriority(enum RenderList_e) 	100658ec	FUN_100658ec
DisplaySystem.dll	RVisual_t	store	0x320	4	this:public void __thiscall RVisual_t::SetRenderPriority(enum RenderList_e) 	100658ec	FUN_100658ec
DisplaySystem.dll	RVisual_t	store	0x324	4	this:public void __thiscall RVisual_t::SetRenderPriority(enum RenderList_e) 	100658ec	FUN_100658ec
DisplaySystem.dll	RVisual_t	store	0x328	4	this:public void __thiscall RVisual_t::SetRenderPriority(enum RenderList_e) 	100658ec	FUN_100658ec
DisplaySystem.dll	RVisual_t	store	0x32C	4	this:public void __thiscall RVisual_t::SetRenderPriority(enum RenderList_e) 	100658ec	FUN_100658ec
DisplaySystem.dll	RVisual_t	store	0x330	4	this:public void __thiscall RVisual_t::SetRenderPriority(enum RenderList_e) 	100658ec	FUN_100658ec
DisplaySystem.dll	RVisual_t	store	0x334	4	this:public void __thiscall RVisual_t::SetRenderPriority(enum RenderList_e) 	100658ec	FUN_100658ec
DisplaySystem.dll	RVisual_t	store	0x338	4	this:public void __thiscall RVisual_t::SetRenderPriority(enum RenderList_e) 	100658ec	FUN_100658ec
DisplaySystem.dll	RVisual_t	store	0x33C	4	this:public void __thiscall RVisual_t::SetRenderPriority(enum RenderList_e) 	100658ec	FUN_100658ec
DisplaySystem.dll	RVisual_t	store	0x340	4	this:public void __thiscall RVisual_t::SetRenderPriority(enum RenderList_e) 	100658ec	FUN_100658ec
DisplaySystem.dll	RVisual_t	store	0x344	4	this:public void __thiscall RVisual_t::SetRenderPriority(enum RenderList_e) 	100658ec	FUN_100658ec
DisplaySystem.dll	RVisual_t	store	0x348	4	this:public void __thiscall RVisual_t::SetRenderPriority(enum RenderList_e) 	100658ec	FUN_100658ec
DisplaySystem.dll	RVisual_t	store	0x34C	4	this:public void __thiscall RVisual_t::SetRenderPriority(enum RenderList_e) 	100658ec	FUN_100658ec
DisplaySystem.dll	RVisual_t	store	0x308	4	this:public void __thiscall RVisual_t::SetRenderPriority(enum RenderList_e) 	100658ec	FUN_100658ec
DisplaySystem.dll	RVisual_t	store	0x300	4	this:public void __thiscall RVisual_t::SetRenderPriority(enum RenderList_e) 	100658ec	FUN_100658ec
DisplaySystem.dll	RVisual_t	load_vptr?	0x0	4	this:public void __thiscall RVisual_t::SetRenderPriority(enum RenderList_e) 	100658ec	FUN_100658ec
DisplaySystem.dll	RVisual_t	vcall	0x68	4	this:public void __thiscall RVisual_t::SetRenderPriority(enum RenderList_e) 	100658ec	FUN_100658ec
DisplaySystem.dll	RVisual_t	store_vptr?	0x0	4	this:public void __thiscall RVisual_t::SetRenderPriority(enum RenderList_e) 	10065a38	FUN_10065a38
DisplaySystem.dll	RVisual_t	store	0xA4	4	this:public void __thiscall RVisual_t::SetRenderPriority(enum RenderList_e) 	10065a38	FUN_10065a38
DisplaySystem.dll	RVisual_t	store	0x314	4	this:public void __thiscall RVisual_t::SetRenderPriority(enum RenderList_e) 	10065a38	FUN_10065a38
DisplaySystem.dll	RVisual_t	store	0x318	4	this:public void __thiscall RVisual_t::SetRenderPriority(enum RenderList_e) 	10065a38	FUN_10065a38
DisplaySystem.dll	RVisual_t	store	0x31C	4	this:public void __thiscall RVisual_t::SetRenderPriority(enum RenderList_e) 	10065a38	FUN_10065a38
DisplaySystem.dll	RVisual_t	store	0x320	4	this:public void __thiscall RVisual_t::SetRenderPriority(enum RenderList_e) 	10065a38	FUN_10065a38
DisplaySystem.dll	RVisual_t	store	0x324	4	this:public void __thiscall RVisual_t::SetRenderPriority(enum RenderList_e) 	10065a38	FUN_10065a38
DisplaySystem.dll	RVisual_t	store	0x328	4	this:public void __thiscall RVisual_t::SetRenderPriority(enum RenderList_e) 	10065a38	FUN_10065a38
DisplaySystem.dll	RVisual_t	store	0x32C	4	this:public void __thiscall RVisual_t::SetRenderPriority(enum RenderList_e) 	10065a38	FUN_10065a38
DisplaySystem.dll	RVisual_t	store	0x330	4	this:public void __thiscall RVisual_t::SetRenderPriority(enum RenderList_e) 	10065a38	FUN_10065a38
DisplaySystem.dll	RVisual_t	store	0x334	4	this:public void __thiscall RVisual_t::SetRenderPriority(enum RenderList_e) 	10065a38	FUN_10065a38
DisplaySystem.dll	RVisual_t	store	0x338	4	this:public void __thiscall RVisual_t::SetRenderPriority(enum RenderList_e) 	10065a38	FUN_10065a38
DisplaySystem.dll	RVisual_t	store	0x33C	4	this:public void __thiscall RVisual_t::SetRenderPriority(enum RenderList_e) 	10065a38	FUN_10065a38
DisplaySystem.dll	RVisual_t	store	0x340	4	this:public void __thiscall RVisual_t::SetRenderPriority(enum RenderList_e) 	10065a38	FUN_10065a38
DisplaySystem.dll	RVisual_t	store	0x344	4	this:public void __thiscall RVisual_t::SetRenderPriority(enum RenderList_e) 	10065a38	FUN_10065a38
DisplaySystem.dll	RVisual_t	store	0x348	4	this:public void __thiscall RVisual_t::SetRenderPriority(enum RenderList_e) 	10065a38	FUN_10065a38
DisplaySystem.dll	RVisual_t	store	0x34C	4	this:public void __thiscall RVisual_t::SetRenderPriority(enum RenderList_e) 	10065a38	FUN_10065a38
DisplaySystem.dll	RVisual_t	store	0x308	4	this:public void __thiscall RVisual_t::SetRenderPriority(enum RenderList_e) 	10065a38	FUN_10065a38
DisplaySystem.dll	RVisual_t	store	0x300	4	this:public void __thiscall RVisual_t::SetRenderPriority(enum RenderList_e) 	10065a38	FUN_10065a38
DisplaySystem.dll	RVisual_t	load_vptr?	0x0	4	this:public void __thiscall RVisual_t::SetRenderPriority(enum RenderList_e) 	10065a38	FUN_10065a38
DisplaySystem.dll	RVisual_t	vcall	0x68	4	this:public void __thiscall RVisual_t::SetRenderPriority(enum RenderList_e) 	10065a38	FUN_10065a38
DisplaySystem.dll	RVisual_t	store_vptr?	0x0	4	this:public void __thiscall RVisual_t::SetRenderPriority(enum RenderList_e) 	10065b84	FUN_10065b84
DisplaySystem.dll	RVisual_t	store	0xA4	4	this:public void __thiscall RVisual_t::SetRenderPriority(enum RenderList_e) 	10065b84	FUN_10065b84
DisplaySystem.dll	RVisual_t	store	0x314	4	this:public void __thiscall RVisual_t::SetRenderPriority(enum RenderList_e) 	10065b84	FUN_10065b84
DisplaySystem.dll	RVisual_t	store	0x318	4	this:public void __thiscall RVisual_t::SetRenderPriority(enum RenderList_e) 	10065b84	FUN_10065b84
DisplaySystem.dll	RVisual_t	store	0x31C	4	this:public void __thiscall RVisual_t::SetRenderPriority(enum RenderList_e) 	10065b84	FUN_10065b84
DisplaySystem.dll	RVisual_t	store	0x320	4	this:public void __thiscall RVisual_t::SetRenderPriority(enum RenderList_e) 	10065b84	FUN_10065b84
DisplaySystem.dll	RVisual_t	store	0x324	4	this:public void __thiscall RVisual_t::SetRenderPriority(enum RenderList_e) 	10065b84	FUN_10065b84
DisplaySystem.dll	RVisual_t	store	0x328	4	this:public void __thiscall RVisual_t::SetRenderPriority(enum RenderList_e) 	10065b84	FUN_10065b84
DisplaySystem.dll	RVisual_t	store	0x32C	4	this:public void __thiscall RVisual_t::SetRenderPriority(enum RenderList_e) 	10065b84	FUN_10065b84
DisplaySystem.dll	RVisual_t	store	0x330	4	this:public void __thiscall RVisual_t::SetRenderPriority(enum RenderList_e) 	10065b84	FUN_10065b84
DisplaySystem.dll	RVisual_t	store	0x334	4	this:public void __thiscall RVisual_t::SetRenderPriority(enum RenderList_e) 	10065b84	FUN_10065b84
DisplaySystem.dll	RVisual_t	store	0x338	4	this:public void __thiscall RVisual_t::SetRenderPriority(enum RenderList_e) 	10065b84	FUN_10065b84
DisplaySystem.dll	RVisual_t	store	0x33C	4	this:public void __thiscall RVisual_t::SetRenderPriority(enum RenderList_e) 	10065b84	FUN_10065b84
DisplaySystem.dll	RVisual_t	store	0x340	4	this:public void __thiscall RVisual_t::SetRenderPriority(enum RenderList_e) 	10065b84	FUN_10065b84
DisplaySystem.dll	RVisual_t	store	0x308	4	this:public void __thiscall RVisual_t::SetRenderPriority(enum RenderList_e) 	10065b84	FUN_10065b84
DisplaySystem.dll	RVisual_t	store	0x300	4	this:public void __thiscall RVisual_t::SetRenderPriority(enum RenderList_e) 	10065b84	FUN_10065b84
DisplaySystem.dll	RVisual_t	load_vptr?	0x0	4	this:public void __thiscall RVisual_t::SetRenderPriority(enum RenderList_e) 	10065b84	FUN_10065b84
DisplaySystem.dll	RVisual_t	vcall	0x68	4	this:public void __thiscall RVisual_t::SetRenderPriority(enum RenderList_e) 	10065b84	FUN_10065b84
DisplaySystem.dll	RVisual_t	store_vptr?	0x0	4	this:public void __thiscall RVisual_t::SetRenderPriority(enum RenderList_e) 	10065cbe	FUN_10065cbe
DisplaySystem.dll	RVisual_t	store	0xA4	4	this:public void __thiscall RVisual_t::SetRenderPriority(enum RenderList_e) 	10065cbe	FUN_10065cbe
DisplaySystem.dll	RVisual_t	store	0x308	4	this:public void __thiscall RVisual_t::SetRenderPriority(enum RenderList_e) 	10065cbe	FUN_10065cbe
DisplaySystem.dll	RVisual_t	store	0x300	4	this:public void __thiscall RVisual_t::SetRenderPriority(enum RenderList_e) 	10065cbe	FUN_10065cbe
DisplaySystem.dll	RVisual_t	load_vptr?	0x0	4	this:public void __thiscall RVisual_t::SetRenderPriority(enum RenderList_e) 	10065cbe	FUN_10065cbe
DisplaySystem.dll	RVisual_t	vcall	0x68	4	this:public void __thiscall RVisual_t::SetRenderPriority(enum RenderList_e) 	10065cbe	FUN_10065cbe
DisplaySystem.dll	RVisual_t	store_vptr?	0x0	4	this:public void __thiscall RVisual_t::SetRenderPriority(enum RenderList_e) 	10065dae	FUN_10065dae
DisplaySystem.dll	RVisual_t	store	0xA4	4	this:public void __thiscall RVisual_t::SetRenderPriority(enum RenderList_e) 	10065dae	FUN_10065dae
DisplaySystem.dll	RVisual_t	store	0x2E8	4	this:public void __thiscall RVisual_t::SetRenderPriority(enum RenderList_e) 	10065dae	FUN_10065dae
DisplaySystem.dll	RVisual_t	store	0x2EC	4	this:public void __thiscall RVisual_t::SetRenderPriority(enum RenderList_e) 	10065dae	FUN_10065dae
DisplaySystem.dll	RVisual_t	store	0x2F0	4	this:public void __thiscall RVisual_t::SetRenderPriority(enum RenderList_e) 	10065dae	FUN_10065dae
DisplaySystem.dll	RVisual_t	store	0x324	4	this:public void __thiscall RVisual_t::SetRenderPriority(enum RenderList_e) 	10065dae	FUN_10065dae
DisplaySystem.dll	RVisual_t	store	0x328	4	this:public void __thiscall RVisual_t::SetRenderPriority(enum RenderList_e) 	10065dae	FUN_10065dae
DisplaySystem.dll	RVisual_t	store	0x32C	4	this:public void __thiscall RVisual_t::SetRenderPriority(enum RenderList_e) 	10065dae	FUN_10065dae
DisplaySystem.dll	RVisual_t	store	0x2FC	4	this:public void __thiscall RVisual_t::SetRenderPriority(enum RenderList_e) 	10065dae	FUN_10065dae
DisplaySystem.dll	RVisual_t	store	0x300	4	this:public void __thiscall RVisual_t::SetRenderPriority(enum RenderList_e) 	10065dae	FUN_10065dae
DisplaySystem.dll	RVisual_t	store	0x304	4	this:public void __thiscall RVisual_t::SetRenderPriority(enum RenderList_e) 	10065dae	FUN_10065dae
DisplaySystem.dll	RVisual_t	store	0x308	4	this:public void __thiscall RVisual_t::SetRenderPriority(enum RenderList_e) 	10065dae	FUN_10065dae
DisplaySystem.dll	RVisual_t	store	0x30C	4	this:public void __thiscall RVisual_t::SetRenderPriority(enum RenderList_e) 	10065dae	FUN_10065dae
DisplaySystem.dll	RVisual_t	store	0x310	4	this:public void __thiscall RVisual_t::SetRenderPriority(enum RenderList_e) 	10065dae	FUN_10065dae
DisplaySystem.dll	RVisual_t	store	0x314	4	this:public void __thiscall RVisual_t::SetRenderPriority(enum RenderList_e) 	10065dae	FUN_10065dae
DisplaySystem.dll	RVisual_t	store	0x318	4	this:public void __thiscall RVisual_t::SetRenderPriority(enum RenderList_e) 	10065dae	FUN_10065dae
DisplaySystem.dll	RVisual_t	store	0x2DC	4	this:public void __thiscall RVisual_t::SetRenderPriority(enum RenderList_e) 	10065dae	FUN_10065dae
DisplaySystem.dll	RVisual_t	store	0x2D4	4	this:public void __thiscall RVisual_t::SetRenderPriority(enum RenderList_e) 	10065dae	FUN_10065dae
DisplaySystem.dll	RVisual_t	load_vptr?	0x0	4	this:public void __thiscall RVisual_t::SetRenderPriority(enum RenderList_e) 	10065dae	FUN_10065dae
DisplaySystem.dll	RVisual_t	vcall	0x70	4	this:public void __thiscall RVisual_t::SetRenderPriority(enum RenderList_e) 	10065dae	FUN_10065dae
DisplaySystem.dll	RVisual_t	store_vptr?	0x0	4	this:public void __thiscall RVisual_t::SetRenderPriority(enum RenderList_e) 	10065f03	FUN_10065f03
DisplaySystem.dll	RVisual_t	store	0xA4	4	this:public void __thiscall RVisual_t::SetRenderPriority(enum RenderList_e) 	10065f03	FUN_10065f03
DisplaySystem.dll	RVisual_t	store	0x2E8	4	this:public void __thiscall RVisual_t::SetRenderPriority(enum RenderList_e) 	10065f03	FUN_10065f03
DisplaySystem.dll	RVisual_t	store	0x2EC	4	this:public void __thiscall RVisual_t::SetRenderPriority(enum RenderList_e) 	10065f03	FUN_10065f03
DisplaySystem.dll	RVisual_t	store	0x2F0	4	this:public void __thiscall RVisual_t::SetRenderPriority(enum RenderList_e) 	10065f03	FUN_10065f03
DisplaySystem.dll	RVisual_t	store	0x2FC	4	this:public void __thiscall RVisual_t::SetRenderPriority(enum RenderList_e) 	10065f03	FUN_10065f03
DisplaySystem.dll	RVisual_t	store	0x300	4	this:public void __thiscall RVisual_t::SetRenderPriority(enum RenderList_e) 	10065f03	FUN_10065f03
DisplaySystem.dll	RVisual_t	store	0x304	4	this:public void __thiscall RVisual_t::SetRenderPriority(enum RenderList_e) 	10065f03	FUN_10065f03
DisplaySystem.dll	RVisual_t	store	0x308	4	this:public void __thiscall RVisual_t::SetRenderPriority(enum RenderList_e) 	10065f03	FUN_10065f03
DisplaySystem.dll	RVisual_t	store	0x30C	4	this:public void __thiscall RVisual_t::SetRenderPriority(enum RenderList_e) 	10065f03	FUN_10065f03
DisplaySystem.dll	RVisual_t	store	0x310	4	this:public void __thiscall RVisual_t::SetRenderPriority(enum RenderList_e) 	10065f03	FUN_10065f03
DisplaySystem.dll	RVisual_t	store	0x314	4	this:public void __thiscall RVisual_t::SetRenderPriority(enum RenderList_e) 	10065f03	FUN_10065f03
DisplaySystem.dll	RVisual_t	store	0x318	4	this:public void __thiscall RVisual_t::SetRenderPriority(enum RenderList_e) 	10065f03	FUN_10065f03
DisplaySystem.dll	RVisual_t	store	0x2DC	4	this:public void __thiscall RVisual_t::SetRenderPriority(enum RenderList_e) 	10065f03	FUN_10065f03
DisplaySystem.dll	RVisual_t	store	0x2D4	4	this:public void __thiscall RVisual_t::SetRenderPriority(enum RenderList_e) 	10065f03	FUN_10065f03
DisplaySystem.dll	RVisual_t	load_vptr?	0x0	4	this:public void __thiscall RVisual_t::SetRenderPriority(enum RenderList_e) 	10065f03	FUN_10065f03
DisplaySystem.dll	RVisual_t	vcall	0x70	4	this:public void __thiscall RVisual_t::SetRenderPriority(enum RenderList_e) 	10065f03	FUN_10065f03
DisplaySystem.dll	RVisual_t	store_vptr?	0x0	4	this:public void __thiscall RVisual_t::SetRenderPriority(enum RenderList_e) 	1006603b	FUN_1006603b
DisplaySystem.dll	RVisual_t	store	0xA4	4	this:public void __thiscall RVisual_t::SetRenderPriority(enum RenderList_e) 	1006603b	FUN_1006603b
DisplaySystem.dll	RVisual_t	store	0x308	4	this:public void __thiscall RVisual_t::SetRenderPriority(enum RenderList_e) 	1006603b	FUN_1006603b
DisplaySystem.dll	RVisual_t	store	0x300	4	this:public void __thiscall RVisual_t::SetRenderPriority(enum RenderList_e) 	1006603b	FUN_1006603b
DisplaySystem.dll	RVisual_t	load_vptr?	0x0	4	this:public void __thiscall RVisual_t::SetRenderPriority(enum RenderList_e) 	1006603b	FUN_1006603b
DisplaySystem.dll	RVisual_t	vcall	0x68	4	this:public void __thiscall RVisual_t::SetRenderPriority(enum RenderList_e) 	1006603b	FUN_1006603b
DisplaySystem.dll	RVisual_t	store_vptr?	0x0	4	this:public void __thiscall RVisual_t::SetRenderPriority(enum RenderList_e) 	1006612b	FUN_1006612b
DisplaySystem.dll	RVisual_t	store	0xA4	4	this:public void __thiscall RVisual_t::SetRenderPriority(enum RenderList_e) 	1006612b	FUN_1006612b
DisplaySystem.dll	RVisual_t	store	0x2DC	4	this:public void __thiscall RVisual_t::SetRenderPriority(enum RenderList_e) 	1006612b	FUN_1006612b
DisplaySystem.dll	RVisual_t	store	0x2D4	4	this:public void __thiscall RVisual_t::SetRenderPriority(enum RenderList_e) 	1006612b	FUN_1006612b
DisplaySystem.dll	RVisual_t	store_vptr?	0x0	4	this:public void __thiscall RVisual_t::SetRenderPriority(enum RenderList_e) 	10066217	FUN_10066217
DisplaySystem.dll	RVisual_t	store	0xA4	4	this:public void __thiscall RVisual_t::SetRenderPriority(enum RenderList_e) 	10066217	FUN_10066217
DisplaySystem.dll	RVisual_t	store	0x30C	4	this:public void __thiscall RVisual_t::SetRenderPriority(enum RenderList_e) 	10066217	FUN_10066217
DisplaySystem.dll	RVisual_t	store	0x310	4	this:public void __thiscall RVisual_t::SetRenderPriority(enum RenderList_e) 	10066217	FUN_10066217
DisplaySystem.dll	RVisual_t	store	0x314	4	this:public void __thiscall RVisual_t::SetRenderPriority(enum RenderList_e) 	10066217	FUN_10066217
DisplaySystem.dll	RVisual_t	store	0x2DC	4	this:public void __thiscall RVisual_t::SetRenderPriority(enum RenderList_e) 	10066217	FUN_10066217
DisplaySystem.dll	RVisual_t	store	0x2D4	4	this:public void __thiscall RVisual_t::SetRenderPriority(enum RenderList_e) 	10066217	FUN_10066217
DisplaySystem.dll	RVisual_t	store_vptr?	0x0	4	this:public void __thiscall RVisual_t::SetRenderPriority(enum RenderList_e) 	100662f7	FUN_100662f7
DisplaySystem.dll	RVisual_t	store	0xA4	4	this:public void __thiscall RVisual_t::SetRenderPriority(enum RenderList_e) 	100662f7	FUN_100662f7
DisplaySystem.dll	RVisual_t	store	0x300	4	this:public void __thiscall RVisual_t::SetRenderPriority(enum RenderList_e) 	100662f7	FUN_100662f7
DisplaySystem.dll	RVisual_t	store	0x304	4	this:public void __thiscall RVisual_t::SetRenderPriority(enum RenderList_e) 	100662f7	FUN_100662f7
DisplaySystem.dll	RVisual_t	store	0x308	4	this:public void __thiscall RVisual_t::SetRenderPriority(enum RenderList_e) 	100662f7	FUN_100662f7
DisplaySystem.dll	RVisual_t	store	0x30C	4	this:public void __thiscall RVisual_t::SetRenderPriority(enum RenderList_e) 	100662f7	FUN_100662f7
DisplaySystem.dll	RVisual_t	store	0x310	4	this:public void __thiscall RVisual_t::SetRenderPriority(enum RenderList_e) 	100662f7	FUN_100662f7
DisplaySystem.dll	RVisual_t	store	0x314	4	this:public void __thiscall RVisual_t::SetRenderPriority(enum RenderList_e) 	100662f7	FUN_100662f7
DisplaySystem.dll	RVisual_t	store	0x474	4	this:public void __thiscall RVisual_t::SetRenderPriority(enum RenderList_e) 	100662f7	FUN_100662f7
DisplaySystem.dll	RVisual_t	store	0x478	4	this:public void __thiscall RVisual_t::SetRenderPriority(enum RenderList_e) 	100662f7	FUN_100662f7
DisplaySystem.dll	RVisual_t	store	0x47C	4	this:public void __thiscall RVisual_t::SetRenderPriority(enum RenderList_e) 	100662f7	FUN_100662f7
DisplaySystem.dll	RVisual_t	store	0x480	4	this:public void __thiscall RVisual_t::SetRenderPriority(enum RenderList_e) 	100662f7	FUN_100662f7
DisplaySystem.dll	RVisual_t	store	0x924	4	this:public void __thiscall RVisual_t::SetRenderPriority(enum RenderList_e) 	100662f7	FUN_100662f7
DisplaySystem.dll	RVisual_t	store	0x928	4	this:public void __thiscall RVisual_t::SetRenderPriority(enum RenderList_e) 	100662f7	FUN_100662f7
DisplaySystem.dll	RVisual_t	store	0x92C	4	this:public void __thiscall RVisual_t::SetRenderPriority(enum RenderList_e) 	100662f7	FUN_100662f7
DisplaySystem.dll	RVisual_t	store	0x2DC	4	this:public void __thiscall RVisual_t::SetRenderPriority(enum RenderList_e) 	100662f7	FUN_100662f7
DisplaySystem.dll	RVisual_t	store	0x2D4	4	this:public void __thiscall RVisual_t::SetRenderPriority(enum RenderList_e) 	100662f7	FUN_100662f7
DisplaySystem.dll	RVisual_t	store_vptr?	0x0	4	this:public void __thiscall RVisual_t::SetRenderPriority(enum RenderList_e) 	10066448	FUN_10066448
DisplaySystem.dll	RVisual_t	store	0xA4	4	this:public void __thiscall RVisual_t::SetRenderPriority(enum RenderList_e) 	10066448	FUN_10066448
DisplaySystem.dll	RVisual_t	store	0x2DC	4	this:public void __thiscall RVisual_t::SetRenderPriority(enum RenderList_e) 	10066448	FUN_10066448
DisplaySystem.dll	RVisual_t	store	0x2D4	4	this:public void __thiscall RVisual_t::SetRenderPriority(enum RenderList_e) 	10066448	FUN_10066448
DisplaySystem.dll	RVisual_t	store_vptr?	0x0	4	this:public void __thiscall RVisual_t::SetRenderPriority(enum RenderList_e) 	10066507	FUN_10066507
DisplaySystem.dll	RVisual_t	store	0xA4	4	this:public void __thiscall RVisual_t::SetRenderPriority(enum RenderList_e) 	10066507	FUN_10066507
DisplaySystem.dll	RVisual_t	store	0x308	4	this:public void __thiscall RVisual_t::SetRenderPriority(enum RenderList_e) 	10066507	FUN_10066507
DisplaySystem.dll	RVisual_t	store	0x300	4	this:public void __thiscall RVisual_t::SetRenderPriority(enum RenderList_e) 	10066507	FUN_10066507
DisplaySystem.dll	RVisual_t	store_vptr?	0x0	4	this:public void __thiscall RVisual_t::SetRenderPriority(enum RenderList_e) 	100665c9	FUN_100665c9
DisplaySystem.dll	RVisual_t	store	0xA4	4	this:public void __thiscall RVisual_t::SetRenderPriority(enum RenderList_e) 	100665c9	FUN_100665c9
DisplaySystem.dll	RVisual_t	store	0x308	4	this:public void __thiscall RVisual_t::SetRenderPriority(enum RenderList_e) 	100665c9	FUN_100665c9
DisplaySystem.dll	RVisual_t	store	0x300	4	this:public void __thiscall RVisual_t::SetRenderPriority(enum RenderList_e) 	100665c9	FUN_100665c9
DisplaySystem.dll	RVisual_t	store_vptr?	0x0	4	this:public void __thiscall RVisual_t::SetRenderPriority(enum RenderList_e) 	1006668b	FUN_1006668b
DisplaySystem.dll	RVisual_t	store	0xA4	4	this:public void __thiscall RVisual_t::SetRenderPriority(enum RenderList_e) 	1006668b	FUN_1006668b
DisplaySystem.dll	RVisual_t	store	0x320	4	this:public void __thiscall RVisual_t::SetRenderPriority(enum RenderList_e) 	1006668b	FUN_1006668b
DisplaySystem.dll	RVisual_t	store	0x324	4	this:public void __thiscall RVisual_t::SetRenderPriority(enum RenderList_e) 	1006668b	FUN_1006668b
DisplaySystem.dll	RVisual_t	store	0x328	4	this:public void __thiscall RVisual_t::SetRenderPriority(enum RenderList_e) 	1006668b	FUN_1006668b
DisplaySystem.dll	RVisual_t	store	0x32C	4	this:public void __thiscall RVisual_t::SetRenderPriority(enum RenderList_e) 	1006668b	FUN_1006668b
DisplaySystem.dll	RVisual_t	store	0x2DC	4	this:public void __thiscall RVisual_t::SetRenderPriority(enum RenderList_e) 	1006668b	FUN_1006668b
DisplaySystem.dll	RVisual_t	store	0x2D4	4	this:public void __thiscall RVisual_t::SetRenderPriority(enum RenderList_e) 	1006668b	FUN_1006668b
DisplaySystem.dll	RVisual_t	store_vptr?	0x0	4	this:public void __thiscall RVisual_t::SetRenderPriority(enum RenderList_e) 	10066793	FUN_10066793
DisplaySystem.dll	RVisual_t	store	0xA4	4	this:public void __thiscall RVisual_t::SetRenderPriority(enum RenderList_e) 	10066793	FUN_10066793
DisplaySystem.dll	RVisual_t	store	0x2DC	4	this:public void __thiscall RVisual_t::SetRenderPriority(enum RenderList_e) 	10066793	FUN_10066793
DisplaySystem.dll	RVisual_t	store	0x2D4	4	this:public void __thiscall RVisual_t::SetRenderPriority(enum RenderList_e) 	10066793	FUN_10066793
DisplaySystem.dll	RVisual_t	store_vptr?	0x0	4	this:public void __thiscall RVisual_t::SetRenderPriority(enum RenderList_e) 	1006687f	FUN_1006687f
DisplaySystem.dll	RVisual_t	store	0xA4	4	this:public void __thiscall RVisual_t::SetRenderPriority(enum RenderList_e) 	1006687f	FUN_1006687f
DisplaySystem.dll	RVisual_t	store	0x2DC	4	this:public void __thiscall RVisual_t::SetRenderPriority(enum RenderList_e) 	1006687f	FUN_1006687f
DisplaySystem.dll	RVisual_t	store	0x2D4	4	this:public void __thiscall RVisual_t::SetRenderPriority(enum RenderList_e) 	1006687f	FUN_1006687f
DisplaySystem.dll	RVisual_t	store_vptr?	0x0	4	this:public void __thiscall RVisual_t::SetRenderPriority(enum RenderList_e) 	1006696b	FUN_1006696b
DisplaySystem.dll	RVisual_t	store	0xA4	4	this:public void __thiscall RVisual_t::SetRenderPriority(enum RenderList_e) 	1006696b	FUN_1006696b
DisplaySystem.dll	RVisual_t	store	0x2DC	4	this:public void __thiscall RVisual_t::SetRenderPriority(enum RenderList_e) 	1006696b	FUN_1006696b
DisplaySystem.dll	RVisual_t	store	0x2D4	4	this:public void __thiscall RVisual_t::SetRenderPriority(enum RenderList_e) 	1006696b	FUN_1006696b
DisplaySystem.dll	RVisual_t	store_vptr?	0x0	4	this:public void __thiscall RVisual_t::SetRenderPriority(enum RenderList_e) 	10066a57	FUN_10066a57
DisplaySystem.dll	RVisual_t	store	0xA4	4	this:public void __thiscall RVisual_t::SetRenderPriority(enum RenderList_e) 	10066a57	FUN_10066a57
DisplaySystem.dll	RVisual_t	store	0x2DC	4	this:public void __thiscall RVisual_t::SetRenderPriority(enum RenderList_e) 	10066a57	FUN_10066a57
DisplaySystem.dll	RVisual_t	store	0x2D4	4	this:public void __thiscall RVisual_t::SetRenderPriority(enum RenderList_e) 	10066a57	FUN_10066a57
DisplaySystem.dll	RVisual_t	store_vptr?	0x0	4	this:public void __thiscall RVisual_t::SetRenderPriority(enum RenderList_e) 	10066b3c	FUN_10066b3c
DisplaySystem.dll	RVisual_t	store	0xA4	4	this:public void __thiscall RVisual_t::SetRenderPriority(enum RenderList_e) 	10066b3c	FUN_10066b3c
DisplaySystem.dll	RVisual_t	store	0x314	4	this:public void __thiscall RVisual_t::SetRenderPriority(enum RenderList_e) 	10066b3c	FUN_10066b3c
DisplaySystem.dll	RVisual_t	store	0x318	4	this:public void __thiscall RVisual_t::SetRenderPriority(enum RenderList_e) 	10066b3c	FUN_10066b3c
DisplaySystem.dll	RVisual_t	addr_passed	0x5EB4	0	this:public void __thiscall RVisual_t::SetRenderPriority(enum RenderList_e) 	10066b3c	FUN_10066b3c
DisplaySystem.dll	RVisual_t	store	0x31C	4	this:public void __thiscall RVisual_t::SetRenderPriority(enum RenderList_e) 	10066b3c	FUN_10066b3c
DisplaySystem.dll	RVisual_t	store	0x320	4	this:public void __thiscall RVisual_t::SetRenderPriority(enum RenderList_e) 	10066b3c	FUN_10066b3c
DisplaySystem.dll	RVisual_t	store	0x324	4	this:public void __thiscall RVisual_t::SetRenderPriority(enum RenderList_e) 	10066b3c	FUN_10066b3c
DisplaySystem.dll	RVisual_t	store	0x328	4	this:public void __thiscall RVisual_t::SetRenderPriority(enum RenderList_e) 	10066b3c	FUN_10066b3c
DisplaySystem.dll	RVisual_t	store	0x32C	4	this:public void __thiscall RVisual_t::SetRenderPriority(enum RenderList_e) 	10066b3c	FUN_10066b3c
DisplaySystem.dll	RVisual_t	store	0x330	4	this:public void __thiscall RVisual_t::SetRenderPriority(enum RenderList_e) 	10066b3c	FUN_10066b3c
DisplaySystem.dll	RVisual_t	store	0x334	4	this:public void __thiscall RVisual_t::SetRenderPriority(enum RenderList_e) 	10066b3c	FUN_10066b3c
DisplaySystem.dll	RVisual_t	store	0x5EA8	4	this:public void __thiscall RVisual_t::SetRenderPriority(enum RenderList_e) 	10066b3c	FUN_10066b3c
DisplaySystem.dll	RVisual_t	store	0x5EAC	4	this:public void __thiscall RVisual_t::SetRenderPriority(enum RenderList_e) 	10066b3c	FUN_10066b3c
DisplaySystem.dll	RVisual_t	store	0x5EB0	4	this:public void __thiscall RVisual_t::SetRenderPriority(enum RenderList_e) 	10066b3c	FUN_10066b3c
DisplaySystem.dll	RVisual_t	addr_passed	0x5F38	0	this:public void __thiscall RVisual_t::SetRenderPriority(enum RenderList_e) 	10066b3c	FUN_10066b3c
DisplaySystem.dll	RVisual_t	store	0x2DC	4	this:public void __thiscall RVisual_t::SetRenderPriority(enum RenderList_e) 	10066b3c	FUN_10066b3c
DisplaySystem.dll	RVisual_t	store	0x2D4	4	this:public void __thiscall RVisual_t::SetRenderPriority(enum RenderList_e) 	10066b3c	FUN_10066b3c
DisplaySystem.dll	RVisual_t	addr_passed	0x2F8	0	this:public void __thiscall RVisual_t::SetRenderPriority(enum RenderList_e) 	10066cbe	FUN_10066cbe
DisplaySystem.dll	RVisual_t	store_vptr?	0x0	4	this:public void __thiscall RVisual_t::SetRenderPriority(enum RenderList_e) 	10066cbe	FUN_10066cbe
DisplaySystem.dll	RVisual_t	store	0xA4	4	this:public void __thiscall RVisual_t::SetRenderPriority(enum RenderList_e) 	10066cbe	FUN_10066cbe
DisplaySystem.dll	RVisual_t	addr_passed	0x37C	0	this:public void __thiscall RVisual_t::SetRenderPriority(enum RenderList_e) 	10066cbe	FUN_10066cbe
DisplaySystem.dll	RVisual_t	store	0x2DC	4	this:public void __thiscall RVisual_t::SetRenderPriority(enum RenderList_e) 	10066cbe	FUN_10066cbe
DisplaySystem.dll	RVisual_t	store	0x2D4	4	this:public void __thiscall RVisual_t::SetRenderPriority(enum RenderList_e) 	10066cbe	FUN_10066cbe
DisplaySystem.dll	RVisual_t	store_vptr?	0x0	4	this:public void __thiscall RVisual_t::SetRenderPriority(enum RenderList_e) 	10066de4	FUN_10066de4
DisplaySystem.dll	RVisual_t	store	0xA4	4	this:public void __thiscall RVisual_t::SetRenderPriority(enum RenderList_e) 	10066de4	FUN_10066de4
DisplaySystem.dll	RVisual_t	store	0x2DC	4	this:public void __thiscall RVisual_t::SetRenderPriority(enum RenderList_e) 	10066de4	FUN_10066de4
DisplaySystem.dll	RVisual_t	store	0x2D4	4	this:public void __thiscall RVisual_t::SetRenderPriority(enum RenderList_e) 	10066de4	FUN_10066de4
DisplaySystem.dll	RVisual_t	store_vptr?	0x0	4	this:public void __thiscall RVisual_t::SetRenderPriority(enum RenderList_e) 	10066ea3	FUN_10066ea3
DisplaySystem.dll	RVisual_t	store	0xA4	4	this:public void __thiscall RVisual_t::SetRenderPriority(enum RenderList_e) 	10066ea3	FUN_10066ea3
DisplaySystem.dll	RVisual_t	store	0x2DC	4	this:public void __thiscall RVisual_t::SetRenderPriority(enum RenderList_e) 	10066ea3	FUN_10066ea3
DisplaySystem.dll	RVisual_t	store	0x2D4	4	this:public void __thiscall RVisual_t::SetRenderPriority(enum RenderList_e) 	10066ea3	FUN_10066ea3
DisplaySystem.dll	RVisual_t	store_vptr?	0x0	4	this:public void __thiscall RVisual_t::SetRenderPriority(enum RenderList_e) 	10066f62	FUN_10066f62
DisplaySystem.dll	RVisual_t	store	0xA4	4	this:public void __thiscall RVisual_t::SetRenderPriority(enum RenderList_e) 	10066f62	FUN_10066f62
DisplaySystem.dll	RVisual_t	store	0x2DC	4	this:public void __thiscall RVisual_t::SetRenderPriority(enum RenderList_e) 	10066f62	FUN_10066f62
DisplaySystem.dll	RVisual_t	store	0x2D4	4	this:public void __thiscall RVisual_t::SetRenderPriority(enum RenderList_e) 	10066f62	FUN_10066f62
DisplaySystem.dll	RVisual_t	store_vptr?	0x0	4	this:public void __thiscall RVisual_t::SetRenderPriority(enum RenderList_e) 	10067021	FUN_10067021
DisplaySystem.dll	RVisual_t	store	0xA4	4	this:public void __thiscall RVisual_t::SetRenderPriority(enum RenderList_e) 	10067021	FUN_10067021
DisplaySystem.dll	RVisual_t	store	0x2DC	4	this:public void __thiscall RVisual_t::SetRenderPriority(enum RenderList_e) 	10067021	FUN_10067021
DisplaySystem.dll	RVisual_t	store	0x2D4	4	this:public void __thiscall RVisual_t::SetRenderPriority(enum RenderList_e) 	10067021	FUN_10067021
DisplaySystem.dll	RVisual_t	store_vptr?	0x0	4	this:public void __thiscall RVisual_t::SetRenderPriority(enum RenderList_e) 	100670e0	FUN_100670e0
DisplaySystem.dll	RVisual_t	store	0xA4	4	this:public void __thiscall RVisual_t::SetRenderPriority(enum RenderList_e) 	100670e0	FUN_100670e0
DisplaySystem.dll	RVisual_t	store	0x1F20	4	this:public void __thiscall RVisual_t::SetRenderPriority(enum RenderList_e) 	100670e0	FUN_100670e0
DisplaySystem.dll	RVisual_t	store	0x1F24	4	this:public void __thiscall RVisual_t::SetRenderPriority(enum RenderList_e) 	100670e0	FUN_100670e0
DisplaySystem.dll	RVisual_t	store	0x1F28	4	this:public void __thiscall RVisual_t::SetRenderPriority(enum RenderList_e) 	100670e0	FUN_100670e0
DisplaySystem.dll	RVisual_t	addr_passed	0x7380	0	this:public void __thiscall RVisual_t::SetRenderPriority(enum RenderList_e) 	100670e0	FUN_100670e0
DisplaySystem.dll	RVisual_t	store	0x2DC	4	this:public void __thiscall RVisual_t::SetRenderPriority(enum RenderList_e) 	100670e0	FUN_100670e0
DisplaySystem.dll	RVisual_t	store	0x2D4	4	this:public void __thiscall RVisual_t::SetRenderPriority(enum RenderList_e) 	100670e0	FUN_100670e0
DisplaySystem.dll	RVisual_t	store_vptr?	0x0	4	this:public void __thiscall RVisual_t::SetRenderPriority(enum RenderList_e) 	10067200	FUN_10067200
DisplaySystem.dll	RVisual_t	store	0xA4	4	this:public void __thiscall RVisual_t::SetRenderPriority(enum RenderList_e) 	10067200	FUN_10067200
DisplaySystem.dll	RVisual_t	store	0x2DC	4	this:public void __thiscall RVisual_t::SetRenderPriority(enum RenderList_e) 	10067200	FUN_10067200
DisplaySystem.dll	RVisual_t	store	0x2D4	4	this:public void __thiscall RVisual_t::SetRenderPriority(enum RenderList_e) 	10067200	FUN_10067200
DisplaySystem.dll	RVisual_t	store_vptr?	0x0	4	this:public void __thiscall RVisual_t::SetRenderPriority(enum RenderList_e) 	100672bf	FUN_100672bf
DisplaySystem.dll	RVisual_t	store	0xA4	4	this:public void __thiscall RVisual_t::SetRenderPriority(enum RenderList_e) 	100672bf	FUN_100672bf
DisplaySystem.dll	RVisual_t	store	0x2DC	4	this:public void __thiscall RVisual_t::SetRenderPriority(enum RenderList_e) 	100672bf	FUN_100672bf
DisplaySystem.dll	RVisual_t	store	0x2D4	4	this:public void __thiscall RVisual_t::SetRenderPriority(enum RenderList_e) 	100672bf	FUN_100672bf
DisplaySystem.dll	RVisual_t	store	0x2E8	4	this:public void __thiscall RVisual_t::SetRenderPriority(enum RenderList_e) 	100672bf	FUN_100672bf
DisplaySystem.dll	RVisual_t	store	0x2E4	1	this:public void __thiscall RVisual_t::SetRenderPriority(enum RenderList_e) 	100672bf	FUN_100672bf
DisplaySystem.dll	RVisual_t	store_vptr?	0x0	4	this:public void __thiscall RVisual_t::SetRenderPriority(enum RenderList_e) 	10067385	FUN_10067385
DisplaySystem.dll	RVisual_t	store	0xA4	4	this:public void __thiscall RVisual_t::SetRenderPriority(enum RenderList_e) 	10067385	FUN_10067385
DisplaySystem.dll	RVisual_t	store	0x2E4	4	this:public void __thiscall RVisual_t::SetRenderPriority(enum RenderList_e) 	10067385	FUN_10067385
DisplaySystem.dll	RVisual_t	store	0x2E8	4	this:public void __thiscall RVisual_t::SetRenderPriority(enum RenderList_e) 	10067385	FUN_10067385
DisplaySystem.dll	RVisual_t	addr_passed	0x32C	0	this:public void __thiscall RVisual_t::SetRenderPriority(enum RenderList_e) 	10067385	FUN_10067385
DisplaySystem.dll	RVisual_t	store	0x2EC	4	this:public void __thiscall RVisual_t::SetRenderPriority(enum RenderList_e) 	10067385	FUN_10067385
DisplaySystem.dll	RVisual_t	store	0x2F0	4	this:public void __thiscall RVisual_t::SetRenderPriority(enum RenderList_e) 	10067385	FUN_10067385
DisplaySystem.dll	RVisual_t	store	0x2F4	4	this:public void __thiscall RVisual_t::SetRenderPriority(enum RenderList_e) 	10067385	FUN_10067385
DisplaySystem.dll	RVisual_t	store	0x2F8	4	this:public void __thiscall RVisual_t::SetRenderPriority(enum RenderList_e) 	10067385	FUN_10067385
DisplaySystem.dll	RVisual_t	store	0x300	4	this:public void __thiscall RVisual_t::SetRenderPriority(enum RenderList_e) 	10067385	FUN_10067385
DisplaySystem.dll	RVisual_t	store	0x304	4	this:public void __thiscall RVisual_t::SetRenderPriority(enum RenderList_e) 	10067385	FUN_10067385
DisplaySystem.dll	RVisual_t	store	0x308	4	this:public void __thiscall RVisual_t::SetRenderPriority(enum RenderList_e) 	10067385	FUN_10067385
DisplaySystem.dll	RVisual_t	store	0x310	4	this:public void __thiscall RVisual_t::SetRenderPriority(enum RenderList_e) 	10067385	FUN_10067385
DisplaySystem.dll	RVisual_t	store	0x314	4	this:public void __thiscall RVisual_t::SetRenderPriority(enum RenderList_e) 	10067385	FUN_10067385
DisplaySystem.dll	RVisual_t	store	0x318	4	this:public void __thiscall RVisual_t::SetRenderPriority(enum RenderList_e) 	10067385	FUN_10067385
DisplaySystem.dll	RVisual_t	addr_passed	0x3B0	0	this:public void __thiscall RVisual_t::SetRenderPriority(enum RenderList_e) 	10067385	FUN_10067385
DisplaySystem.dll	RVisual_t	addr_passed	0x44C	0	this:public void __thiscall RVisual_t::SetRenderPriority(enum RenderList_e) 	10067385	FUN_10067385
DisplaySystem.dll	RVisual_t	addr_passed	0x4D0	0	this:public void __thiscall RVisual_t::SetRenderPriority(enum RenderList_e) 	10067385	FUN_10067385
DisplaySystem.dll	RVisual_t	addr_passed	0x554	0	this:public void __thiscall RVisual_t::SetRenderPriority(enum RenderList_e) 	10067385	FUN_10067385
DisplaySystem.dll	RVisual_t	addr_passed	0x5D8	0	this:public void __thiscall RVisual_t::SetRenderPriority(enum RenderList_e) 	10067385	FUN_10067385
DisplaySystem.dll	RVisual_t	addr_passed	0x65C	0	this:public void __thiscall RVisual_t::SetRenderPriority(enum RenderList_e) 	10067385	FUN_10067385
DisplaySystem.dll	RVisual_t	addr_passed	0x6E0	0	this:public void __thiscall RVisual_t::SetRenderPriority(enum RenderList_e) 	10067385	FUN_10067385
DisplaySystem.dll	RVisual_t	addr_passed	0x764	0	this:public void __thiscall RVisual_t::SetRenderPriority(enum RenderList_e) 	10067385	FUN_10067385
DisplaySystem.dll	RVisual_t	addr_passed	0x7E8	0	this:public void __thiscall RVisual_t::SetRenderPriority(enum RenderList_e) 	10067385	FUN_10067385
DisplaySystem.dll	RVisual_t	addr_passed	0x86C	0	this:public void __thiscall RVisual_t::SetRenderPriority(enum RenderList_e) 	10067385	FUN_10067385
DisplaySystem.dll	RVisual_t	store	0x2DC	4	this:public void __thiscall RVisual_t::SetRenderPriority(enum RenderList_e) 	10067385	FUN_10067385
DisplaySystem.dll	RVisual_t	store	0x2D4	4	this:public void __thiscall RVisual_t::SetRenderPriority(enum RenderList_e) 	10067385	FUN_10067385
DisplaySystem.dll	RViewPort_t	load	0xC	4	this:public void __thiscall RViewPort_t::SetMaterial(class RMaterial_t const *) 	10067f40	FUN_10067f40
DisplaySystem.dll	RViewPort_t	load	0xC	4	this:public void __thiscall RViewPort_t::SetMaterial(class RMaterial_t const *) 	10067f40	FUN_10067f40
DisplaySystem.dll	RRefFrame_t	load	0x180	4	this:public class TMatrix4_t const & __thiscall RRefFrame_t::GetWorldMatrix(void) const 	10067f40	FUN_10067f40
DisplaySystem.dll	RRefFrame_t	load	0x2E4	1	this:public class TMatrix4_t const & __thiscall RRefFrame_t::GetWorldMatrix(void) const 	10067f40	FUN_10067f40
DisplaySystem.dll	RRefFrame_t	addr_passed	0x1CC	0	this:public class TMatrix4_t const & __thiscall RRefFrame_t::GetWorldMatrix(void) const 	10067f40	FUN_10067f40
DisplaySystem.dll	RRefFrame_t	addr_passed	0x1CC	0	this:public class TMatrix4_t const & __thiscall RRefFrame_t::GetWorldMatrix(void) const 	10067f40	FUN_10067f40
DisplaySystem.dll	RRefFrame_t	addr_passed	0x1CC	0	this:public class TMatrix4_t const & __thiscall RRefFrame_t::GetWorldMatrix(void) const 	10067f40	FUN_10067f40
DisplaySystem.dll	RRefFrame_t	load	0x17C	4	this:public class TMatrix4_t const & __thiscall RRefFrame_t::GetWorldMatrix(void) const 	10067f40	FUN_10067f40
DisplaySystem.dll	RRefFrame_t	load	0x1A8	4	this:public class TMatrix4_t const & __thiscall RRefFrame_t::GetWorldMatrix(void) const 	10067f40	FUN_10067f40
DisplaySystem.dll	RRefFrame_t	load	0x1A4	4	this:public class TMatrix4_t const & __thiscall RRefFrame_t::GetWorldMatrix(void) const 	10067f40	FUN_10067f40
DisplaySystem.dll	RRefFrame_t	load	0x180	4	this:public class TMatrix4_t const & __thiscall RRefFrame_t::GetWorldMatrix(void) const 	10067f40	FUN_10067f40
DisplaySystem.dll	RRefFrame_t	load	0x188	4	this:public class TMatrix4_t const & __thiscall RRefFrame_t::GetWorldMatrix(void) const 	10067f40	FUN_10067f40
DisplaySystem.dll	TextureStreamCreator	load	0x40	4	this:public virtual void __thiscall TextureStreamCreator::Archive(class fun::ObjectArchive_c *) const 	1006805d	FUN_1006805d
DisplaySystem.dll	TextureStreamCreator	load	0x44	4	this:public virtual void __thiscall TextureStreamCreator::Archive(class fun::ObjectArchive_c *) const 	1006805d	FUN_1006805d
DisplaySystem.dll	RTexture_t	load	0x30	4	this:public void __thiscall RTexture_t::ReleaseRTexture(void) const 	1006809e	FUN_1006809e
DisplaySystem.dll	TextureStreamCreator	store_vptr?	0x0	4	this:public __thiscall TextureStreamCreator::TextureStreamCreator(class fun::ObjectArchive_c *) 	100681a4	FUN_100681a4
DisplaySystem.dll	TextureStreamCreator	store	0x48	1	this:public __thiscall TextureStreamCreator::TextureStreamCreator(class fun::ObjectArchive_c *) 	100681a4	FUN_100681a4
DisplaySystem.dll	TextureStreamCreator	store	0x40	4	this:public __thiscall TextureStreamCreator::TextureStreamCreator(class fun::ObjectArchive_c *) 	100681a4	FUN_100681a4
DisplaySystem.dll	TextureStreamCreator	store	0x44	4	this:public __thiscall TextureStreamCreator::TextureStreamCreator(class fun::ObjectArchive_c *) 	100681a4	FUN_100681a4
DisplaySystem.dll	RVisual_t	store_vptr?	0x0	4	this:protected virtual __thiscall RVisual_t::~RVisual_t(void) 	10069f97	FUN_10069f97
DisplaySystem.dll	RVisual_t	store	0xA4	4	this:protected virtual __thiscall RVisual_t::~RVisual_t(void) 	10069f97	FUN_10069f97
DisplaySystem.dll	RVisual_t	load	0x180	4	this:protected virtual __thiscall RVisual_t::~RVisual_t(void) 	10069f97	FUN_10069f97
DisplaySystem.dll	RVisual_t	store	0x180	4	this:protected virtual __thiscall RVisual_t::~RVisual_t(void) 	10069f97	FUN_10069f97
DisplaySystem.dll	RVisual_t	load	0x184	4	this:protected virtual __thiscall RVisual_t::~RVisual_t(void) 	10069f97	FUN_10069f97
DisplaySystem.dll	RVisual_t	store	0x184	4	this:protected virtual __thiscall RVisual_t::~RVisual_t(void) 	10069f97	FUN_10069f97
DisplaySystem.dll	RVisual_t	addr_passed	0x198	0	this:protected virtual __thiscall RVisual_t::~RVisual_t(void) 	10069f97	FUN_10069f97
DisplaySystem.dll	RRefFrame_t	load	0x17C	4	this:public class TMatrix4_t const & __thiscall RRefFrame_t::GetWorldMatrix(void) const 	1006a013	FUN_1006a013
DisplaySystem.dll	RRefFrame_t	load	0x18C	4	this:public class TMatrix4_t const & __thiscall RRefFrame_t::GetWorldMatrix(void) const 	1006a013	FUN_1006a013
DisplaySystem.dll	RRefFrame_t	load	0x194	1	this:public class TMatrix4_t const & __thiscall RRefFrame_t::GetWorldMatrix(void) const 	1006a013	FUN_1006a013
DisplaySystem.dll	RRefFrame_t	addr_passed	0x198	0	this:public class TMatrix4_t const & __thiscall RRefFrame_t::GetWorldMatrix(void) const 	1006a013	FUN_1006a013
DisplaySystem.dll	RRefFrame_t	addr_passed	0x198	0	this:public class TMatrix4_t const & __thiscall RRefFrame_t::GetWorldMatrix(void) const 	1006a013	FUN_1006a013
DisplaySystem.dll	RRefFrame_t	load	0x17C	4	this:public class TMatrix4_t const & __thiscall RRefFrame_t::GetWorldMatrix(void) const 	1006a013	FUN_1006a013
DisplaySystem.dll	RRefFrame_t	load	0x184	4	this:public class TMatrix4_t const & __thiscall RRefFrame_t::GetWorldMatrix(void) const 	1006a013	FUN_1006a013
DisplaySystem.dll	RRefFrame_t	load	0x17C	4	this:public class TMatrix4_t const & __thiscall RRefFrame_t::GetWorldMatrix(void) const 	1006a013	FUN_1006a013
DisplaySystem.dll	RRefFrame_t	load	0x180	4	this:public class TMatrix4_t const & __thiscall RRefFrame_t::GetWorldMatrix(void) const 	1006a013	FUN_1006a013
DisplaySystem.dll	RRefFrame_t	load	0x190	4	this:public class TMatrix4_t const & __thiscall RRefFrame_t::GetWorldMatrix(void) const 	1006a013	FUN_1006a013
DisplaySystem.dll	RRefFrame_t	load	0x20	4	this:public class TMatrix4_t const & __thiscall RRefFrame_t::GetWorldMatrix(void) const 	1006a013	FUN_1006a013
DisplaySystem.dll	RRefFrame_t	load	0x24	4	this:public class TMatrix4_t const & __thiscall RRefFrame_t::GetWorldMatrix(void) const 	1006a013	FUN_1006a013
DisplaySystem.dll	RRefFrame_t	load	0x28	4	this:public class TMatrix4_t const & __thiscall RRefFrame_t::GetWorldMatrix(void) const 	1006a013	FUN_1006a013
DisplaySystem.dll	RRefFrame_t	load	0x17C	4	this:public class TMatrix4_t const & __thiscall RRefFrame_t::GetWorldMatrix(void) const 	1006a013	FUN_1006a013
DisplaySystem.dll	RRefFrame_t	load	0x180	4	this:public class TMatrix4_t const & __thiscall RRefFrame_t::GetWorldMatrix(void) const 	1006a013	FUN_1006a013
DisplaySystem.dll	RVisual_t	store	0x178	4	this:protected __thiscall RVisual_t::RVisual_t(class RRefFrame_t *,class RAnimation_t *) 	1006a21c	FUN_1006a21c
DisplaySystem.dll	RVisual_t	addr_passed	0x198	0	this:protected __thiscall RVisual_t::RVisual_t(class RRefFrame_t *,class RAnimation_t *) 	1006a21c	FUN_1006a21c
DisplaySystem.dll	RVisual_t	store_vptr?	0x0	4	this:protected __thiscall RVisual_t::RVisual_t(class RRefFrame_t *,class RAnimation_t *) 	1006a21c	FUN_1006a21c
DisplaySystem.dll	RVisual_t	store	0xA4	4	this:protected __thiscall RVisual_t::RVisual_t(class RRefFrame_t *,class RAnimation_t *) 	1006a21c	FUN_1006a21c
DisplaySystem.dll	RVisual_t	store	0x17C	4	this:protected __thiscall RVisual_t::RVisual_t(class RRefFrame_t *,class RAnimation_t *) 	1006a21c	FUN_1006a21c
DisplaySystem.dll	RVisual_t	store	0x180	4	this:protected __thiscall RVisual_t::RVisual_t(class RRefFrame_t *,class RAnimation_t *) 	1006a21c	FUN_1006a21c
DisplaySystem.dll	RVisual_t	store	0x184	4	this:protected __thiscall RVisual_t::RVisual_t(class RRefFrame_t *,class RAnimation_t *) 	1006a21c	FUN_1006a21c
DisplaySystem.dll	RVisual_t	store	0x188	1	this:protected __thiscall RVisual_t::RVisual_t(class RRefFrame_t *,class RAnimation_t *) 	1006a21c	FUN_1006a21c
DisplaySystem.dll	RVisual_t	store	0x18C	4	this:protected __thiscall RVisual_t::RVisual_t(class RRefFrame_t *,class RAnimation_t *) 	1006a21c	FUN_1006a21c
DisplaySystem.dll	RVisual_t	store	0x190	4	this:protected __thiscall RVisual_t::RVisual_t(class RRefFrame_t *,class RAnimation_t *) 	1006a21c	FUN_1006a21c
DisplaySystem.dll	RVisual_t	store	0x194	1	this:protected __thiscall RVisual_t::RVisual_t(class RRefFrame_t *,class RAnimation_t *) 	1006a21c	FUN_1006a21c
DisplaySystem.dll	RVisual_t	store	0x17C	4	this:protected __thiscall RVisual_t::RVisual_t(class RRefFrame_t *,class RAnimation_t *) 	1006a21c	FUN_1006a21c
DisplaySystem.dll	RVisual_t	load	0x17C	4	this:protected __thiscall RVisual_t::RVisual_t(class RRefFrame_t *,class RAnimation_t *) 	1006a21c	FUN_1006a21c
DisplaySystem.dll	RVisual_t	store	0x180	4	this:protected __thiscall RVisual_t::RVisual_t(class RRefFrame_t *,class RAnimation_t *) 	1006a21c	FUN_1006a21c
DisplaySystem.dll	RVisual_t	store	0x184	4	this:protected __thiscall RVisual_t::RVisual_t(class RRefFrame_t *,class RAnimation_t *) 	1006a21c	FUN_1006a21c
DisplaySystem.dll	RVisual_t	load	0x17C	4	this:protected __thiscall RVisual_t::RVisual_t(class RRefFrame_t *,class RAnimation_t *) 	1006a21c	FUN_1006a21c
DisplaySystem.dll	RVisual_t	load	0x184	4	this:protected __thiscall RVisual_t::RVisual_t(class RRefFrame_t *,class RAnimation_t *) 	1006a21c	FUN_1006a21c
DisplaySystem.dll	RVisual_t	load	0x184	4	this:protected __thiscall RVisual_t::RVisual_t(class RRefFrame_t *,class RAnimation_t *) 	1006a21c	FUN_1006a21c
DisplaySystem.dll	RVisual_t	load	0x184	4	this:protected __thiscall RVisual_t::RVisual_t(class RRefFrame_t *,class RAnimation_t *) 	1006a21c	FUN_1006a21c
DisplaySystem.dll	RVisual_t	load	0x184	4	this:protected __thiscall RVisual_t::RVisual_t(class RRefFrame_t *,class RAnimation_t *) 	1006a21c	FUN_1006a21c
DisplaySystem.dll	RVisual_t	load	0x184	4	this:protected __thiscall RVisual_t::RVisual_t(class RRefFrame_t *,class RAnimation_t *) 	1006a21c	FUN_1006a21c
DisplaySystem.dll	RVisual_t	load	0x184	4	this:protected __thiscall RVisual_t::RVisual_t(class RRefFrame_t *,class RAnimation_t *) 	1006a21c	FUN_1006a21c
DisplaySystem.dll	RVisual_t	load	0x180	4	this:protected __thiscall RVisual_t::RVisual_t(class RRefFrame_t *,class RAnimation_t *) 	1006a21c	FUN_1006a21c
DisplaySystem.dll	RVisual_t	load	0x17C	4	this:protected __thiscall RVisual_t::RVisual_t(class RRefFrame_t *,class RAnimation_t *) 	1006a21c	FUN_1006a21c
DisplaySystem.dll	RVisual_t	store	0x188	1	this:protected __thiscall RVisual_t::RVisual_t(class RRefFrame_t *,class RAnimation_t *) 	1006a21c	FUN_1006a21c
DisplaySystem.dll	RVisual_t	store	0x18C	4	this:protected __thiscall RVisual_t::RVisual_t(class RRefFrame_t *,class RAnimation_t *) 	1006a21c	FUN_1006a21c
DisplaySystem.dll	RVisual_t	store	0x190	4	this:protected __thiscall RVisual_t::RVisual_t(class RRefFrame_t *,class RAnimation_t *) 	1006a21c	FUN_1006a21c
DisplaySystem.dll	RVisual_t	store	0x178	4	this:protected __thiscall RVisual_t::RVisual_t(class RRefFrame_t *,class RAnimation_t *) 	1006a4b3	FUN_1006a4b3
DisplaySystem.dll	RVisual_t	addr_passed	0x198	0	this:protected __thiscall RVisual_t::RVisual_t(class RRefFrame_t *,class RAnimation_t *) 	1006a4b3	FUN_1006a4b3
DisplaySystem.dll	RVisual_t	store_vptr?	0x0	4	this:protected __thiscall RVisual_t::RVisual_t(class RRefFrame_t *,class RAnimation_t *) 	1006a4b3	FUN_1006a4b3
DisplaySystem.dll	RVisual_t	store	0xA4	4	this:protected __thiscall RVisual_t::RVisual_t(class RRefFrame_t *,class RAnimation_t *) 	1006a4b3	FUN_1006a4b3
DisplaySystem.dll	RVisual_t	store	0x17C	4	this:protected __thiscall RVisual_t::RVisual_t(class RRefFrame_t *,class RAnimation_t *) 	1006a4b3	FUN_1006a4b3
DisplaySystem.dll	RVisual_t	store	0x180	4	this:protected __thiscall RVisual_t::RVisual_t(class RRefFrame_t *,class RAnimation_t *) 	1006a4b3	FUN_1006a4b3
DisplaySystem.dll	RVisual_t	store	0x184	4	this:protected __thiscall RVisual_t::RVisual_t(class RRefFrame_t *,class RAnimation_t *) 	1006a4b3	FUN_1006a4b3
DisplaySystem.dll	RVisual_t	store	0x188	1	this:protected __thiscall RVisual_t::RVisual_t(class RRefFrame_t *,class RAnimation_t *) 	1006a4b3	FUN_1006a4b3
DisplaySystem.dll	RVisual_t	store	0x18C	4	this:protected __thiscall RVisual_t::RVisual_t(class RRefFrame_t *,class RAnimation_t *) 	1006a4b3	FUN_1006a4b3
DisplaySystem.dll	RVisual_t	store	0x190	4	this:protected __thiscall RVisual_t::RVisual_t(class RRefFrame_t *,class RAnimation_t *) 	1006a4b3	FUN_1006a4b3
DisplaySystem.dll	RVisual_t	store	0x194	1	this:protected __thiscall RVisual_t::RVisual_t(class RRefFrame_t *,class RAnimation_t *) 	1006a4b3	FUN_1006a4b3
DisplaySystem.dll	RVisual_t	store	0x17C	4	this:protected __thiscall RVisual_t::RVisual_t(class RRefFrame_t *,class RAnimation_t *) 	1006a4b3	FUN_1006a4b3
DisplaySystem.dll	RVisual_t	store	0x178	4	this:protected __thiscall RVisual_t::RVisual_t(class RRefFrame_t *,class RAnimation_t *) 	1006a4b3	FUN_1006a4b3
DisplaySystem.dll	RVisual_t	load	0x17C	4	this:protected __thiscall RVisual_t::RVisual_t(class RRefFrame_t *,class RAnimation_t *) 	1006a4b3	FUN_1006a4b3
DisplaySystem.dll	RVisual_t	store	0x180	4	this:protected __thiscall RVisual_t::RVisual_t(class RRefFrame_t *,class RAnimation_t *) 	1006a4b3	FUN_1006a4b3
DisplaySystem.dll	RVisual_t	store	0x184	4	this:protected __thiscall RVisual_t::RVisual_t(class RRefFrame_t *,class RAnimation_t *) 	1006a4b3	FUN_1006a4b3
DisplaySystem.dll	RVisual_t	load	0x17C	4	this:protected __thiscall RVisual_t::RVisual_t(class RRefFrame_t *,class RAnimation_t *) 	1006a4b3	FUN_1006a4b3
DisplaySystem.dll	RVisual_t	load	0x184	4	this:protected __thiscall RVisual_t::RVisual_t(class RRefFrame_t *,class RAnimation_t *) 	1006a4b3	FUN_1006a4b3
DisplaySystem.dll	RVisual_t	load	0x184	4	this:protected __thiscall RVisual_t::RVisual_t(class RRefFrame_t *,class RAnimation_t *) 	1006a4b3	FUN_1006a4b3
DisplaySystem.dll	RVisual_t	load	0x184	4	this:protected __thiscall RVisual_t::RVisual_t(class RRefFrame_t *,class RAnimation_t *) 	1006a4b3	FUN_1006a4b3
DisplaySystem.dll	RVisual_t	load	0x184	4	this:protected __thiscall RVisual_t::RVisual_t(class RRefFrame_t *,class RAnimation_t *) 	1006a4b3	FUN_1006a4b3
DisplaySystem.dll	RVisual_t	load	0x184	4	this:protected __thiscall RVisual_t::RVisual_t(class RRefFrame_t *,class RAnimation_t *) 	1006a4b3	FUN_1006a4b3
DisplaySystem.dll	RVisual_t	load	0x184	4	this:protected __thiscall RVisual_t::RVisual_t(class RRefFrame_t *,class RAnimation_t *) 	1006a4b3	FUN_1006a4b3
DisplaySystem.dll	RVisual_t	load	0x180	4	this:protected __thiscall RVisual_t::RVisual_t(class RRefFrame_t *,class RAnimation_t *) 	1006a4b3	FUN_1006a4b3
DisplaySystem.dll	RVisual_t	load	0x17C	4	this:protected __thiscall RVisual_t::RVisual_t(class RRefFrame_t *,class RAnimation_t *) 	1006a4b3	FUN_1006a4b3
DisplaySystem.dll	RVisual_t	store	0x188	1	this:protected __thiscall RVisual_t::RVisual_t(class RRefFrame_t *,class RAnimation_t *) 	1006a4b3	FUN_1006a4b3
DisplaySystem.dll	RVisual_t	store	0x18C	4	this:protected __thiscall RVisual_t::RVisual_t(class RRefFrame_t *,class RAnimation_t *) 	1006a4b3	FUN_1006a4b3
DisplaySystem.dll	RVisual_t	store	0x190	4	this:protected __thiscall RVisual_t::RVisual_t(class RRefFrame_t *,class RAnimation_t *) 	1006a4b3	FUN_1006a4b3
DisplaySystem.dll	RVisual_t	addr_passed	0x198	0	this:protected __thiscall RVisual_t::RVisual_t(class RRefFrame_t *,class RAnimation_t *) 	1006a4b3	FUN_1006a4b3
DisplaySystem.dll	RVisual_t	addr_passed	0x198	0	this:protected __thiscall RVisual_t::RVisual_t(class RRefFrame_t *,class RAnimation_t *) 	1006a4b3	FUN_1006a4b3
DisplaySystem.dll	RVisual_t	addr_passed	0x198	0	this:protected __thiscall RVisual_t::RVisual_t(class RRefFrame_t *,class RAnimation_t *) 	1006a4b3	FUN_1006a4b3
DisplaySystem.dll	RVisual_t	addr_passed	0x198	0	this:protected __thiscall RVisual_t::RVisual_t(class RRefFrame_t *,class RAnimation_t *) 	1006a4b3	FUN_1006a4b3
DisplaySystem.dll	RVisual_t	addr_passed	0x198	0	this:protected __thiscall RVisual_t::RVisual_t(class RRefFrame_t *,class RAnimation_t *) 	1006a4b3	FUN_1006a4b3
DisplaySystem.dll	RRefFrame_t	new_size	0xA4	0	ctor:public __thiscall RRefFrame_t::RRefFrame_t(class RRefFrame_t *,class RAnimation_t *) 	1006ae7a	FUN_1006ae7a
DisplaySystem.dll	RRefFrame_t	new_size	0xA4	0	ctor:public __thiscall RRefFrame_t::RRefFrame_t(class RRefFrame_t *,class RAnimation_t *) 	1006af07	FUN_1006af07
DisplaySystem.dll	RTexture_t	new_size	0xBC	0	ctor:public __thiscall RTexture_t::RTexture_t(char const *,unsigned short,unsigned short,enum RTexture_t::TextureFormat_e,bool,void *) 	1006b42b	VisualMaterial_t::VisualMaterial_t
DisplaySystem.dll	RRefFrame_t	load	0x9E	1	this:private void __thiscall RRefFrame_t::UpdateWorldMatrix(void) const 	1006b5e3	FUN_1006b5e3
DisplaySystem.dll	RRefFrame_t	load	0x84	4	this:private void __thiscall RRefFrame_t::UpdateWorldMatrix(void) const 	1006b5e3	FUN_1006b5e3
DisplaySystem.dll	RLight_t	new_size	0x11C	0	ctor:public __thiscall RLight_t::RLight_t(class RRefFrame_t *,class RGB_t const &,enum RLight_t::Type_e,class RAnimation_t *) 	1006b6b0	VisualMesh_t::SetLight
DisplaySystem.dll	RLight_t	store	0xF0	4	this:public void __thiscall RLight_t::SetSpotAngles(float,float) 	1006b6b0	VisualMesh_t::SetLight
DisplaySystem.dll	RLight_t	store	0xF8	4	this:public void __thiscall RLight_t::SetSpotAngles(float,float) 	1006b6b0	VisualMesh_t::SetLight
DisplaySystem.dll	RLight_t	store	0xFC	4	this:public void __thiscall RLight_t::SetSpotAngles(float,float) 	1006b6b0	VisualMesh_t::SetLight
DisplaySystem.dll	RLight_t	store	0x100	4	this:public void __thiscall RLight_t::SetSpotAngles(float,float) 	1006b6b0	VisualMesh_t::SetLight
DisplaySystem.dll	RLight_t	store	0xF0	4	this:public void __thiscall RLight_t::SetSpotAngles(float,float) 	1006b6b0	VisualMesh_t::SetLight
DisplaySystem.dll	RLight_t	store	0xF8	4	this:public void __thiscall RLight_t::SetSpotAngles(float,float) 	1006b6b0	VisualMesh_t::SetLight
DisplaySystem.dll	RLight_t	store	0xFC	4	this:public void __thiscall RLight_t::SetSpotAngles(float,float) 	1006b6b0	VisualMesh_t::SetLight
DisplaySystem.dll	RLight_t	store	0x100	4	this:public void __thiscall RLight_t::SetSpotAngles(float,float) 	1006b6b0	VisualMesh_t::SetLight
DisplaySystem.dll	RLight_t	store	0xF0	4	this:public void __thiscall RLight_t::SetSpotAngles(float,float) 	1006b6b0	VisualMesh_t::SetLight
DisplaySystem.dll	RLight_t	store	0xF8	4	this:public void __thiscall RLight_t::SetSpotAngles(float,float) 	1006b6b0	VisualMesh_t::SetLight
DisplaySystem.dll	RLight_t	store	0xFC	4	this:public void __thiscall RLight_t::SetSpotAngles(float,float) 	1006b6b0	VisualMesh_t::SetLight
DisplaySystem.dll	RLight_t	store	0x100	4	this:public void __thiscall RLight_t::SetSpotAngles(float,float) 	1006b6b0	VisualMesh_t::SetLight
DisplaySystem.dll	RRefFrame_t	load	0x1C	4	this:public void __thiscall RRefFrame_t::SetGroupMask(unsigned int,bool) 	1006b96f	VisualMesh_t::SetLightsGroupMask
DisplaySystem.dll	RRefFrame_t	load	0x14	4	this:public void __thiscall RRefFrame_t::SetGroupMask(unsigned int,bool) 	1006b96f	VisualMesh_t::SetLightsGroupMask
DisplaySystem.dll	RRefFrame_t	load	0x18	4	this:public void __thiscall RRefFrame_t::SetGroupMask(unsigned int,bool) 	1006b96f	VisualMesh_t::SetLightsGroupMask
DisplaySystem.dll	RRefFrame_t	load	0x18	4	this:public void __thiscall RRefFrame_t::SetGroupMask(unsigned int,bool) 	1006b96f	VisualMesh_t::SetLightsGroupMask
DisplaySystem.dll	RRefFrame_t	load	0x1C	4	this:public void __thiscall RRefFrame_t::SetGroupMask(unsigned int,bool) 	1006b96f	VisualMesh_t::SetLightsGroupMask
DisplaySystem.dll	RRefFrame_t	load	0x14	4	this:public void __thiscall RRefFrame_t::SetGroupMask(unsigned int,bool) 	1006b96f	VisualMesh_t::SetLightsGroupMask
DisplaySystem.dll	RRefFrame_t	load	0x18	4	this:public void __thiscall RRefFrame_t::SetGroupMask(unsigned int,bool) 	1006b96f	VisualMesh_t::SetLightsGroupMask
DisplaySystem.dll	RRefFrame_t	load	0x18	4	this:public void __thiscall RRefFrame_t::SetGroupMask(unsigned int,bool) 	1006b96f	VisualMesh_t::SetLightsGroupMask
DisplaySystem.dll	RRefFrame_t	load	0x14	4	this:public void __thiscall RRefFrame_t::SetGroupMask(unsigned int,bool) 	1006b96f	VisualMesh_t::SetLightsGroupMask
DisplaySystem.dll	RRefFrame_t	load	0x18	4	this:public void __thiscall RRefFrame_t::SetGroupMask(unsigned int,bool) 	1006b96f	VisualMesh_t::SetLightsGroupMask
DisplaySystem.dll	RRefFrame_t	load	0x18	4	this:public void __thiscall RRefFrame_t::SetGroupMask(unsigned int,bool) 	1006b96f	VisualMesh_t::SetLightsGroupMask
DisplaySystem.dll	RRefFrame_t	load	0x1C	4	this:public void __thiscall RRefFrame_t::SetGroupMask(unsigned int,bool) 	1006b96f	VisualMesh_t::SetLightsGroupMask
DisplaySystem.dll	RRefFrame_t	load	0x14	4	this:public void __thiscall RRefFrame_t::SetGroupMask(unsigned int,bool) 	1006b96f	VisualMesh_t::SetLightsGroupMask
DisplaySystem.dll	RRefFrame_t	load	0x18	4	this:public void __thiscall RRefFrame_t::SetGroupMask(unsigned int,bool) 	1006b96f	VisualMesh_t::SetLightsGroupMask
DisplaySystem.dll	RRefFrame_t	load	0x18	4	this:public void __thiscall RRefFrame_t::SetGroupMask(unsigned int,bool) 	1006b96f	VisualMesh_t::SetLightsGroupMask
DisplaySystem.dll	RRefFrame_t	load	0x14	4	this:public class RAnimation_t const * __thiscall RRefFrame_t::GetAnimation(void) const 	1006b96f	VisualMesh_t::SetLightsGroupMask
DisplaySystem.dll	RRefFrame_t	load	0x18	4	this:public class RAnimation_t const * __thiscall RRefFrame_t::GetAnimation(void) const 	1006b96f	VisualMesh_t::SetLightsGroupMask
DisplaySystem.dll	RRefFrame_t	load	0x18	4	this:public class RAnimation_t const * __thiscall RRefFrame_t::GetAnimation(void) const 	1006b96f	VisualMesh_t::SetLightsGroupMask
DisplaySystem.dll	RRefFrame_t	load	0x14	4	this:public class RAnimation_t const * __thiscall RRefFrame_t::GetAnimation(void) const 	1006b96f	VisualMesh_t::SetLightsGroupMask
DisplaySystem.dll	RRefFrame_t	load	0x18	4	this:public class RAnimation_t const * __thiscall RRefFrame_t::GetAnimation(void) const 	1006b96f	VisualMesh_t::SetLightsGroupMask
DisplaySystem.dll	RRefFrame_t	load	0x18	4	this:public class RAnimation_t const * __thiscall RRefFrame_t::GetAnimation(void) const 	1006b96f	VisualMesh_t::SetLightsGroupMask
DisplaySystem.dll	RRefFrame_t	load	0x18	4	this:public class RAnimation_t const * __thiscall RRefFrame_t::GetAnimation(void) const 	1006b96f	VisualMesh_t::SetLightsGroupMask
DisplaySystem.dll	RRefFrame_t	load	0x18	4	this:public class RAnimation_t const * __thiscall RRefFrame_t::GetAnimation(void) const 	1006b96f	VisualMesh_t::SetLightsGroupMask
DisplaySystem.dll	RRefFrame_t	load	0x1C	4	this:public class RAnimation_t const * __thiscall RRefFrame_t::GetAnimation(void) const 	1006b96f	VisualMesh_t::SetLightsGroupMask
DisplaySystem.dll	RRefFrame_t	load	0x14	4	this:public class RAnimation_t const * __thiscall RRefFrame_t::GetAnimation(void) const 	1006b96f	VisualMesh_t::SetLightsGroupMask
DisplaySystem.dll	RRefFrame_t	load	0x18	4	this:public class RAnimation_t const * __thiscall RRefFrame_t::GetAnimation(void) const 	1006b96f	VisualMesh_t::SetLightsGroupMask
DisplaySystem.dll	RRefFrame_t	load	0x18	4	this:public class RAnimation_t const * __thiscall RRefFrame_t::GetAnimation(void) const 	1006b96f	VisualMesh_t::SetLightsGroupMask
DisplaySystem.dll	RRefFrame_t	load	0x1C	4	this:public class RAnimation_t const * __thiscall RRefFrame_t::GetAnimation(void) const 	1006b96f	VisualMesh_t::SetLightsGroupMask
DisplaySystem.dll	RRefFrame_t	load	0x14	4	this:public class RAnimation_t const * __thiscall RRefFrame_t::GetAnimation(void) const 	1006b96f	VisualMesh_t::SetLightsGroupMask
DisplaySystem.dll	RRefFrame_t	load	0x18	4	this:public class RAnimation_t const * __thiscall RRefFrame_t::GetAnimation(void) const 	1006b96f	VisualMesh_t::SetLightsGroupMask
DisplaySystem.dll	RRefFrame_t	load	0x18	4	this:public class RAnimation_t const * __thiscall RRefFrame_t::GetAnimation(void) const 	1006b96f	VisualMesh_t::SetLightsGroupMask
DisplaySystem.dll	RRefFrame_t	load	0x18	4	this:public class RAnimation_t const * __thiscall RRefFrame_t::GetAnimation(void) const 	1006b96f	VisualMesh_t::SetLightsGroupMask
DisplaySystem.dll	RRefFrame_t	load	0x14	4	this:public class RAnimation_t const * __thiscall RRefFrame_t::GetAnimation(void) const 	1006b96f	VisualMesh_t::SetLightsGroupMask
DisplaySystem.dll	RRefFrame_t	load	0x18	4	this:public class RAnimation_t const * __thiscall RRefFrame_t::GetAnimation(void) const 	1006b96f	VisualMesh_t::SetLightsGroupMask
DisplaySystem.dll	RRefFrame_t	load	0x18	4	this:public class RAnimation_t const * __thiscall RRefFrame_t::GetAnimation(void) const 	1006b96f	VisualMesh_t::SetLightsGroupMask
DisplaySystem.dll	RRefFrame_t	load	0x1C	4	this:public class RAnimation_t const * __thiscall RRefFrame_t::GetAnimation(void) const 	1006b96f	VisualMesh_t::SetLightsGroupMask
DisplaySystem.dll	RRefFrame_t	load	0x14	4	this:public class RAnimation_t const * __thiscall RRefFrame_t::GetAnimation(void) const 	1006b96f	VisualMesh_t::SetLightsGroupMask
DisplaySystem.dll	RRefFrame_t	load	0x18	4	this:public class RAnimation_t const * __thiscall RRefFrame_t::GetAnimation(void) const 	1006b96f	VisualMesh_t::SetLightsGroupMask
DisplaySystem.dll	RRefFrame_t	load	0x18	4	this:public class RAnimation_t const * __thiscall RRefFrame_t::GetAnimation(void) const 	1006b96f	VisualMesh_t::SetLightsGroupMask
DisplaySystem.dll	RRefFrame_t	load	0x88	4	this:public void __thiscall RRefFrame_t::SetTransparency(float) 	1006b9e6	VisualMesh_t::SetTransparency
DisplaySystem.dll	RRefFrame_t	load_vptr?	0x0	4	this:public class TMatrix4_t const & __thiscall RRefFrame_t::GetWorldMatrix(void) const 	1006bb2a	VisualMesh_t::IsLineIntersecting
DisplaySystem.dll	RRefFrame_t	vcall	0x30	4	this:public class TMatrix4_t const & __thiscall RRefFrame_t::GetWorldMatrix(void) const 	1006bb2a	VisualMesh_t::IsLineIntersecting
DisplaySystem.dll	RRefFrame_t	load	0x184	4	this:public class TMatrix4_t const & __thiscall RRefFrame_t::GetWorldMatrix(void) const 	1006bb2a	VisualMesh_t::IsLineIntersecting
DisplaySystem.dll	RRefFrame_t	load_vptr?	0x0	4	this:public class TMatrix4_t const & __thiscall RRefFrame_t::GetWorldMatrix(void) const 	1006bb2a	VisualMesh_t::IsLineIntersecting
DisplaySystem.dll	RRefFrame_t	vcall	0x30	4	this:public class TMatrix4_t const & __thiscall RRefFrame_t::GetWorldMatrix(void) const 	1006bb2a	VisualMesh_t::IsLineIntersecting
DisplaySystem.dll	RRefFrame_t	load	0x184	4	this:public class TMatrix4_t const & __thiscall RRefFrame_t::GetWorldMatrix(void) const 	1006bb2a	VisualMesh_t::IsLineIntersecting
DisplaySystem.dll	RRefFrame_t	load_vptr?	0x0	4	this:public class TMatrix4_t const & __thiscall RRefFrame_t::GetWorldMatrix(void) const 	1006bb2a	VisualMesh_t::IsLineIntersecting
DisplaySystem.dll	RRefFrame_t	vcall	0x30	4	this:public class TMatrix4_t const & __thiscall RRefFrame_t::GetWorldMatrix(void) const 	1006bb2a	VisualMesh_t::IsLineIntersecting
DisplaySystem.dll	RRefFrame_t	load	0x184	4	this:public class TMatrix4_t const & __thiscall RRefFrame_t::GetWorldMatrix(void) const 	1006bb2a	VisualMesh_t::IsLineIntersecting
DisplaySystem.dll	RTriMesh_t	load	0x184	4	this:public void __thiscall RTriMesh_t::ConvertToLightmap(unsigned short const *) 	1006bd63	VisualMesh_t::SetVertexColours
DisplaySystem.dll	RTriMesh_t	load	0x184	4	this:public void __thiscall RTriMesh_t::ConvertToLightmap(unsigned short const *) 	1006bd63	VisualMesh_t::SetVertexColours
DisplaySystem.dll	RTriMesh_t	load	0x184	4	this:public void __thiscall RTriMesh_t::ConvertToLightmap(unsigned short const *) 	1006bd63	VisualMesh_t::SetVertexColours
DisplaySystem.dll	RTriMesh_t	load	0x184	4	this:public void __thiscall RTriMesh_t::SetTriMeshData(class RTriMeshData_t const *) 	1006bf77	FUN_1006bf77
DisplaySystem.dll	RTriMesh_t	load	0x184	4	this:public void __thiscall RTriMesh_t::SetTriMeshData(class RTriMeshData_t const *) 	1006bf77	FUN_1006bf77
DisplaySystem.dll	RTriMesh_t	load	0x184	4	this:public void __thiscall RTriMesh_t::SetTriMeshData(class RTriMeshData_t const *) 	1006bf77	FUN_1006bf77
DisplaySystem.dll	RTriMesh_t	load	0x184	4	this:public void __thiscall RTriMesh_t::SetTriMeshData(class RTriMeshData_t const *) 	1006bf77	FUN_1006bf77
DisplaySystem.dll	RTriMesh_t	load	0x184	4	this:public void __thiscall RTriMesh_t::SetTriMeshData(class RTriMeshData_t const *) 	1006bf77	FUN_1006bf77
DisplaySystem.dll	RTriMesh_t	load	0x184	4	this:public void __thiscall RTriMesh_t::SetTriMeshData(class RTriMeshData_t const *) 	1006bf77	FUN_1006bf77
DisplaySystem.dll	RTriMesh_t	load	0x184	4	this:public void __thiscall RTriMesh_t::SetTriMeshData(class RTriMeshData_t const *) 	1006bf77	FUN_1006bf77
DisplaySystem.dll	RTriMesh_t	load	0x184	4	this:public void __thiscall RTriMesh_t::SetTriMeshData(class RTriMeshData_t const *) 	1006bf77	FUN_1006bf77
DisplaySystem.dll	SimpleMesh	load	0x14	4	this:public void __thiscall SimpleMesh::Render(class RViewPort_t &) const 	1006c005	FUN_1006c005
DisplaySystem.dll	RTexture_t	load	0x30	4	ret:public class RTexture_t * __thiscall RMaterial_t::GetTexture(unsigned char) const 	1006c005	FUN_1006c005
DisplaySystem.dll	RViewPort_t	load	0x8	4	this:public void __thiscall RViewPort_t::RealizeRenderStates(void) 	1006c005	FUN_1006c005
DisplaySystem.dll	RViewPort_t	load	0x8	4	this:public void __thiscall RViewPort_t::RealizeRenderStates(void) 	1006c005	FUN_1006c005
DisplaySystem.dll	RViewPort_t	load	0x8	4	this:public void __thiscall RViewPort_t::RealizeRenderStates(void) 	1006c005	FUN_1006c005
DisplaySystem.dll	RViewPort_t	load	0x8	4	this:public void __thiscall RViewPort_t::RealizeRenderStates(void) 	1006c005	FUN_1006c005
DisplaySystem.dll	RViewPort_t	load	0x8	4	this:public void __thiscall RViewPort_t::RealizeRenderStates(void) 	1006c005	FUN_1006c005
DisplaySystem.dll	RViewPort_t	load	0x8	4	this:public void __thiscall RViewPort_t::RealizeRenderStates(void) 	1006c005	FUN_1006c005
DisplaySystem.dll	RViewPort_t	load	0x8	4	this:public void __thiscall RViewPort_t::RealizeRenderStates(void) 	1006c005	FUN_1006c005
DisplaySystem.dll	RViewPort_t	load	0x8	4	this:public void __thiscall RViewPort_t::RealizeRenderStates(void) 	1006c005	FUN_1006c005
DisplaySystem.dll	RViewPort_t	load	0xC	4	this:public void __thiscall RViewPort_t::RealizeRenderStates(void) 	1006c005	FUN_1006c005
DisplaySystem.dll	RViewPort_t	load	0x8	4	this:public void __thiscall RViewPort_t::RealizeRenderStates(void) 	1006c005	FUN_1006c005
DisplaySystem.dll	RResource_t	load_vptr?	0x0	4	this:public void __thiscall RResource_t::AddRefRResource(void) const 	1006c475	VisualMesh_t::GetAttrMatrix
DisplaySystem.dll	RResource_t	vcall	0xC	4	this:public void __thiscall RResource_t::AddRefRResource(void) const 	1006c475	VisualMesh_t::GetAttrMatrix
DisplaySystem.dll	RResource_t	load_vptr?	0x0	4	this:public void __thiscall RResource_t::AddRefRResource(void) const 	1006c475	VisualMesh_t::GetAttrMatrix
DisplaySystem.dll	RResource_t	vcall	0xC	4	this:public void __thiscall RResource_t::AddRefRResource(void) const 	1006c475	VisualMesh_t::GetAttrMatrix
DisplaySystem.dll	RResource_t	load_vptr?	0x0	4	this:public void __thiscall RResource_t::AddRefRResource(void) const 	1006c475	VisualMesh_t::GetAttrMatrix
DisplaySystem.dll	RResource_t	vcall	0xC	4	this:public void __thiscall RResource_t::AddRefRResource(void) const 	1006c475	VisualMesh_t::GetAttrMatrix
DisplaySystem.dll	RResource_t	load_vptr?	0x0	4	this:public void __thiscall RResource_t::AddRefRResource(void) const 	1006c475	VisualMesh_t::GetAttrMatrix
DisplaySystem.dll	RResource_t	vcall	0xC	4	this:public void __thiscall RResource_t::AddRefRResource(void) const 	1006c475	VisualMesh_t::GetAttrMatrix
DisplaySystem.dll	RResource_t	load_vptr?	0x0	4	this:public void __thiscall RResource_t::AddRefRResource(void) const 	1006c475	VisualMesh_t::GetAttrMatrix
DisplaySystem.dll	RResource_t	vcall	0xC	4	this:public void __thiscall RResource_t::AddRefRResource(void) const 	1006c475	VisualMesh_t::GetAttrMatrix
DisplaySystem.dll	RResource_t	load_vptr?	0x0	4	this:public void __thiscall RResource_t::AddRefRResource(void) const 	1006c475	VisualMesh_t::GetAttrMatrix
DisplaySystem.dll	RResource_t	vcall	0xC	4	this:public void __thiscall RResource_t::AddRefRResource(void) const 	1006c475	VisualMesh_t::GetAttrMatrix
DisplaySystem.dll	RResource_t	load_vptr?	0x0	4	this:public void __thiscall RResource_t::AddRefRResource(void) const 	1006c475	VisualMesh_t::GetAttrMatrix
DisplaySystem.dll	RResource_t	vcall	0xC	4	this:public void __thiscall RResource_t::AddRefRResource(void) const 	1006c475	VisualMesh_t::GetAttrMatrix
DisplaySystem.dll	RResource_t	load_vptr?	0x0	4	this:public void __thiscall RResource_t::AddRefRResource(void) const 	1006c475	VisualMesh_t::GetAttrMatrix
DisplaySystem.dll	RResource_t	vcall	0xC	4	this:public void __thiscall RResource_t::AddRefRResource(void) const 	1006c475	VisualMesh_t::GetAttrMatrix
DisplaySystem.dll	RDeltaState	new_size	0x16C	0	ctor:public __thiscall RDeltaState::RDeltaState(char const *) 	1006c61d	FUN_1006c61d
DisplaySystem.dll	RDeltaState	new_size	0x16C	0	ctor:public __thiscall RDeltaState::RDeltaState(char const *) 	1006c61d	FUN_1006c61d
DisplaySystem.dll	RDeltaState	new_size	0x16C	0	ctor:public __thiscall RDeltaState::RDeltaState(char const *) 	1006c61d	FUN_1006c61d
DisplaySystem.dll	RDeltaState	new_size	0x16C	0	ctor:public __thiscall RDeltaState::RDeltaState(char const *) 	1006c61d	FUN_1006c61d
DisplaySystem.dll	RDeltaState	new_size	0x16C	0	ctor:public __thiscall RDeltaState::RDeltaState(char const *) 	1006c61d	FUN_1006c61d
DisplaySystem.dll	RDeltaState	new_size	0x16C	0	ctor:public __thiscall RDeltaState::RDeltaState(char const *) 	1006c61d	FUN_1006c61d
DisplaySystem.dll	RVisual_t	load	0x184	4	this:public void __thiscall RVisual_t::SetRenderPriority(enum RenderList_e) 	1006ce7d	VisualMesh_t::SetRenderingEffect
DisplaySystem.dll	RVisual_t	load	0x184	4	this:public void __thiscall RVisual_t::SetRenderPriority(enum RenderList_e) 	1006ce7d	VisualMesh_t::SetRenderingEffect
DisplaySystem.dll	RVisual_t	load	0x184	4	this:public void __thiscall RVisual_t::SetRenderPriority(enum RenderList_e) 	1006ce7d	VisualMesh_t::SetRenderingEffect
DisplaySystem.dll	RRefFrame_t	new_size	0xA4	0	ctor:public __thiscall RRefFrame_t::RRefFrame_t(class RRefFrame_t *,class RAnimation_t *) 	1006cfc5	VisualMesh_t::VisualMesh_t
DisplaySystem.dll	RRefFrame_t	load_vptr?	0x0	4	this:public void __thiscall RRefFrame_t::SetVisible(bool,bool) 	1006d49a	FUN_1006d49a
DisplaySystem.dll	RRefFrame_t	vcall	0x28	4	this:public void __thiscall RRefFrame_t::SetVisible(bool,bool) 	1006d49a	FUN_1006d49a
DisplaySystem.dll	RMaterial_t	new_size	0xC0	0	ctor:public __thiscall RMaterial_t::RMaterial_t(char const *,class RTexture_t *,class RGB_t const &,class RGB_t const &,class RGB_t const &,class RGB_t const &,float,float,float,bool,bool) 	1006e133	VisualRoom_t::Init
DisplaySystem.dll	RDeltaState	new_size	0x16C	0	ctor:public __thiscall RDeltaState::RDeltaState(char const *) 	1006e133	VisualRoom_t::Init
DisplaySystem.dll	RVisual_t	store	0x180	4	this:public void __thiscall RVisual_t::SetDeltaState(class RDeltaState *) 	1006e133	VisualRoom_t::Init
DisplaySystem.dll	RVisual_t	store	0x17C	4	this:public void __thiscall RVisual_t::SetDeltaState(class RDeltaState *) 	1006e133	VisualRoom_t::Init
DisplaySystem.dll	RVisual_t	store	0x184	4	this:public void __thiscall RVisual_t::SetDeltaState(class RDeltaState *) 	1006e133	VisualRoom_t::Init
DisplaySystem.dll	RVisual_t	store	0x188	4	this:public void __thiscall RVisual_t::SetDeltaState(class RDeltaState *) 	1006e133	VisualRoom_t::Init
DisplaySystem.dll	RVisual_t	store	0x18C	4	this:public void __thiscall RVisual_t::SetDeltaState(class RDeltaState *) 	1006e133	VisualRoom_t::Init
DisplaySystem.dll	RVisual_t	load	0x18C	4	this:public void __thiscall RVisual_t::SetDeltaState(class RDeltaState *) 	1006e133	VisualRoom_t::Init
DisplaySystem.dll	RVisual_t	load	0x18C	4	this:public void __thiscall RVisual_t::SetDeltaState(class RDeltaState *) 	1006e133	VisualRoom_t::Init
DisplaySystem.dll	RVisual_t	load	0x18C	4	this:public void __thiscall RVisual_t::SetDeltaState(class RDeltaState *) 	1006e133	VisualRoom_t::Init
DisplaySystem.dll	RVisual_t	load	0x18C	4	this:public void __thiscall RVisual_t::SetDeltaState(class RDeltaState *) 	1006e133	VisualRoom_t::Init
DisplaySystem.dll	RVisual_t	load	0x184	4	this:public void __thiscall RVisual_t::SetDeltaState(class RDeltaState *) 	1006e133	VisualRoom_t::Init
DisplaySystem.dll	RVisual_t	store	0x198	4	this:public void __thiscall RVisual_t::SetDeltaState(class RDeltaState *) 	1006e133	VisualRoom_t::Init
DisplaySystem.dll	RVisual_t	load	0xB8	4	this:public void __thiscall RVisual_t::SetDeltaState(class RDeltaState *) 	1006e133	VisualRoom_t::Init
DisplaySystem.dll	RVisual_t	load	0xB8	4	this:public void __thiscall RVisual_t::SetDeltaState(class RDeltaState *) 	1006e133	VisualRoom_t::Init
DisplaySystem.dll	RVisual_t	load	0xB8	4	this:public void __thiscall RVisual_t::SetDeltaState(class RDeltaState *) 	1006e133	VisualRoom_t::Init
DisplaySystem.dll	RVisual_t	load	0xB8	4	this:public void __thiscall RVisual_t::SetDeltaState(class RDeltaState *) 	1006e133	VisualRoom_t::Init
DisplaySystem.dll	RVisual_t	load	0xB8	4	this:public void __thiscall RVisual_t::SetDeltaState(class RDeltaState *) 	1006e133	VisualRoom_t::Init
DisplaySystem.dll	RVisual_t	load	0xB8	4	this:public void __thiscall RVisual_t::SetDeltaState(class RDeltaState *) 	1006e133	VisualRoom_t::Init
DisplaySystem.dll	RVisual_t	load	0xB8	4	this:public void __thiscall RVisual_t::SetDeltaState(class RDeltaState *) 	1006e133	VisualRoom_t::Init
DisplaySystem.dll	RVisual_t	store	0x1A0	4	this:public void __thiscall RVisual_t::SetDeltaState(class RDeltaState *) 	1006e133	VisualRoom_t::Init
DisplaySystem.dll	RMaterial_t	store	0x60	4	this:public __thiscall RMaterial_t::RMaterial_t(char const *,class RTexture_t *,class RGB_t const &,class RGB_t const &,class RGB_t const &,class RGB_t const &,float,float,float,bool,bool) 	1006e133	VisualRoom_t::Init
DisplaySystem.dll	RMaterial_t	store	0x6C	1	this:public __thiscall RMaterial_t::RMaterial_t(char const *,class RTexture_t *,class RGB_t const &,class RGB_t const &,class RGB_t const &,class RGB_t const &,float,float,float,bool,bool) 	1006e133	VisualRoom_t::Init
DisplaySystem.dll	RMaterial_t	store	0x64	4	this:public __thiscall RMaterial_t::RMaterial_t(char const *,class RTexture_t *,class RGB_t const &,class RGB_t const &,class RGB_t const &,class RGB_t const &,float,float,float,bool,bool) 	1006e133	VisualRoom_t::Init
DisplaySystem.dll	RMaterial_t	store	0x6C	1	this:public __thiscall RMaterial_t::RMaterial_t(char const *,class RTexture_t *,class RGB_t const &,class RGB_t const &,class RGB_t const &,class RGB_t const &,float,float,float,bool,bool) 	1006e133	VisualRoom_t::Init
DisplaySystem.dll	VertexBuffer_c	new_size	0x4	0	ctor:public __thiscall VertexBuffer_c::VertexBuffer_c(class VertexBuffer_c const &,unsigned int,unsigned int) 	1006e399	FUN_1006e399
DisplaySystem.dll	RVisual_t	load	0x178	4	this:protected unsigned int __thiscall RVisual_t::CullLights(class RViewPort_t &,float,unsigned int) 	1006e486	FUN_1006e486
DisplaySystem.dll	RVisual_t	load	0x194	4	this:protected unsigned int __thiscall RVisual_t::CullLights(class RViewPort_t &,float,unsigned int) 	1006e486	FUN_1006e486
DisplaySystem.dll	RVisual_t	load_vptr?	0x0	4	this:protected unsigned int __thiscall RVisual_t::CullLights(class RViewPort_t &,float,unsigned int) 	1006e486	FUN_1006e486
DisplaySystem.dll	RVisual_t	vcall	0x40	4	this:protected unsigned int __thiscall RVisual_t::CullLights(class RViewPort_t &,float,unsigned int) 	1006e486	FUN_1006e486
DisplaySystem.dll	RVisual_t	load_vptr?	0x0	4	this:protected unsigned int __thiscall RVisual_t::CullLights(class RViewPort_t &,float,unsigned int) 	1006e486	FUN_1006e486
DisplaySystem.dll	RVisual_t	vcall	0x44	4	this:protected unsigned int __thiscall RVisual_t::CullLights(class RViewPort_t &,float,unsigned int) 	1006e486	FUN_1006e486
DisplaySystem.dll	RVisual_t	load	0x178	4	this:protected unsigned int __thiscall RVisual_t::CullLights(class RViewPort_t &,float,unsigned int) 	1006e486	FUN_1006e486
DisplaySystem.dll	RVisual_t	load	0x18C	4	this:protected unsigned int __thiscall RVisual_t::CullLights(class RViewPort_t &,float,unsigned int) 	1006e486	FUN_1006e486
DisplaySystem.dll	RVisual_t	load	0x18C	4	this:protected unsigned int __thiscall RVisual_t::CullLights(class RViewPort_t &,float,unsigned int) 	1006e486	FUN_1006e486
DisplaySystem.dll	RVisual_t	load	0x178	4	this:protected unsigned int __thiscall RVisual_t::CullLights(class RViewPort_t &,float,unsigned int) 	1006e486	FUN_1006e486
DisplaySystem.dll	RVisual_t	load	0x17C	4	this:protected unsigned int __thiscall RVisual_t::CullLights(class RViewPort_t &,float,unsigned int) 	1006e486	FUN_1006e486
DisplaySystem.dll	RVisual_t	load	0x180	4	this:protected unsigned int __thiscall RVisual_t::CullLights(class RViewPort_t &,float,unsigned int) 	1006e486	FUN_1006e486
DisplaySystem.dll	RVisual_t	load	0x19C	4	this:protected unsigned int __thiscall RVisual_t::CullLights(class RViewPort_t &,float,unsigned int) 	1006e486	FUN_1006e486
DisplaySystem.dll	RVisual_t	load	0x178	4	this:protected unsigned int __thiscall RVisual_t::CullLights(class RViewPort_t &,float,unsigned int) 	1006e486	FUN_1006e486
DisplaySystem.dll	RVisual_t	load_vptr?	0x0	4	this:protected unsigned int __thiscall RVisual_t::CullLights(class RViewPort_t &,float,unsigned int) 	1006e486	FUN_1006e486
DisplaySystem.dll	RVisual_t	vcall	0x48	4	this:protected unsigned int __thiscall RVisual_t::CullLights(class RViewPort_t &,float,unsigned int) 	1006e486	FUN_1006e486
DisplaySystem.dll	RRefFrame_t	load	0x178	4	this:public class TMatrix4_t const & __thiscall RRefFrame_t::GetWorldMatrix(void) const 	1006e60c	FUN_1006e60c
DisplaySystem.dll	RRefFrame_t	load	0x178	4	this:public class TMatrix4_t const & __thiscall RRefFrame_t::GetWorldMatrix(void) const 	1006e60c	FUN_1006e60c
DisplaySystem.dll	RRefFrame_t	load	0x178	4	this:public class TMatrix4_t const & __thiscall RRefFrame_t::GetWorldMatrix(void) const 	1006e60c	FUN_1006e60c
DisplaySystem.dll	RRefFrame_t	load	0x17C	4	this:public class TMatrix4_t const & __thiscall RRefFrame_t::GetWorldMatrix(void) const 	1006e60c	FUN_1006e60c
DisplaySystem.dll	RRefFrame_t	load	0x180	4	this:public class TMatrix4_t const & __thiscall RRefFrame_t::GetWorldMatrix(void) const 	1006e60c	FUN_1006e60c
DisplaySystem.dll	RRefFrame_t	load	0x19C	4	this:public class TMatrix4_t const & __thiscall RRefFrame_t::GetWorldMatrix(void) const 	1006e60c	FUN_1006e60c
DisplaySystem.dll	RRefFrame_t	load	0x178	4	this:public class TMatrix4_t const & __thiscall RRefFrame_t::GetWorldMatrix(void) const 	1006e60c	FUN_1006e60c
DisplaySystem.dll	RVisual_t	store_vptr?	0x0	4	this:protected __thiscall RVisual_t::RVisual_t(class RRefFrame_t *,class RAnimation_t *) 	1006e717	FUN_1006e717
DisplaySystem.dll	RVisual_t	store	0xA4	4	this:protected __thiscall RVisual_t::RVisual_t(class RRefFrame_t *,class RAnimation_t *) 	1006e717	FUN_1006e717
DisplaySystem.dll	RVisual_t	store	0x178	4	this:protected __thiscall RVisual_t::RVisual_t(class RRefFrame_t *,class RAnimation_t *) 	1006e717	FUN_1006e717
DisplaySystem.dll	RVisual_t	store	0x17C	4	this:protected __thiscall RVisual_t::RVisual_t(class RRefFrame_t *,class RAnimation_t *) 	1006e717	FUN_1006e717
DisplaySystem.dll	RVisual_t	store	0x18C	4	this:protected __thiscall RVisual_t::RVisual_t(class RRefFrame_t *,class RAnimation_t *) 	1006e717	FUN_1006e717
DisplaySystem.dll	RVisual_t	store	0x198	4	this:protected __thiscall RVisual_t::RVisual_t(class RRefFrame_t *,class RAnimation_t *) 	1006e717	FUN_1006e717
DisplaySystem.dll	RVisual_t	store	0x19C	4	this:protected __thiscall RVisual_t::RVisual_t(class RRefFrame_t *,class RAnimation_t *) 	1006e717	FUN_1006e717
DisplaySystem.dll	RVisual_t	store	0x178	4	this:protected __thiscall RVisual_t::RVisual_t(class RRefFrame_t *,class RAnimation_t *) 	1006e717	FUN_1006e717
DisplaySystem.dll	RVisual_t	store	0x190	1	this:protected __thiscall RVisual_t::RVisual_t(class RRefFrame_t *,class RAnimation_t *) 	1006e717	FUN_1006e717
DisplaySystem.dll	RVisual_t	store_vptr?	0x0	4	this:protected __thiscall RVisual_t::RVisual_t(class RRefFrame_t *,class RAnimation_t *) 	1006e7cf	FUN_1006e7cf
DisplaySystem.dll	RVisual_t	store	0xA4	4	this:protected __thiscall RVisual_t::RVisual_t(class RRefFrame_t *,class RAnimation_t *) 	1006e7cf	FUN_1006e7cf
DisplaySystem.dll	RVisual_t	store	0x178	4	this:protected __thiscall RVisual_t::RVisual_t(class RRefFrame_t *,class RAnimation_t *) 	1006e7cf	FUN_1006e7cf
DisplaySystem.dll	RVisual_t	store	0x17C	4	this:protected __thiscall RVisual_t::RVisual_t(class RRefFrame_t *,class RAnimation_t *) 	1006e7cf	FUN_1006e7cf
DisplaySystem.dll	RVisual_t	store	0x18C	4	this:protected __thiscall RVisual_t::RVisual_t(class RRefFrame_t *,class RAnimation_t *) 	1006e7cf	FUN_1006e7cf
DisplaySystem.dll	RVisual_t	store	0x198	4	this:protected __thiscall RVisual_t::RVisual_t(class RRefFrame_t *,class RAnimation_t *) 	1006e7cf	FUN_1006e7cf
DisplaySystem.dll	RVisual_t	store	0x19C	4	this:protected __thiscall RVisual_t::RVisual_t(class RRefFrame_t *,class RAnimation_t *) 	1006e7cf	FUN_1006e7cf
DisplaySystem.dll	RVisual_t	store	0x178	4	this:protected __thiscall RVisual_t::RVisual_t(class RRefFrame_t *,class RAnimation_t *) 	1006e7cf	FUN_1006e7cf
DisplaySystem.dll	RVisual_t	store	0x194	4	this:protected __thiscall RVisual_t::RVisual_t(class RRefFrame_t *,class RAnimation_t *) 	1006e7cf	FUN_1006e7cf
DisplaySystem.dll	RVisual_t	store	0x190	1	this:protected __thiscall RVisual_t::RVisual_t(class RRefFrame_t *,class RAnimation_t *) 	1006e7cf	FUN_1006e7cf
DisplaySystem.dll	RVisual_t	store_vptr?	0x0	4	this:protected virtual __thiscall RVisual_t::~RVisual_t(void) 	1006e9cd	FUN_1006e9cd
DisplaySystem.dll	RVisual_t	store	0xA4	4	this:protected virtual __thiscall RVisual_t::~RVisual_t(void) 	1006e9cd	FUN_1006e9cd
DisplaySystem.dll	RVisual_t	load	0x198	4	this:protected virtual __thiscall RVisual_t::~RVisual_t(void) 	1006e9cd	FUN_1006e9cd
DisplaySystem.dll	RVisual_t	store	0x198	4	this:protected virtual __thiscall RVisual_t::~RVisual_t(void) 	1006e9cd	FUN_1006e9cd
DisplaySystem.dll	RVisual_t	load	0x19C	4	this:protected virtual __thiscall RVisual_t::~RVisual_t(void) 	1006e9cd	FUN_1006e9cd
DisplaySystem.dll	RVisual_t	store	0x19C	4	this:protected virtual __thiscall RVisual_t::~RVisual_t(void) 	1006e9cd	FUN_1006e9cd
DisplaySystem.dll	RVisual_t	load	0x17C	4	this:protected virtual __thiscall RVisual_t::~RVisual_t(void) 	1006e9cd	FUN_1006e9cd
DisplaySystem.dll	RVisual_t	load	0x178	4	this:protected virtual __thiscall RVisual_t::~RVisual_t(void) 	1006e9cd	FUN_1006e9cd
DisplaySystem.dll	RVisual_t	load	0x178	4	this:protected virtual __thiscall RVisual_t::~RVisual_t(void) 	1006e9cd	FUN_1006e9cd
DisplaySystem.dll	RVisual_t	store	0x178	4	this:protected virtual __thiscall RVisual_t::~RVisual_t(void) 	1006e9cd	FUN_1006e9cd
DisplaySystem.dll	RVisual_t	load	0x18C	4	this:protected virtual __thiscall RVisual_t::~RVisual_t(void) 	1006e9cd	FUN_1006e9cd
DisplaySystem.dll	RVisual_t	store	0x17C	4	this:protected virtual __thiscall RVisual_t::~RVisual_t(void) 	1006e9cd	FUN_1006e9cd
DisplaySystem.dll	RVisual_t	store	0x18C	4	this:protected virtual __thiscall RVisual_t::~RVisual_t(void) 	1006e9cd	FUN_1006e9cd
DisplaySystem.dll	RDebugViewPort	load	0x30	4	this:public void __thiscall RDebugViewPort::DrawArrow(class Vector3_t const &,class Vector3_t const &,bool) 	1006ea92	FUN_1006ea92
DisplaySystem.dll	RDebugViewPort	load	0x30	4	this:public void __thiscall RDebugViewPort::DrawArrow(class Vector3_t const &,class Vector3_t const &,bool) 	1006ea92	FUN_1006ea92
DisplaySystem.dll	RDebugViewPort	load	0x30	4	this:public void __thiscall RDebugViewPort::DrawArrow(class Vector3_t const &,class Vector3_t const &,bool) 	1006ea92	FUN_1006ea92
DisplaySystem.dll	RSprite	store	0x18C	4	this:protected void __thiscall RSprite::InitVertexColor(void) 	1006ec9b	VisualSprite_t::VisualSprite_t
DisplaySystem.dll	RCATMesh_t	new_size	0x438	0	ctor:public __thiscall RCATMesh_t::RCATMesh_t(class RRefFrame_t *) 	100704b8	FUN_100704b8
DisplaySystem.dll	RMaterial_t	new_size	0xC0	0	ctor:public __thiscall RMaterial_t::RMaterial_t(class RMaterial_t const &) 	10071064	FUN_10071064
DisplaySystem.dll	RTexture_t	load	0x4	4	ret:public static class RTexture_t * __cdecl RTexture_t::GetDefault(void) 	10071376	FUN_10071376
DisplaySystem.dll	RTexture_t	load	0x30	4	ret:public class RTexture_t * __thiscall RMaterial_t::GetTexture(unsigned char) const 	100715c8	FUN_100715c8
DisplaySystem.dll	RTexture_t	load	0x30	4	ret:public class RTexture_t * __thiscall RMaterial_t::GetTexture(unsigned char) const 	100715c8	FUN_100715c8
DisplaySystem.dll	RTexture_t	load	0x30	4	ret:public class RTexture_t * __thiscall RMaterial_t::GetTexture(unsigned char) const 	100715c8	FUN_100715c8
DisplaySystem.dll	RTexture_t	load	0x30	4	ret:public class RTexture_t * __thiscall RMaterial_t::GetTexture(unsigned char) const 	100715c8	FUN_100715c8
DisplaySystem.dll	RTexture_t	load	0x30	4	ret:public class RTexture_t * __thiscall RMaterial_t::GetTexture(unsigned char) const 	100715c8	FUN_100715c8
DisplaySystem.dll	RTexture_t	load	0x30	4	ret:public class RTexture_t * __thiscall RMaterial_t::GetTexture(unsigned char) const 	100715c8	FUN_100715c8
DisplaySystem.dll	RTexture_t	load	0x30	4	ret:public class RTexture_t * __thiscall RMaterial_t::GetEnvTexture(void) const 	100715c8	FUN_100715c8
DisplaySystem.dll	RTexture_t	load	0x30	4	ret:public class RTexture_t * __thiscall RMaterial_t::GetEnvTexture(void) const 	100715c8	FUN_100715c8
DisplaySystem.dll	RTexture_t	load	0x30	4	ret:public class RTexture_t * __thiscall RMaterial_t::GetEnvTexture(void) const 	100715c8	FUN_100715c8
DisplaySystem.dll	RTexture_t	load	0x30	4	ret:public class RTexture_t * __thiscall RMaterial_t::GetEnvTexture(void) const 	100715c8	FUN_100715c8
DisplaySystem.dll	RTexture_t	load	0x30	4	ret:public class RTexture_t * __thiscall RMaterial_t::GetEnvTexture(void) const 	100715c8	FUN_100715c8
DisplaySystem.dll	RTexture_t	load	0x30	4	ret:public class RTexture_t * __thiscall RMaterial_t::GetEnvTexture(void) const 	100715c8	FUN_100715c8
DisplaySystem.dll	RTexture_t	load	0x30	4	ret:public class RTexture_t * __thiscall RMaterial_t::GetEnvTexture(void) const 	100715c8	FUN_100715c8
DisplaySystem.dll	RTexture_t	load	0x30	4	ret:public class RTexture_t * __thiscall RMaterial_t::GetEnvTexture(void) const 	100715c8	FUN_100715c8
DisplaySystem.dll	RTriMesh_t	load	0x184	4	this:public void __thiscall RTriMesh_t::CloneMeshData(void) 	100715c8	FUN_100715c8
DisplaySystem.dll	RTriMesh_t	load	0x184	4	this:public void __thiscall RTriMesh_t::CloneMeshData(void) 	100715c8	FUN_100715c8
DisplaySystem.dll	RTriMesh_t	load	0x184	4	this:public void __thiscall RTriMesh_t::CloneMeshData(void) 	100715c8	FUN_100715c8
DisplaySystem.dll	RTriMesh_t	load	0x184	4	this:public void __thiscall RTriMesh_t::CloneMeshData(void) 	100715c8	FUN_100715c8
DisplaySystem.dll	CATMesh_t	new_size	0x64	0	ctor:public __thiscall CATMesh_t::CATMesh_t(class fun::DataIO_t *,class std::vector<std::basic_string<char,std::char_traits<char>,std::allocator<char> >,std::allocator<std::basic_string<char,std::char_traits<char>,std::allocator<char> > > > const &) 	10071ae2	FUN_10071ae2
DisplaySystem.dll	CATKeyframeAnim_t	new_size	0x60	0	ctor:public __thiscall CATKeyframeAnim_t::CATKeyframeAnim_t(class CATKeyframeAnimData_t const *,unsigned int) 	100724a1	FUN_100724a1
DisplaySystem.dll	CATAnimBlend_t	new_size	0x70	0	ctor:public __thiscall CATAnimBlend_t::CATAnimBlend_t(class CATAnim_t *,class CATAnim_t *,float) 	100724a1	FUN_100724a1
DisplaySystem.dll	CATKeyframeAnimData_t	load	0x44	4	arg:public __thiscall CATKeyframeAnim_t::CATKeyframeAnim_t(class CATKeyframeAnimData_t const *,unsigned int) 	100724a1	FUN_100724a1
DisplaySystem.dll	RCATMesh_t	load	0xD0	1	this:public void __thiscall RCATMesh_t::ProcessAttractorChilds(enum RCATMesh_t::AttrUpdateMode_e,float) 	10072a23	VisualCATMesh_t::UpdateRandyAttractors
DisplaySystem.dll	RCATMesh_t	load	0x8	4	this:public bool __thiscall RCATMesh_t::IsLineIntersecting(class Vector3_t const &,class Vector3_t const &,float *,bool) const 	100736fe	VisualCATMesh_t::IsLineIntersecting
DisplaySystem.dll	RTexture_t	new_size	0xBC	0	ctor:public __thiscall RTexture_t::RTexture_t(char const *,unsigned short,unsigned short,enum RTexture_t::TextureFormat_e,bool,void *) 	10074393	FUN_10074393
DisplaySystem.dll	RTexture_t	new_size	0xBC	0	ctor:public __thiscall RTexture_t::RTexture_t(char const *,unsigned short,unsigned short,enum RTexture_t::TextureFormat_e,bool,void *) 	10074393	FUN_10074393
DisplaySystem.dll	CATKeyframeAnimData_t	new_size	0x48	0	ctor:public __thiscall CATKeyframeAnimData_t::CATKeyframeAnimData_t(class fun::DataIO_t *) 	10076352	FUN_10076352
DisplaySystem.dll	LBitmap_t	load	0x10C	4	ret:public static class LBitmap_t * __cdecl LBitmap_t::Load(class fun::PositionIO_t *,char const *,enum LBitmap_t::CreationFlags_e) 	100767dc	FUN_100767dc
DisplaySystem.dll	LBitmap_t	load_vptr?	0x0	4	ret:public static class LBitmap_t * __cdecl LBitmap_t::Load(class fun::PositionIO_t *,char const *,enum LBitmap_t::CreationFlags_e) 	100767dc	FUN_100767dc
DisplaySystem.dll	LBitmap_t	vcall	0x8	4	ret:public static class LBitmap_t * __cdecl LBitmap_t::Load(class fun::PositionIO_t *,char const *,enum LBitmap_t::CreationFlags_e) 	100767dc	FUN_100767dc
DisplaySystem.dll	TextureStreamCreator	new_size	0x40	0	ctor:public __thiscall TextureStreamCreator::TextureStreamCreator(class LBitmap_t *,char const *,int) 	1007690b	FUN_1007690b
DisplaySystem.dll	RTexture_t	new_size	0xBC	0	ctor:public __thiscall RTexture_t::RTexture_t(char const *,class TextureCreator *) 	1007690b	FUN_1007690b
DisplaySystem.dll	RMaterial_t	store	0x38	4	this:protected void __thiscall RMaterial_t::UpdateSpecular(void) 	10076bc6	FUN_10076bc6
DisplaySystem.dll	RMaterial_t	store	0x3C	4	this:protected void __thiscall RMaterial_t::UpdateSpecular(void) 	10076bc6	FUN_10076bc6
DisplaySystem.dll	RMaterial_t	store	0x40	4	this:protected void __thiscall RMaterial_t::UpdateSpecular(void) 	10076bc6	FUN_10076bc6
DisplaySystem.dll	RMaterial_t	store	0x6C	1	this:protected void __thiscall RMaterial_t::UpdateSpecular(void) 	10076bc6	FUN_10076bc6
DisplaySystem.dll	RMaterial_t	store_vptr?	0x0	4	this:protected void __thiscall RMaterial_t::UpdateSpecular(void) 	10076bc6	FUN_10076bc6
DisplaySystem.dll	RMaterial_t	store	0x4	4	this:protected void __thiscall RMaterial_t::UpdateSpecular(void) 	10076bc6	FUN_10076bc6
DisplaySystem.dll	RMaterial_t	store_vptr?	0x0	4	this:protected void __thiscall RMaterial_t::UpdateSpecular(void) 	10076bc6	FUN_10076bc6
DisplaySystem.dll	RMaterial_t	store	0x8	4	this:protected void __thiscall RMaterial_t::UpdateSpecular(void) 	10076bc6	FUN_10076bc6
DisplaySystem.dll	RMaterial_t	store	0x4	4	this:protected void __thiscall RMaterial_t::UpdateSpecular(void) 	10076bc6	FUN_10076bc6
DisplaySystem.dll	RMaterial_t	store_vptr?	0x0	4	this:protected void __thiscall RMaterial_t::UpdateSpecular(void) 	10076bc6	FUN_10076bc6
DisplaySystem.dll	RMaterial_t	store	0x8	4	this:protected void __thiscall RMaterial_t::UpdateSpecular(void) 	10076bc6	FUN_10076bc6
DisplaySystem.dll	RMaterial_t	load	0x64	4	this:protected void __thiscall RMaterial_t::UpdateSpecular(void) 	10076bc6	FUN_10076bc6
DisplaySystem.dll	RMaterial_t	store	0x60	4	this:protected void __thiscall RMaterial_t::UpdateSpecular(void) 	10076bc6	FUN_10076bc6
DisplaySystem.dll	RMaterial_t	store	0x6C	1	this:protected void __thiscall RMaterial_t::UpdateSpecular(void) 	10076bc6	FUN_10076bc6
DisplaySystem.dll	RMaterial_t	store	0x60	4	this:protected void __thiscall RMaterial_t::UpdateSpecular(void) 	10076bc6	FUN_10076bc6
DisplaySystem.dll	RMaterial_t	store	0x6C	1	this:protected void __thiscall RMaterial_t::UpdateSpecular(void) 	10076bc6	FUN_10076bc6
DisplaySystem.dll	RMaterial_t	store	0x50	4	this:protected void __thiscall RMaterial_t::UpdateSpecular(void) 	10076bc6	FUN_10076bc6
DisplaySystem.dll	RMaterial_t	store	0x54	4	this:protected void __thiscall RMaterial_t::UpdateSpecular(void) 	10076bc6	FUN_10076bc6
DisplaySystem.dll	RMaterial_t	store	0x58	4	this:protected void __thiscall RMaterial_t::UpdateSpecular(void) 	10076bc6	FUN_10076bc6
DisplaySystem.dll	RMaterial_t	store	0x6C	1	this:protected void __thiscall RMaterial_t::UpdateSpecular(void) 	10076bc6	FUN_10076bc6
DisplaySystem.dll	RMaterial_t	store	0x64	4	this:protected void __thiscall RMaterial_t::UpdateSpecular(void) 	10076bc6	FUN_10076bc6
DisplaySystem.dll	RMaterial_t	store	0x6C	1	this:protected void __thiscall RMaterial_t::UpdateSpecular(void) 	10076bc6	FUN_10076bc6
DisplaySystem.dll	RMaterial_t	store	0x64	4	this:protected void __thiscall RMaterial_t::UpdateSpecular(void) 	10076bc6	FUN_10076bc6
DisplaySystem.dll	RMaterial_t	store	0x6C	1	this:protected void __thiscall RMaterial_t::UpdateSpecular(void) 	10076bc6	FUN_10076bc6
DisplaySystem.dll	RMaterial_t	store	0x6C	1	this:protected void __thiscall RMaterial_t::UpdateSpecular(void) 	10076bc6	FUN_10076bc6
DisplaySystem.dll	RMaterial_t	store	0x6C	1	this:protected void __thiscall RMaterial_t::UpdateSpecular(void) 	10076bc6	FUN_10076bc6
DisplaySystem.dll	RMaterial_t	store	0x6C	1	this:protected void __thiscall RMaterial_t::UpdateSpecular(void) 	10076bc6	FUN_10076bc6
DisplaySystem.dll	RMaterial_t	store	0x4	4	this:protected void __thiscall RMaterial_t::UpdateSpecular(void) 	10076bc6	FUN_10076bc6
DisplaySystem.dll	RMaterial_t	store_vptr?	0x0	4	this:protected void __thiscall RMaterial_t::UpdateSpecular(void) 	10076bc6	FUN_10076bc6
DisplaySystem.dll	RMaterial_t	store	0x8	4	this:protected void __thiscall RMaterial_t::UpdateSpecular(void) 	10076bc6	FUN_10076bc6
DisplaySystem.dll	RTexture_t	load	0x30	4	ret:public class RTexture_t * __thiscall RMaterial_t::GetTexture(unsigned char) const 	10076dc5	FUN_10076dc5
DisplaySystem.dll	RTexture_t	load	0x30	4	ret:public class RTexture_t * __thiscall RMaterial_t::GetTexture(unsigned char) const 	10076dc5	FUN_10076dc5
DisplaySystem.dll	RRefFrame_t	new_size	0xA4	0	ctor:public __thiscall RRefFrame_t::RRefFrame_t(class RRefFrame_t *,class RAnimation_t *) 	10077095	RDBMesh_t::ReduceMesh
DisplaySystem.dll	RTriMesh_t	load	0x184	4	this:public void __thiscall RTriMesh_t::CloneMeshData(void) 	10077095	RDBMesh_t::ReduceMesh
DisplaySystem.dll	LBitmap_t	load	0x10C	4	ret:public static class LBitmap_t * __cdecl LBitmap_t::Load(class fun::PositionIO_t *,char const *,enum LBitmap_t::CreationFlags_e) 	1007735f	FUN_1007735f
DisplaySystem.dll	LBitmap_t	load_vptr?	0x0	4	ret:public static class LBitmap_t * __cdecl LBitmap_t::Load(class fun::PositionIO_t *,char const *,enum LBitmap_t::CreationFlags_e) 	1007735f	FUN_1007735f
DisplaySystem.dll	LBitmap_t	vcall	0x8	4	ret:public static class LBitmap_t * __cdecl LBitmap_t::Load(class fun::PositionIO_t *,char const *,enum LBitmap_t::CreationFlags_e) 	1007735f	FUN_1007735f
DisplaySystem.dll	TextureStreamCreator	new_size	0x4C	0	ctor:public __thiscall TextureStreamCreator::TextureStreamCreator(class LBitmap_t *,char const *,int) 	100774c7	FUN_100774c7
DisplaySystem.dll	TextureStreamCreator	store	0x44	4	this:public __thiscall TextureStreamCreator::TextureStreamCreator(class LBitmap_t *,char const *,int) 	100774c7	FUN_100774c7
DisplaySystem.dll	TextureStreamCreator	store_vptr?	0x0	4	this:public __thiscall TextureStreamCreator::TextureStreamCreator(class LBitmap_t *,char const *,int) 	100774c7	FUN_100774c7
DisplaySystem.dll	TextureStreamCreator	store	0x40	4	this:public __thiscall TextureStreamCreator::TextureStreamCreator(class LBitmap_t *,char const *,int) 	100774c7	FUN_100774c7
DisplaySystem.dll	TextureStreamCreator	store	0x48	1	this:public __thiscall TextureStreamCreator::TextureStreamCreator(class LBitmap_t *,char const *,int) 	100774c7	FUN_100774c7
DisplaySystem.dll	PixelFormat_t	new_size	0x34	0	ctor:public __thiscall PixelFormat_t::PixelFormat_t(struct _DDPIXELFORMAT const *) 	1007885a	FUN_1007885a
DisplaySystem.dll	RViewPort_t	new_size	0x178	0	ctor:public __thiscall RViewPort_t::RViewPort_t(unsigned int,unsigned int,unsigned int,unsigned int,class RGB_t const &) 	10079121	FUN_10079121
