module	callee	func_addr	call_addr	args
DisplaySystem.dll	RANDY31.DLL::StateBlob_c::SetTextureStageState	10079c06	10079c32	?,0x0,0x10,?
DisplaySystem.dll	RANDY31.DLL::StateBlob_c::SetTextureStageState	10079c06	10079c47	?,0x0,0x11,?
DisplaySystem.dll	RANDY31.DLL::StateBlob_c::SetTextureStageState	10079c06	10079c5f	?,0x0,0xc,?
DisplaySystem.dll	RANDY31.DLL::StateBlob_c::SetRenderState	10079c06	10079c6d	?,0xf,0x0
DisplaySystem.dll	RANDY31.DLL::StateBlob_c::SetRenderState	10079c06	10079c79	?,0x89,0x0
DisplaySystem.dll	RANDY31.DLL::StateBlob_c::SetRenderState	10079c06	10079c81	?,0x1b,0x1
DisplaySystem.dll	RANDY31.DLL::StateBlob_c::SetRenderState	10079c06	10079c8b	?,0x88,0x0
DisplaySystem.dll	RANDY31.DLL::StateBlob_c::SetRenderState	10079c06	10079c92	?,0x1c,0x0
DisplaySystem.dll	RANDY31.DLL::StateBlob_c::SetRenderState	10079c06	10079c9a	?,0x17,0x8
DisplaySystem.dll	RANDY31.DLL::RDeltaState::SetRenderState	10022256	100222bd	?,0x88,0x1
DisplaySystem.dll	RANDY31.DLL::RDeltaState::SetRenderState	10022256	100222cc	?,0x89,0x0
DisplaySystem.dll	RANDY31.DLL::RDeltaState::SetRenderState	10022256	100222d8	?,0xe,0x0
DisplaySystem.dll	RANDY31.DLL::RDeltaState::SetRenderState	10022256	100222e6	?,0x8d,0x1
DisplaySystem.dll	RANDY31.DLL::RDeltaState::SetRenderState	10022256	100222f1	?,0x16,0x1
DisplaySystem.dll	RANDY31.DLL::RDeltaState::SetTextureStageState	10022256	1002230d	?,0x0,0x1,0x4
DisplaySystem.dll	RANDY31.DLL::RDeltaState::SetTextureStageState	10022256	1002231b	?,0x0,0x2,0x2
DisplaySystem.dll	RANDY31.DLL::RDeltaState::SetTextureStageState	10022256	10022329	?,0x0,0x3,0x0
DisplaySystem.dll	RANDY31.DLL::RDeltaState::SetTextureStageState	10022256	10022337	?,0x0,0x4,0x4
DisplaySystem.dll	RANDY31.DLL::RDeltaState::SetTextureStageState	10022256	10022345	?,0x0,0x5,0x2
DisplaySystem.dll	RANDY31.DLL::RDeltaState::SetTextureStageState	10022256	10022357	?,0x0,0x1,0x2
DisplaySystem.dll	RANDY31.DLL::RDeltaState::SetTextureStageState	10022256	10022365	?,0x0,0x2,0x0
DisplaySystem.dll	RANDY31.DLL::RDeltaState::SetTextureStageState	10022256	10022373	?,0x0,0x4,0x2
DisplaySystem.dll	RANDY31.DLL::RDeltaState::SetTextureStageState	10022256	10022381	?,0x0,?,0x0
DisplaySystem.dll	RANDY31.DLL::RDeltaState::SetRenderState	10022256	10022396	?,0x1b,0x1
DisplaySystem.dll	RANDY31.DLL::RDeltaState::SetRenderState	10022256	100223a2	?,0x13,0x5
DisplaySystem.dll	RANDY31.DLL::RDeltaState::SetRenderState	10022256	100223a8	?,0x1b,0x1
DisplaySystem.dll	RANDY31.DLL::RDeltaState::SetRenderState	10022256	100223b4	?,0x13,0x5
DisplaySystem.dll	RANDY31.DLL::RDeltaState::SetRenderState	10022256	100223c0	?,0x14,?
DisplaySystem.dll	RANDY31.DLL::RDeltaState::SetTextureStageState	10022256	100223d7	?,0x0,0x10,0x1
DisplaySystem.dll	RANDY31.DLL::RDeltaState::SetTextureStageState	10022256	100223e4	?,0x0,0x12,0x1
DisplaySystem.dll	RANDY31.DLL::RDeltaState::SetTextureStageState	10022256	100223f1	?,0x0,0x11,0x1
DisplaySystem.dll	RANDY31.DLL::RDeltaState::SetRenderState	10024bc0	10024c70	?,0x88,0x1
DisplaySystem.dll	RANDY31.DLL::RDeltaState::SetRenderState	10024bc0	10024c7f	?,0x89,0x0
DisplaySystem.dll	RANDY31.DLL::RDeltaState::SetRenderState	10024bc0	10024c8b	?,0xe,0x0
DisplaySystem.dll	RANDY31.DLL::RDeltaState::SetRenderState	10024bc0	10024c99	?,0x8d,0x1
DisplaySystem.dll	RANDY31.DLL::RDeltaState::SetRenderState	10024bc0	10024ca4	?,0x16,0x1
DisplaySystem.dll	RANDY31.DLL::RDeltaState::SetRenderState	10024bc0	10024cb2	?,0x94,0x1
DisplaySystem.dll	RANDY31.DLL::RDeltaState::SetTextureStageState	10024bc0	10024cce	?,0x0,0x1,0x4
DisplaySystem.dll	RANDY31.DLL::RDeltaState::SetTextureStageState	10024bc0	10024cdc	?,0x0,0x2,0x2
DisplaySystem.dll	RANDY31.DLL::RDeltaState::SetTextureStageState	10024bc0	10024cea	?,0x0,0x3,0x0
DisplaySystem.dll	RANDY31.DLL::RDeltaState::SetTextureStageState	10024bc0	10024cf8	?,0x0,0x4,0x4
DisplaySystem.dll	RANDY31.DLL::RDeltaState::SetTextureStageState	10024bc0	10024d06	?,0x0,0x5,0x2
DisplaySystem.dll	RANDY31.DLL::RDeltaState::SetTextureStageState	10024bc0	10024d18	?,0x0,0x1,0x2
DisplaySystem.dll	RANDY31.DLL::RDeltaState::SetTextureStageState	10024bc0	10024d26	?,0x0,0x2,0x0
DisplaySystem.dll	RANDY31.DLL::RDeltaState::SetTextureStageState	10024bc0	10024d34	?,0x0,0x4,0x2
DisplaySystem.dll	RANDY31.DLL::RDeltaState::SetTextureStageState	10024bc0	10024d42	?,0x0,?,0x0
DisplaySystem.dll	RANDY31.DLL::RDeltaState::SetRenderState	10024bc0	10024d57	?,0x1b,0x1
DisplaySystem.dll	RANDY31.DLL::RDeltaState::SetRenderState	10024bc0	10024d63	?,0x13,0x5
DisplaySystem.dll	RANDY31.DLL::RDeltaState::SetRenderState	10024bc0	10024d69	?,0x1b,0x1
DisplaySystem.dll	RANDY31.DLL::RDeltaState::SetRenderState	10024bc0	10024d75	?,0x13,0x5
DisplaySystem.dll	RANDY31.DLL::RDeltaState::SetRenderState	10024bc0	10024d81	?,0x14,?
DisplaySystem.dll	RANDY31.DLL::RDeltaState::SetTextureStageState	10024bc0	10024d98	?,0x0,0x10,0x1
DisplaySystem.dll	RANDY31.DLL::RDeltaState::SetTextureStageState	10024bc0	10024da5	?,0x0,0x12,0x1
DisplaySystem.dll	RANDY31.DLL::RDeltaState::SetTextureStageState	10024bc0	10024db2	?,0x0,0x11,0x1
DisplaySystem.dll	RANDY31.DLL::RDeltaState::SetRenderState	10010d70	10010e0a	?,0x88,0x1
DisplaySystem.dll	RANDY31.DLL::RDeltaState::SetRenderState	10010d70	10010e18	?,0x89,0x0
DisplaySystem.dll	RANDY31.DLL::RDeltaState::SetRenderState	10010d70	10010e23	?,0xe,0x0
DisplaySystem.dll	RANDY31.DLL::RDeltaState::SetRenderState	10010d70	10010e32	?,0x8d,0x1
DisplaySystem.dll	RANDY31.DLL::RDeltaState::SetRenderState	10010d70	10010e3e	?,0x16,0x1
DisplaySystem.dll	RANDY31.DLL::RDeltaState::SetRenderState	10010d70	10010e4d	?,0x94,0x1
DisplaySystem.dll	RANDY31.DLL::RDeltaState::SetTextureStageState	10010d70	10010e68	?,0x0,0x1,0x4
DisplaySystem.dll	RANDY31.DLL::RDeltaState::SetTextureStageState	10010d70	10010e76	?,0x0,0x2,0x2
DisplaySystem.dll	RANDY31.DLL::RDeltaState::SetTextureStageState	10010d70	10010e84	?,0x0,0x3,0x0
DisplaySystem.dll	RANDY31.DLL::RDeltaState::SetTextureStageState	10010d70	10010e92	?,0x0,0x4,0x4
DisplaySystem.dll	RANDY31.DLL::RDeltaState::SetTextureStageState	10010d70	10010ea0	?,0x0,0x5,0x2
DisplaySystem.dll	RANDY31.DLL::RDeltaState::SetTextureStageState	10010d70	10010eae	?,0x0,0x6,0x0
DisplaySystem.dll	RANDY31.DLL::RDeltaState::SetTextureStageState	10010d70	10010ecc	?,0x0,0x1,0x2
DisplaySystem.dll	RANDY31.DLL::RDeltaState::SetTextureStageState	10010d70	10010eda	?,0x0,0x2,0x0
DisplaySystem.dll	RANDY31.DLL::RDeltaState::SetTextureStageState	10010d70	10010ee8	?,0x0,0x4,0x2
DisplaySystem.dll	RANDY31.DLL::RDeltaState::SetTextureStageState	10010d70	10010ef6	?,0x0,0x5,0x0
DisplaySystem.dll	RANDY31.DLL::RDeltaState::SetRenderState	10010d70	10010f02	?,0x1b,0x1
DisplaySystem.dll	RANDY31.DLL::RDeltaState::SetRenderState	10010d70	10010f0e	?,0x13,0x5
DisplaySystem.dll	RANDY31.DLL::RDeltaState::SetRenderState	10010d70	10010f2a	?,0x14,?
DisplaySystem.dll	RANDY31.DLL::RDeltaState::SetRenderState	1006e133	1006e2ef	?,0x91,0x0
DisplaySystem.dll	RANDY31.DLL::RDeltaState::SetRenderState	1006e133	1006e2fd	?,0x92,0x0
DisplaySystem.dll	RANDY31.DLL::RDeltaState::SetRenderState	1006e133	1006e30b	?,0x93,0x0
DisplaySystem.dll	RANDY31.DLL::RDeltaState::SetRenderState	1006e133	1006e31a	?,0x94,0x1
DisplaySystem.dll	RANDY31.DLL::RDeltaState::SetRenderState	1006e133	1006e325	?,0x1d,0x0
DisplaySystem.dll	RANDY31.DLL::RDeltaState::SetRenderState	1006e133	1006e330	?,0x1b,0x0
DisplaySystem.dll	RANDY31.DLL::RDeltaState::SetRenderState	1000b1e2	1000b247	?,0x88,0x1
DisplaySystem.dll	RANDY31.DLL::RDeltaState::SetRenderState	1000b1e2	1000b255	?,0x89,0x0
DisplaySystem.dll	RANDY31.DLL::RDeltaState::SetRenderState	1000b1e2	1000b260	?,0xe,0x0
DisplaySystem.dll	RANDY31.DLL::RDeltaState::SetRenderState	1000b1e2	1000b26b	?,0x1c,0x0
DisplaySystem.dll	RANDY31.DLL::RDeltaState::SetRenderState	1000b1e2	1000b27a	?,0x8d,0x1
DisplaySystem.dll	RANDY31.DLL::RDeltaState::SetRenderState	1000b1e2	1000b286	?,0x16,0x1
DisplaySystem.dll	RANDY31.DLL::RDeltaState::SetTextureStageState	1000b1e2	1000b2c0	?,0x0,0x1,?
DisplaySystem.dll	RANDY31.DLL::RDeltaState::SetTextureStageState	1000b1e2	1000b2ce	?,0x0,0x2,0x2
DisplaySystem.dll	RANDY31.DLL::RDeltaState::SetTextureStageState	1000b1e2	1000b2dc	?,0x0,0x3,0x0
DisplaySystem.dll	RANDY31.DLL::RDeltaState::SetTextureStageState	1000b1e2	1000b2eb	?,0x0,0x4,?
DisplaySystem.dll	RANDY31.DLL::RDeltaState::SetTextureStageState	1000b1e2	1000b2f9	?,0x0,0x5,0x2
DisplaySystem.dll	RANDY31.DLL::RDeltaState::SetTextureStageState	1000b1e2	1000b307	?,0x0,0x6,0x0
DisplaySystem.dll	RANDY31.DLL::RDeltaState::SetTextureStageState	1000b1e2	1000b315	?,0x0,0xc,0x3
DisplaySystem.dll	RANDY31.DLL::RDeltaState::SetTextureStageState	1000b1e2	1000b323	?,0x0,0xd,0x3
DisplaySystem.dll	RANDY31.DLL::RDeltaState::SetTextureStageState	1000b1e2	1000b33c	?,0x0,0x1,0x2
DisplaySystem.dll	RANDY31.DLL::RDeltaState::SetTextureStageState	1000b1e2	1000b34a	?,0x0,0x2,0x0
DisplaySystem.dll	RANDY31.DLL::RDeltaState::SetTextureStageState	1000b1e2	1000b358	?,0x0,0x4,0x2
DisplaySystem.dll	RANDY31.DLL::RDeltaState::SetTextureStageState	1000b1e2	1000b366	0x0,?,?
DisplaySystem.dll	RANDY31.DLL::RDeltaState::SetRenderState	1000b1e2	1000b37b	?,0x1b,0x1
DisplaySystem.dll	RANDY31.DLL::RDeltaState::SetRenderState	1000b1e2	1000b387	?,0x13,0x5
DisplaySystem.dll	RANDY31.DLL::RDeltaState::SetRenderState	1000b1e2	1000b38d	?,0x1b,0x1
DisplaySystem.dll	RANDY31.DLL::RDeltaState::SetRenderState	1000b1e2	1000b399	?,0x13,0x5
DisplaySystem.dll	RANDY31.DLL::RDeltaState::SetRenderState	1000b1e2	1000b3a5	?,0x14,?
DisplaySystem.dll	RANDY31.DLL::RDeltaState::SetTextureStageState	1000b1e2	1000b3bc	0x0,0x10,0x1
DisplaySystem.dll	RANDY31.DLL::RDeltaState::SetTextureStageState	1000b1e2	1000b3c9	0x0,0x12,0x1
DisplaySystem.dll	RANDY31.DLL::RDeltaState::SetTextureStageState	1000b1e2	1000b3d6	0x0,0x11,0x1
DisplaySystem.dll	RANDY31.DLL::RDeltaState::SetRenderState	1000ce3b	1000cf18	?,0x88,0x1
DisplaySystem.dll	RANDY31.DLL::RDeltaState::SetRenderState	1000ce3b	1000cf27	?,0x89,0x0
DisplaySystem.dll	RANDY31.DLL::RDeltaState::SetRenderState	1000ce3b	1000cf33	?,0xe,0x0
DisplaySystem.dll	RANDY31.DLL::RDeltaState::SetRenderState	1000ce3b	1000cf41	?,0x8d,0x1
DisplaySystem.dll	RANDY31.DLL::RDeltaState::SetRenderState	1000ce3b	1000cf4c	?,0x16,0x1
DisplaySystem.dll	RANDY31.DLL::RDeltaState::SetRenderState	1000ce3b	1000cf5a	?,0x94,0x1
DisplaySystem.dll	RANDY31.DLL::RDeltaState::SetTextureStageState	1000ce3b	1000cf76	?,0x0,0x1,0x4
DisplaySystem.dll	RANDY31.DLL::RDeltaState::SetTextureStageState	1000ce3b	1000cf84	?,0x0,0x2,0x2
DisplaySystem.dll	RANDY31.DLL::RDeltaState::SetTextureStageState	1000ce3b	1000cf92	?,0x0,0x3,0x0
DisplaySystem.dll	RANDY31.DLL::RDeltaState::SetTextureStageState	1000ce3b	1000cfa0	?,0x0,0x4,0x2
DisplaySystem.dll	RANDY31.DLL::RDeltaState::SetTextureStageState	1000ce3b	1000cfb0	?,0x0,0x1,0x2
DisplaySystem.dll	RANDY31.DLL::RDeltaState::SetTextureStageState	1000ce3b	1000cfbe	?,0x0,0x2,0x0
DisplaySystem.dll	RANDY31.DLL::RDeltaState::SetTextureStageState	1000ce3b	1000cfcc	?,0x0,0x4,0x2
DisplaySystem.dll	RANDY31.DLL::RDeltaState::SetTextureStageState	1000ce3b	1000cfda	?,0x0,0x5,?
DisplaySystem.dll	RANDY31.DLL::RDeltaState::SetRenderState	1000ce3b	1000cfef	?,0x1b,0x1
DisplaySystem.dll	RANDY31.DLL::RDeltaState::SetRenderState	1000ce3b	1000cffb	?,0x13,0x5
DisplaySystem.dll	RANDY31.DLL::RDeltaState::SetRenderState	1000ce3b	1000d001	?,0x1b,0x1
DisplaySystem.dll	RANDY31.DLL::RDeltaState::SetRenderState	1000ce3b	1000d00d	?,0x13,0x1
DisplaySystem.dll	RANDY31.DLL::RDeltaState::SetRenderState	1000ce3b	1000d019	?,0x14,?
DisplaySystem.dll	RANDY31.DLL::RDeltaState::SetTextureStageState	1000ce3b	1000d030	?,0x0,0x10,0x1
DisplaySystem.dll	RANDY31.DLL::RDeltaState::SetTextureStageState	1000ce3b	1000d03d	?,0x0,0x12,0x1
DisplaySystem.dll	RANDY31.DLL::RDeltaState::SetTextureStageState	1000ce3b	1000d04a	?,0x0,0x11,0x1
DisplaySystem.dll	RANDY31.DLL::RDeltaState::SetRenderState	1001209b	10012100	?,0x88,0x1
DisplaySystem.dll	RANDY31.DLL::RDeltaState::SetRenderState	1001209b	1001210e	?,0x89,0x0
DisplaySystem.dll	RANDY31.DLL::RDeltaState::SetRenderState	1001209b	10012119	?,0xe,0x0
DisplaySystem.dll	RANDY31.DLL::RDeltaState::SetRenderState	1001209b	10012124	?,0x1c,0x0
DisplaySystem.dll	RANDY31.DLL::RDeltaState::SetRenderState	1001209b	10012133	?,0x8d,0x1
DisplaySystem.dll	RANDY31.DLL::RDeltaState::SetRenderState	1001209b	1001213f	?,0x16,0x1
DisplaySystem.dll	RANDY31.DLL::RDeltaState::SetTextureStageState	1001209b	1001215a	?,0x0,0x1,0x4
DisplaySystem.dll	RANDY31.DLL::RDeltaState::SetTextureStageState	1001209b	10012168	?,0x0,0x2,0x2
DisplaySystem.dll	RANDY31.DLL::RDeltaState::SetTextureStageState	1001209b	10012176	?,0x0,0x3,0x0
DisplaySystem.dll	RANDY31.DLL::RDeltaState::SetTextureStageState	1001209b	10012184	?,0x0,0x4,0x4
DisplaySystem.dll	RANDY31.DLL::RDeltaState::SetTextureStageState	1001209b	10012192	?,0x0,0x5,0x2
DisplaySystem.dll	RANDY31.DLL::RDeltaState::SetTextureStageState	1001209b	100121a5	?,0x0,0x1,0x2
DisplaySystem.dll	RANDY31.DLL::RDeltaState::SetTextureStageState	1001209b	100121b3	?,0x0,0x2,0x0
DisplaySystem.dll	RANDY31.DLL::RDeltaState::SetTextureStageState	1001209b	100121c1	?,0x0,0x4,0x2
DisplaySystem.dll	RANDY31.DLL::RDeltaState::SetTextureStageState	1001209b	100121cf	?,0x0,?,0x0
DisplaySystem.dll	RANDY31.DLL::RDeltaState::SetRenderState	1001209b	100121e4	?,0x1b,0x1
DisplaySystem.dll	RANDY31.DLL::RDeltaState::SetRenderState	1001209b	100121f0	?,0x13,0x5
DisplaySystem.dll	RANDY31.DLL::RDeltaState::SetRenderState	1001209b	10012205	?,0x1b,0x1
DisplaySystem.dll	RANDY31.DLL::RDeltaState::SetRenderState	1001209b	10012211	?,0x13,0x5
DisplaySystem.dll	RANDY31.DLL::RDeltaState::SetRenderState	1001209b	1001221d	?,0x14,?
DisplaySystem.dll	RANDY31.DLL::RDeltaState::SetTextureStageState	1001209b	10012234	?,0x0,0x10,0x1
DisplaySystem.dll	RANDY31.DLL::RDeltaState::SetTextureStageState	1001209b	10012241	?,0x0,0x12,0x1
DisplaySystem.dll	RANDY31.DLL::RDeltaState::SetTextureStageState	1001209b	1001224e	?,0x0,0x11,0x1
DisplaySystem.dll	RANDY31.DLL::RDeltaState::SetRenderState	100228ef	10022954	?,0x88,0x1
DisplaySystem.dll	RANDY31.DLL::RDeltaState::SetRenderState	100228ef	10022962	?,0x89,0x0
DisplaySystem.dll	RANDY31.DLL::RDeltaState::SetRenderState	100228ef	1002296d	?,0xe,0x0
DisplaySystem.dll	RANDY31.DLL::RDeltaState::SetRenderState	100228ef	1002297c	?,0x8d,0x1
DisplaySystem.dll	RANDY31.DLL::RDeltaState::SetRenderState	100228ef	10022988	?,0x16,0x1
DisplaySystem.dll	RANDY31.DLL::RDeltaState::SetTextureStageState	100228ef	100229a3	?,0x0,0x1,0x4
DisplaySystem.dll	RANDY31.DLL::RDeltaState::SetTextureStageState	100228ef	100229b1	?,0x0,0x2,0x2
DisplaySystem.dll	RANDY31.DLL::RDeltaState::SetTextureStageState	100228ef	100229bf	?,0x0,0x3,0x0
DisplaySystem.dll	RANDY31.DLL::RDeltaState::SetTextureStageState	100228ef	100229cd	?,0x0,0x4,0x4
DisplaySystem.dll	RANDY31.DLL::RDeltaState::SetTextureStageState	100228ef	100229db	?,0x0,0x5,0x2
DisplaySystem.dll	RANDY31.DLL::RDeltaState::SetTextureStageState	100228ef	100229ee	?,0x0,0x1,0x2
DisplaySystem.dll	RANDY31.DLL::RDeltaState::SetTextureStageState	100228ef	100229fc	?,0x0,0x2,0x0
DisplaySystem.dll	RANDY31.DLL::RDeltaState::SetTextureStageState	100228ef	10022a0a	?,0x0,0x4,0x2
DisplaySystem.dll	RANDY31.DLL::RDeltaState::SetTextureStageState	100228ef	10022a18	?,0x0,?,0x0
DisplaySystem.dll	RANDY31.DLL::RDeltaState::SetRenderState	100228ef	10022a2d	?,0x1b,0x1
DisplaySystem.dll	RANDY31.DLL::RDeltaState::SetRenderState	100228ef	10022a39	?,0x13,0x5
DisplaySystem.dll	RANDY31.DLL::RDeltaState::SetRenderState	100228ef	10022a3f	?,0x1b,0x1
DisplaySystem.dll	RANDY31.DLL::RDeltaState::SetRenderState	100228ef	10022a4b	?,0x13,0x5
DisplaySystem.dll	RANDY31.DLL::RDeltaState::SetRenderState	100228ef	10022a57	?,0x14,?
DisplaySystem.dll	RANDY31.DLL::RDeltaState::SetTextureStageState	100228ef	10022a6e	?,0x0,0x10,0x1
DisplaySystem.dll	RANDY31.DLL::RDeltaState::SetTextureStageState	100228ef	10022a7b	?,0x0,0x12,0x1
DisplaySystem.dll	RANDY31.DLL::RDeltaState::SetTextureStageState	100228ef	10022a88	?,0x0,0x11,0x1
DisplaySystem.dll	RANDY31.DLL::StateBlob_c::SetRenderState	100532b8	10053549	?,0x89,0x1
DisplaySystem.dll	RANDY31.DLL::StateBlob_c::SetRenderState	100532b8	10053551	?,0x1b,0x1
DisplaySystem.dll	RANDY31.DLL::StateBlob_c::SetRenderState	100532b8	10053559	?,0xe,0x0
DisplaySystem.dll	RANDY31.DLL::StateBlob_c::SetRenderState	100532b8	10053564	?,0x8f,0x1
DisplaySystem.dll	RANDY31.DLL::StateBlob_c::SetRenderState	100532b8	10053574	?,0x89,0x0
DisplaySystem.dll	RANDY31.DLL::StateBlob_c::SetRenderState	100532b8	1005357c	?,0x1b,0x1
DisplaySystem.dll	RANDY31.DLL::StateBlob_c::SetRenderState	100532b8	10053584	?,0xe,0x0
DisplaySystem.dll	RANDY31.DLL::RDeltaState::SetRenderState	10017051	100170b8	?,0x88,0x1
DisplaySystem.dll	RANDY31.DLL::RDeltaState::SetRenderState	10017051	100170c7	?,0x89,0x0
DisplaySystem.dll	RANDY31.DLL::RDeltaState::SetRenderState	10017051	100170d3	?,0xe,0x0
DisplaySystem.dll	RANDY31.DLL::RDeltaState::SetRenderState	10017051	100170e1	?,0x8d,0x1
DisplaySystem.dll	RANDY31.DLL::RDeltaState::SetRenderState	10017051	100170ec	?,0x16,0x1
DisplaySystem.dll	RANDY31.DLL::RDeltaState::SetRenderState	10017051	100170fa	?,0x94,0x1
DisplaySystem.dll	RANDY31.DLL::RDeltaState::SetTextureStageState	10017051	10017116	?,0x0,0x1,0x4
DisplaySystem.dll	RANDY31.DLL::RDeltaState::SetTextureStageState	10017051	10017124	?,0x0,0x2,0x2
DisplaySystem.dll	RANDY31.DLL::RDeltaState::SetTextureStageState	10017051	10017132	?,0x0,0x3,0x0
DisplaySystem.dll	RANDY31.DLL::RDeltaState::SetTextureStageState	10017051	10017140	?,0x0,0x4,0x4
DisplaySystem.dll	RANDY31.DLL::RDeltaState::SetTextureStageState	10017051	1001714e	?,0x0,0x5,0x2
DisplaySystem.dll	RANDY31.DLL::RDeltaState::SetTextureStageState	10017051	10017160	?,0x0,0x1,0x2
DisplaySystem.dll	RANDY31.DLL::RDeltaState::SetTextureStageState	10017051	1001716e	?,0x0,0x2,0x0
DisplaySystem.dll	RANDY31.DLL::RDeltaState::SetTextureStageState	10017051	1001717c	?,0x0,0x4,0x2
DisplaySystem.dll	RANDY31.DLL::RDeltaState::SetTextureStageState	10017051	1001718a	?,0x0,?,0x0
DisplaySystem.dll	RANDY31.DLL::RDeltaState::SetRenderState	10017051	1001719f	?,0x1b,0x1
DisplaySystem.dll	RANDY31.DLL::RDeltaState::SetRenderState	10017051	100171ab	?,0x13,0x5
DisplaySystem.dll	RANDY31.DLL::RDeltaState::SetRenderState	10017051	100171c4	?,0x1b,0x1
DisplaySystem.dll	RANDY31.DLL::RDeltaState::SetRenderState	10017051	100171d0	?,0x13,0x1
DisplaySystem.dll	RANDY31.DLL::RDeltaState::SetRenderState	10017051	100171dc	?,0x14,?
DisplaySystem.dll	RANDY31.DLL::RDeltaState::SetTextureStageState	10017051	100171f3	?,0x0,0x10,0x1
DisplaySystem.dll	RANDY31.DLL::RDeltaState::SetTextureStageState	10017051	10017200	?,0x0,0x12,0x1
DisplaySystem.dll	RANDY31.DLL::RDeltaState::SetTextureStageState	10017051	1001720d	?,0x0,0x11,0x1
DisplaySystem.dll	RANDY31.DLL::RDeltaState::SetRenderState	1002d4b3	1002d546	?,0x88,0x1
DisplaySystem.dll	RANDY31.DLL::RDeltaState::SetRenderState	1002d4b3	1002d555	?,0x89,0x0
DisplaySystem.dll	RANDY31.DLL::RDeltaState::SetRenderState	1002d4b3	1002d561	?,0xe,0x0
DisplaySystem.dll	RANDY31.DLL::RDeltaState::SetRenderState	1002d4b3	1002d56f	?,0x8d,0x1
DisplaySystem.dll	RANDY31.DLL::RDeltaState::SetRenderState	1002d4b3	1002d57a	?,0x16,0x1
DisplaySystem.dll	RANDY31.DLL::RDeltaState::SetRenderState	1002d4b3	1002d588	?,0x94,0x1
DisplaySystem.dll	RANDY31.DLL::RDeltaState::SetTextureStageState	1002d4b3	1002d5a4	?,0x0,0x1,0x6
DisplaySystem.dll	RANDY31.DLL::RDeltaState::SetTextureStageState	1002d4b3	1002d5b2	?,0x0,0x2,0x2
DisplaySystem.dll	RANDY31.DLL::RDeltaState::SetTextureStageState	1002d4b3	1002d5c0	?,0x0,0x3,0x0
DisplaySystem.dll	RANDY31.DLL::RDeltaState::SetTextureStageState	1002d4b3	1002d5ce	?,0x0,0x4,0x2
DisplaySystem.dll	RANDY31.DLL::RDeltaState::SetTextureStageState	1002d4b3	1002d5de	?,0x0,0x1,0x2
DisplaySystem.dll	RANDY31.DLL::RDeltaState::SetTextureStageState	1002d4b3	1002d5ec	?,0x0,0x2,0x0
DisplaySystem.dll	RANDY31.DLL::RDeltaState::SetTextureStageState	1002d4b3	1002d5fa	?,0x0,0x4,0x2
DisplaySystem.dll	RANDY31.DLL::RDeltaState::SetTextureStageState	1002d4b3	1002d608	?,0x0,0x5,?
DisplaySystem.dll	RANDY31.DLL::RDeltaState::SetRenderState	1002d4b3	1002d61d	?,0x1b,0x1
DisplaySystem.dll	RANDY31.DLL::RDeltaState::SetRenderState	1002d4b3	1002d629	?,0x13,0x5
DisplaySystem.dll	RANDY31.DLL::RDeltaState::SetRenderState	1002d4b3	1002d62f	?,0x1b,0x1
DisplaySystem.dll	RANDY31.DLL::RDeltaState::SetRenderState	1002d4b3	1002d63b	?,0x13,0x1
DisplaySystem.dll	RANDY31.DLL::RDeltaState::SetRenderState	1002d4b3	1002d647	?,0x14,?
DisplaySystem.dll	RANDY31.DLL::RDeltaState::SetTextureStageState	1002d4b3	1002d65e	?,0x0,0x10,0x1
DisplaySystem.dll	RANDY31.DLL::RDeltaState::SetTextureStageState	1002d4b3	1002d66b	?,0x0,0x12,0x1
DisplaySystem.dll	RANDY31.DLL::RDeltaState::SetTextureStageState	1002d4b3	1002d678	?,0x0,0x11,0x1
DisplaySystem.dll	RANDY31.DLL::RDeltaState::SetRenderState	100089f4	10008a5b	?,0x88,0x1
DisplaySystem.dll	RANDY31.DLL::RDeltaState::SetRenderState	100089f4	10008a6a	?,0x89,0x0
DisplaySystem.dll	RANDY31.DLL::RDeltaState::SetRenderState	100089f4	10008a76	?,0xe,0x0
DisplaySystem.dll	RANDY31.DLL::RDeltaState::SetRenderState	100089f4	10008a82	?,0x1c,0x0
DisplaySystem.dll	RANDY31.DLL::RDeltaState::SetRenderState	100089f4	10008a90	?,0x8d,0x1
DisplaySystem.dll	RANDY31.DLL::RDeltaState::SetRenderState	100089f4	10008a9b	?,0x16,0x1
DisplaySystem.dll	RANDY31.DLL::RDeltaState::SetRenderState	100089f4	10008aa9	?,0x94,0x1
DisplaySystem.dll	RANDY31.DLL::RDeltaState::SetTextureStageState	100089f4	10008ac5	?,0x0,0x1,0x4
DisplaySystem.dll	RANDY31.DLL::RDeltaState::SetTextureStageState	100089f4	10008ad3	?,0x0,0x2,0x2
DisplaySystem.dll	RANDY31.DLL::RDeltaState::SetTextureStageState	100089f4	10008ae1	?,0x0,0x3,0x0
DisplaySystem.dll	RANDY31.DLL::RDeltaState::SetTextureStageState	100089f4	10008aef	?,0x0,0x4,0x4
DisplaySystem.dll	RANDY31.DLL::RDeltaState::SetTextureStageState	100089f4	10008afd	?,0x0,0x5,0x2
DisplaySystem.dll	RANDY31.DLL::RDeltaState::SetTextureStageState	100089f4	10008b0f	?,0x0,0x1,0x2
DisplaySystem.dll	RANDY31.DLL::RDeltaState::SetTextureStageState	100089f4	10008b1d	?,0x0,0x2,0x0
DisplaySystem.dll	RANDY31.DLL::RDeltaState::SetTextureStageState	100089f4	10008b2b	?,0x0,0x4,0x2
DisplaySystem.dll	RANDY31.DLL::RDeltaState::SetTextureStageState	100089f4	10008b39	?,0x0,?,0x0
DisplaySystem.dll	RANDY31.DLL::RDeltaState::SetRenderState	100089f4	10008b4e	?,0x1b,0x1
DisplaySystem.dll	RANDY31.DLL::RDeltaState::SetRenderState	100089f4	10008b5a	?,0x13,0x5
DisplaySystem.dll	RANDY31.DLL::RDeltaState::SetRenderState	100089f4	10008b6f	?,0x1b,0x1
DisplaySystem.dll	RANDY31.DLL::RDeltaState::SetRenderState	100089f4	10008b7b	?,0x13,0x5
DisplaySystem.dll	RANDY31.DLL::RDeltaState::SetRenderState	100089f4	10008b87	?,0x14,?
DisplaySystem.dll	RANDY31.DLL::RDeltaState::SetTextureStageState	100089f4	10008b9e	?,0x0,0x10,0x1
DisplaySystem.dll	RANDY31.DLL::RDeltaState::SetTextureStageState	100089f4	10008bab	?,0x0,0x12,0x1
DisplaySystem.dll	RANDY31.DLL::RDeltaState::SetTextureStageState	100089f4	10008bb8	?,0x0,0x11,0x1
DisplaySystem.dll	RANDY31.DLL::RDeltaState::SetRenderState	10016961	100169c6	?,0x88,0x1
DisplaySystem.dll	RANDY31.DLL::RDeltaState::SetRenderState	10016961	100169d4	?,0x89,0x0
DisplaySystem.dll	RANDY31.DLL::RDeltaState::SetRenderState	10016961	100169df	?,0xe,0x0
DisplaySystem.dll	RANDY31.DLL::RDeltaState::SetRenderState	10016961	100169ee	?,0x8d,0x1
DisplaySystem.dll	RANDY31.DLL::RDeltaState::SetRenderState	10016961	100169fa	?,0x16,0x3
DisplaySystem.dll	RANDY31.DLL::RDeltaState::SetTextureStageState	10016961	10016a19	?,0x0,0x1,0x4
DisplaySystem.dll	RANDY31.DLL::RDeltaState::SetTextureStageState	10016961	10016a27	?,0x0,0x2,0x2
DisplaySystem.dll	RANDY31.DLL::RDeltaState::SetTextureStageState	10016961	10016a35	?,0x0,0x3,0x0
DisplaySystem.dll	RANDY31.DLL::RDeltaState::SetTextureStageState	10016961	10016a43	?,0x0,0x4,0x4
DisplaySystem.dll	RANDY31.DLL::RDeltaState::SetTextureStageState	10016961	10016a51	?,0x0,0x5,0x2
DisplaySystem.dll	RANDY31.DLL::RDeltaState::SetTextureStageState	10016961	10016a5f	?,0x0,0x6,0x0
DisplaySystem.dll	RANDY31.DLL::RDeltaState::SetTextureStageState	10016961	10016a6d	?,0x1,0x1,0x2
DisplaySystem.dll	RANDY31.DLL::RDeltaState::SetTextureStageState	10016961	10016a7b	?,0x1,0x2,0x1
DisplaySystem.dll	RANDY31.DLL::RDeltaState::SetTextureStageState	10016961	10016a89	?,0x1,0x4,0x4
DisplaySystem.dll	RANDY31.DLL::RDeltaState::SetTextureStageState	10016961	10016a97	?,0x1,0x5,0x1
DisplaySystem.dll	RANDY31.DLL::RDeltaState::SetTextureStageState	10016961	10016aac	?,0x0,0x1,0x2
DisplaySystem.dll	RANDY31.DLL::RDeltaState::SetTextureStageState	10016961	10016aba	?,0x0,0x2,0x0
DisplaySystem.dll	RANDY31.DLL::RDeltaState::SetTextureStageState	10016961	10016ac8	?,0x0,0x4,0x2
DisplaySystem.dll	RANDY31.DLL::RDeltaState::SetTextureStageState	10016961	10016ad6	?,?,?,?
DisplaySystem.dll	RANDY31.DLL::RDeltaState::SetRenderState	10016961	10016aeb	?,0x1b,0x1
DisplaySystem.dll	RANDY31.DLL::RDeltaState::SetRenderState	10016961	10016af7	?,0x13,0x5
DisplaySystem.dll	RANDY31.DLL::RDeltaState::SetRenderState	10016961	10016b0c	?,0x1b,0x1
DisplaySystem.dll	RANDY31.DLL::RDeltaState::SetRenderState	10016961	10016b18	?,0x13,0x5
DisplaySystem.dll	RANDY31.DLL::RDeltaState::SetRenderState	10016961	10016b24	?,0x14,?
DisplaySystem.dll	RANDY31.DLL::RDeltaState::SetTextureStageState	10016961	10016b3b	?,0x0,0x10,0x1
DisplaySystem.dll	RANDY31.DLL::RDeltaState::SetTextureStageState	10016961	10016b48	?,0x0,0x12,0x1
DisplaySystem.dll	RANDY31.DLL::RDeltaState::SetTextureStageState	10016961	10016b55	?,0x0,0x11,0x1
DisplaySystem.dll	RANDY31.DLL::RDeltaState::SetTextureStageState	10016961	10016b6e	?,0x0,0xc,0x3
DisplaySystem.dll	RANDY31.DLL::RDeltaState::SetTextureStageState	10016961	10016b7b	?,0x0,0xd,0x3
DisplaySystem.dll	RANDY31.DLL::RDeltaState::SetTextureStageState	10016961	10016b88	?,0x0,0xe,0x3
DisplaySystem.dll	RANDY31.DLL::StateBlob_c::SetRenderState	1005101e	10051040	?,0xe,0x0
DisplaySystem.dll	RANDY31.DLL::StateBlob_c::SetRenderState	1005101e	1005104c	?,0x1b,0x1
DisplaySystem.dll	RANDY31.DLL::StateBlob_c::SetRenderState	1005101e	10051058	?,0x1c,0x0
DisplaySystem.dll	RANDY31.DLL::StateBlob_c::SetRenderState	1005101e	10051067	?,0x89,0x0
DisplaySystem.dll	RANDY31.DLL::StateBlob_c::SetRenderState	1005101e	10051073	?,0x14,0x2
DisplaySystem.dll	RANDY31.DLL::RDeltaState::SetRenderState	10029aa7	10029b0e	?,0x88,0x1
DisplaySystem.dll	RANDY31.DLL::RDeltaState::SetRenderState	10029aa7	10029b1d	?,0x89,0x0
DisplaySystem.dll	RANDY31.DLL::RDeltaState::SetRenderState	10029aa7	10029b29	?,0xe,0x0
DisplaySystem.dll	RANDY31.DLL::RDeltaState::SetRenderState	10029aa7	10029b35	?,0x1c,0x0
DisplaySystem.dll	RANDY31.DLL::RDeltaState::SetRenderState	10029aa7	10029b43	?,0x8d,0x1
DisplaySystem.dll	RANDY31.DLL::RDeltaState::SetRenderState	10029aa7	10029b4e	?,0x16,0x1
DisplaySystem.dll	RANDY31.DLL::RDeltaState::SetRenderState	10029aa7	10029b5c	?,0x94,0x1
DisplaySystem.dll	RANDY31.DLL::RDeltaState::SetTextureStageState	10029aa7	10029b78	?,0x0,0x1,0x4
DisplaySystem.dll	RANDY31.DLL::RDeltaState::SetTextureStageState	10029aa7	10029b86	?,0x0,0x2,0x2
DisplaySystem.dll	RANDY31.DLL::RDeltaState::SetTextureStageState	10029aa7	10029b94	?,0x0,0x3,0x0
DisplaySystem.dll	RANDY31.DLL::RDeltaState::SetTextureStageState	10029aa7	10029ba2	?,0x0,0x4,0x4
DisplaySystem.dll	RANDY31.DLL::RDeltaState::SetTextureStageState	10029aa7	10029bb0	?,0x0,0x5,0x2
DisplaySystem.dll	RANDY31.DLL::RDeltaState::SetTextureStageState	10029aa7	10029bc2	?,0x0,0x1,0x2
DisplaySystem.dll	RANDY31.DLL::RDeltaState::SetTextureStageState	10029aa7	10029bd0	?,0x0,0x2,0x0
DisplaySystem.dll	RANDY31.DLL::RDeltaState::SetTextureStageState	10029aa7	10029bde	?,0x0,0x4,0x2
DisplaySystem.dll	RANDY31.DLL::RDeltaState::SetTextureStageState	10029aa7	10029bec	?,0x0,?,0x0
DisplaySystem.dll	RANDY31.DLL::RDeltaState::SetRenderState	10029aa7	10029c01	?,0x1b,0x1
DisplaySystem.dll	RANDY31.DLL::RDeltaState::SetRenderState	10029aa7	10029c0d	?,0x13,0x5
DisplaySystem.dll	RANDY31.DLL::RDeltaState::SetRenderState	10029aa7	10029c22	?,0x1b,0x1
DisplaySystem.dll	RANDY31.DLL::RDeltaState::SetRenderState	10029aa7	10029c2e	?,0x13,0x5
DisplaySystem.dll	RANDY31.DLL::RDeltaState::SetRenderState	10029aa7	10029c3a	?,0x14,?
DisplaySystem.dll	RANDY31.DLL::RDeltaState::SetTextureStageState	10029aa7	10029c51	?,0x0,0x10,0x1
DisplaySystem.dll	RANDY31.DLL::RDeltaState::SetTextureStageState	10029aa7	10029c5e	?,0x0,0x12,0x1
DisplaySystem.dll	RANDY31.DLL::RDeltaState::SetTextureStageState	10029aa7	10029c6b	?,0x0,0x11,0x1
DisplaySystem.dll	RANDY31.DLL::RDeltaState::SetRenderState	10018733	100187ca	?,0x88,0x1
DisplaySystem.dll	RANDY31.DLL::RDeltaState::SetRenderState	10018733	100187d9	?,0x89,0x0
DisplaySystem.dll	RANDY31.DLL::RDeltaState::SetRenderState	10018733	100187e5	?,0x17,0x8
DisplaySystem.dll	RANDY31.DLL::RDeltaState::SetRenderState	10018733	100187f1	?,0xe,0x0
DisplaySystem.dll	RANDY31.DLL::RDeltaState::SetRenderState	10018733	100187ff	?,0x8d,0x1
DisplaySystem.dll	RANDY31.DLL::RDeltaState::SetRenderState	10018733	1001880a	?,0x16,0x1
DisplaySystem.dll	RANDY31.DLL::RDeltaState::SetRenderState	10018733	10018818	?,0x94,0x1
DisplaySystem.dll	RANDY31.DLL::RDeltaState::SetTextureStageState	10018733	10018834	?,0x0,0x1,0x4
DisplaySystem.dll	RANDY31.DLL::RDeltaState::SetTextureStageState	10018733	10018842	?,0x0,0x2,0x2
DisplaySystem.dll	RANDY31.DLL::RDeltaState::SetTextureStageState	10018733	10018850	?,0x0,0x3,0x0
DisplaySystem.dll	RANDY31.DLL::RDeltaState::SetTextureStageState	10018733	1001885e	?,0x0,0x4,0x4
DisplaySystem.dll	RANDY31.DLL::RDeltaState::SetTextureStageState	10018733	1001886c	?,0x0,0x5,0x2
DisplaySystem.dll	RANDY31.DLL::RDeltaState::SetTextureStageState	10018733	1001887e	?,0x0,0x1,0x2
DisplaySystem.dll	RANDY31.DLL::RDeltaState::SetTextureStageState	10018733	1001888c	?,0x0,0x2,0x0
DisplaySystem.dll	RANDY31.DLL::RDeltaState::SetTextureStageState	10018733	1001889a	?,0x0,0x4,0x2
DisplaySystem.dll	RANDY31.DLL::RDeltaState::SetTextureStageState	10018733	100188a8	?,0x0,?,0x0
DisplaySystem.dll	RANDY31.DLL::RDeltaState::SetRenderState	10018733	100188bd	?,0x1b,0x1
DisplaySystem.dll	RANDY31.DLL::RDeltaState::SetRenderState	10018733	100188c9	?,0x13,0x5
DisplaySystem.dll	RANDY31.DLL::RDeltaState::SetRenderState	10018733	100188cf	?,0x1b,0x1
DisplaySystem.dll	RANDY31.DLL::RDeltaState::SetRenderState	10018733	100188db	?,0x13,0x5
DisplaySystem.dll	RANDY31.DLL::RDeltaState::SetRenderState	10018733	100188e7	?,0x14,?
DisplaySystem.dll	RANDY31.DLL::RDeltaState::SetTextureStageState	10018733	100188fe	?,0x0,0x10,0x1
DisplaySystem.dll	RANDY31.DLL::RDeltaState::SetTextureStageState	10018733	1001890b	?,0x0,0x12,0x1
DisplaySystem.dll	RANDY31.DLL::RDeltaState::SetTextureStageState	10018733	10018918	?,0x0,0x11,0x1
DisplaySystem.dll	RANDY31.DLL::StateBlob_c::SetRenderState	10045c18	10045c3a	?,0x17,0x8
DisplaySystem.dll	RANDY31.DLL::StateBlob_c::SetRenderState	10045c18	10045c46	?,0xe,0x0
DisplaySystem.dll	RANDY31.DLL::StateBlob_c::SetRenderState	10045c18	10045c52	?,0x1b,0x1
DisplaySystem.dll	RANDY31.DLL::StateBlob_c::SetRenderState	10045c18	10045c5e	?,0x1c,0x0
DisplaySystem.dll	RANDY31.DLL::StateBlob_c::SetRenderState	10045c18	10045c6d	?,0x89,0x0
DisplaySystem.dll	RANDY31.DLL::StateBlob_c::SetRenderState	10055b70	10055b93	?,0xe,0x0
DisplaySystem.dll	RANDY31.DLL::StateBlob_c::SetRenderState	10055b70	10055b9f	?,0x17,0x8
DisplaySystem.dll	RANDY31.DLL::StateBlob_c::SetRenderState	10055b70	10055bab	?,0x1b,0x1
DisplaySystem.dll	RANDY31.DLL::StateBlob_c::SetRenderState	10055b70	10055bb6	?,0x1c,0x0
DisplaySystem.dll	RANDY31.DLL::StateBlob_c::SetRenderState	10055b70	10055bc4	?,0x89,0x0
DisplaySystem.dll	RANDY31.DLL::StateBlob_c::SetRenderState	10055b70	10055bd0	?,0x13,0x1
DisplaySystem.dll	RANDY31.DLL::StateBlob_c::SetRenderState	10055b70	10055bdc	?,0x14,0x3
DisplaySystem.dll	RANDY31.DLL::StateBlob_c::SetRenderState	10055b70	10055be7	?,0xe,0x0
DisplaySystem.dll	RANDY31.DLL::StateBlob_c::SetRenderState	10055b70	10055bf3	?,0x17,0x8
DisplaySystem.dll	RANDY31.DLL::StateBlob_c::SetRenderState	10055b70	10055bff	?,0x1b,0x1
DisplaySystem.dll	RANDY31.DLL::StateBlob_c::SetRenderState	10055b70	10055c0a	?,0x1c,0x0
DisplaySystem.dll	RANDY31.DLL::StateBlob_c::SetRenderState	10055b70	10055c18	?,0x89,0x0
DisplaySystem.dll	RANDY31.DLL::StateBlob_c::SetRenderState	10055b70	10055c24	?,0x13,0x1
DisplaySystem.dll	RANDY31.DLL::StateBlob_c::SetRenderState	10055b70	10055c30	?,0x14,0x4
DisplaySystem.dll	RANDY31.DLL::StateBlob_c::SetRenderState	10055b70	10055c3b	?,0xe,0x0
DisplaySystem.dll	RANDY31.DLL::StateBlob_c::SetRenderState	10055b70	10055c47	?,0x17,0x8
DisplaySystem.dll	RANDY31.DLL::StateBlob_c::SetRenderState	10055b70	10055c53	?,0x1b,0x1
DisplaySystem.dll	RANDY31.DLL::StateBlob_c::SetRenderState	10055b70	10055c5e	?,0x1c,0x0
DisplaySystem.dll	RANDY31.DLL::StateBlob_c::SetRenderState	10055b70	10055c6c	?,0x89,0x0
DisplaySystem.dll	RANDY31.DLL::StateBlob_c::SetRenderState	10055b70	10055c78	?,0x13,0x2
DisplaySystem.dll	RANDY31.DLL::StateBlob_c::SetRenderState	10055b70	10055c84	?,0x14,0x2
DisplaySystem.dll	RANDY31.DLL::StateBlob_c::SetRenderState	10055b70	10055c8f	?,0xe,0x0
DisplaySystem.dll	RANDY31.DLL::StateBlob_c::SetRenderState	10055b70	10055c9b	?,0x17,0x8
DisplaySystem.dll	RANDY31.DLL::StateBlob_c::SetRenderState	10055b70	10055ca6	?,0x1b,0x0
DisplaySystem.dll	RANDY31.DLL::StateBlob_c::SetRenderState	10055b70	10055cb1	?,0x1c,0x0
DisplaySystem.dll	RANDY31.DLL::StateBlob_c::SetRenderState	10055b70	10055cbf	?,0x89,0x0
DisplaySystem.dll	RANDY31.DLL::StateBlob_c::SetTextureStageState	10055b70	10055cd2	?,0x0,0x1,0x4
DisplaySystem.dll	RANDY31.DLL::StateBlob_c::SetTextureStageState	10055b70	10055cdf	?,0x0,0x2,0x2
DisplaySystem.dll	RANDY31.DLL::StateBlob_c::SetTextureStageState	10055b70	10055ceb	?,0x0,0x3,0x0
DisplaySystem.dll	RANDY31.DLL::StateBlob_c::SetTextureStageState	10055b70	10055cf8	?,0x0,0x4,0xa
DisplaySystem.dll	RANDY31.DLL::StateBlob_c::SetTextureStageState	10055b70	10055d05	?,0x0,0x5,0x2
DisplaySystem.dll	RANDY31.DLL::StateBlob_c::SetTextureStageState	10055b70	10055d11	?,0x0,0x6,0x0
DisplaySystem.dll	RANDY31.DLL::StateBlob_c::SetTextureStageState	10055b70	10055d1f	?,0x1,0x1,0xb
DisplaySystem.dll	RANDY31.DLL::StateBlob_c::SetTextureStageState	10055b70	10055d2d	?,0x1,0x2,0x2
DisplaySystem.dll	RANDY31.DLL::StateBlob_c::SetTextureStageState	10055b70	10055d3b	?,0x1,0x3,0x1
DisplaySystem.dll	RANDY31.DLL::StateBlob_c::SetTextureStageState	10055b70	10055d49	?,0x1,0x4,0x2
DisplaySystem.dll	RANDY31.DLL::StateBlob_c::SetTextureStageState	10055b70	10055d57	?,0x1,0x5,0x1
DisplaySystem.dll	RANDY31.DLL::RDeltaState::SetRenderState	1000ea4f	1000eb2d	?,0x88,0x1
DisplaySystem.dll	RANDY31.DLL::RDeltaState::SetRenderState	1000ea4f	1000eb3b	?,0x89,0x0
DisplaySystem.dll	RANDY31.DLL::RDeltaState::SetRenderState	1000ea4f	1000eb46	?,0xe,0x0
DisplaySystem.dll	RANDY31.DLL::RDeltaState::SetRenderState	1000ea4f	1000eb55	?,0x8d,0x1
DisplaySystem.dll	RANDY31.DLL::RDeltaState::SetRenderState	1000ea4f	1000eb61	?,0x16,0x1
DisplaySystem.dll	RANDY31.DLL::RDeltaState::SetRenderState	1000ea4f	1000eb70	?,0x94,0x1
DisplaySystem.dll	RANDY31.DLL::RDeltaState::SetTextureStageState	1000ea4f	1000eb8b	?,0x0,0x2,0x2
DisplaySystem.dll	RANDY31.DLL::RDeltaState::SetTextureStageState	1000ea4f	1000eb99	?,0x0,0x3,0x0
DisplaySystem.dll	RANDY31.DLL::RDeltaState::SetTextureStageState	1000ea4f	1000eba7	?,0x0,0x5,0x2
DisplaySystem.dll	RANDY31.DLL::RDeltaState::SetTextureStageState	1000ea4f	1000ebb5	?,0x0,0x6,0x0
DisplaySystem.dll	RANDY31.DLL::RDeltaState::SetTextureStageState	1000ea4f	1000ebc9	?,0x0,0x1,0x4
DisplaySystem.dll	RANDY31.DLL::RDeltaState::SetTextureStageState	1000ea4f	1000ebd7	?,0x0,0x1,0x6
DisplaySystem.dll	RANDY31.DLL::RDeltaState::SetTextureStageState	1000ea4f	1000ebe6	?,0x0,0x1,0x2
DisplaySystem.dll	RANDY31.DLL::RDeltaState::SetTextureStageState	1000ea4f	1000ebf4	?,0x0,0x2,0x0
DisplaySystem.dll	RANDY31.DLL::RDeltaState::SetTextureStageState	1000ea4f	1000ec02	?,0x0,0x4,0x2
DisplaySystem.dll	RANDY31.DLL::RDeltaState::SetTextureStageState	1000ea4f	1000ec10	?,0x0,?,?
DisplaySystem.dll	RANDY31.DLL::RDeltaState::SetRenderState	1000ea4f	1000ec1c	?,0x1b,0x1
DisplaySystem.dll	RANDY31.DLL::RDeltaState::SetRenderState	1000ea4f	1000ec28	?,0x13,0x5
DisplaySystem.dll	RANDY31.DLL::RDeltaState::SetRenderState	1000ea4f	1000ec3e	?,0x14,?
DisplaySystem.dll	RANDY31.DLL::RDeltaState::SetRenderState	1001f95d	1001f9c4	?,0x88,0x1
DisplaySystem.dll	RANDY31.DLL::RDeltaState::SetRenderState	1001f95d	1001f9d3	?,0x89,0x0
DisplaySystem.dll	RANDY31.DLL::RDeltaState::SetRenderState	1001f95d	1001f9df	?,0xe,0x0
DisplaySystem.dll	RANDY31.DLL::RDeltaState::SetRenderState	1001f95d	1001f9ed	?,0x8d,0x1
DisplaySystem.dll	RANDY31.DLL::RDeltaState::SetRenderState	1001f95d	1001f9f8	?,0x16,0x1
DisplaySystem.dll	RANDY31.DLL::RDeltaState::SetRenderState	1001f95d	1001fa06	?,0x94,0x1
DisplaySystem.dll	RANDY31.DLL::RDeltaState::SetTextureStageState	1001f95d	1001fa22	?,0x0,0x1,0x4
DisplaySystem.dll	RANDY31.DLL::RDeltaState::SetTextureStageState	1001f95d	1001fa30	?,0x0,0x2,0x2
DisplaySystem.dll	RANDY31.DLL::RDeltaState::SetTextureStageState	1001f95d	1001fa3e	?,0x0,0x3,0x0
DisplaySystem.dll	RANDY31.DLL::RDeltaState::SetTextureStageState	1001f95d	1001fa4c	?,0x0,0x4,0x4
DisplaySystem.dll	RANDY31.DLL::RDeltaState::SetTextureStageState	1001f95d	1001fa5a	?,0x0,0x5,0x2
DisplaySystem.dll	RANDY31.DLL::RDeltaState::SetTextureStageState	1001f95d	1001fa6c	?,0x0,0x1,0x2
DisplaySystem.dll	RANDY31.DLL::RDeltaState::SetTextureStageState	1001f95d	1001fa7a	?,0x0,0x2,0x0
DisplaySystem.dll	RANDY31.DLL::RDeltaState::SetTextureStageState	1001f95d	1001fa88	?,0x0,0x4,0x2
DisplaySystem.dll	RANDY31.DLL::RDeltaState::SetTextureStageState	1001f95d	1001fa96	?,0x0,?,0x0
DisplaySystem.dll	RANDY31.DLL::RDeltaState::SetRenderState	1001f95d	1001faab	?,0x1b,0x1
DisplaySystem.dll	RANDY31.DLL::RDeltaState::SetRenderState	1001f95d	1001fab7	?,0x13,0x5
DisplaySystem.dll	RANDY31.DLL::RDeltaState::SetRenderState	1001f95d	1001facc	?,0x1b,0x1
DisplaySystem.dll	RANDY31.DLL::RDeltaState::SetRenderState	1001f95d	1001fad8	?,0x13,0x5
DisplaySystem.dll	RANDY31.DLL::RDeltaState::SetRenderState	1001f95d	1001fae4	?,0x14,?
DisplaySystem.dll	RANDY31.DLL::RDeltaState::SetTextureStageState	1001f95d	1001fafb	?,0x0,0x10,0x1
DisplaySystem.dll	RANDY31.DLL::RDeltaState::SetTextureStageState	1001f95d	1001fb08	?,0x0,0x12,0x1
DisplaySystem.dll	RANDY31.DLL::RDeltaState::SetTextureStageState	1001f95d	1001fb15	?,0x0,0x11,0x1
DisplaySystem.dll	RANDY31.DLL::RDeltaState::SetRenderState	1002f410	1002f475	?,0x88,0x1
DisplaySystem.dll	RANDY31.DLL::RDeltaState::SetRenderState	1002f410	1002f483	?,0x89,0x0
DisplaySystem.dll	RANDY31.DLL::RDeltaState::SetRenderState	1002f410	1002f48e	?,0xe,0x0
DisplaySystem.dll	RANDY31.DLL::RDeltaState::SetRenderState	1002f410	1002f499	?,0x1c,0x0
DisplaySystem.dll	RANDY31.DLL::RDeltaState::SetRenderState	1002f410	1002f4a8	?,0x8d,0x1
DisplaySystem.dll	RANDY31.DLL::RDeltaState::SetRenderState	1002f410	1002f4b4	?,0x16,0x1
DisplaySystem.dll	RANDY31.DLL::RDeltaState::SetRenderState	1002f410	1002f4c0	?,0x1b,0x1
DisplaySystem.dll	RANDY31.DLL::RDeltaState::SetRenderState	1002f410	1002f4cc	?,0x13,0x5
DisplaySystem.dll	RANDY31.DLL::RDeltaState::SetRenderState	1002f410	1002f4d8	?,0x14,0x2
DisplaySystem.dll	RANDY31.DLL::RDeltaState::SetTextureStageState	1002f410	1002f4f3	?,0x0,0x1,0x4
DisplaySystem.dll	RANDY31.DLL::RDeltaState::SetTextureStageState	1002f410	1002f500	?,0x0,0x2,0x2
DisplaySystem.dll	RANDY31.DLL::RDeltaState::SetTextureStageState	1002f410	1002f50c	?,0x0,0x3,0x0
DisplaySystem.dll	RANDY31.DLL::RDeltaState::SetTextureStageState	1002f410	1002f519	?,0x0,0x4,0x4
DisplaySystem.dll	RANDY31.DLL::RDeltaState::SetTextureStageState	1002f410	1002f526	?,0x0,0x5,0x2
DisplaySystem.dll	RANDY31.DLL::RDeltaState::SetTextureStageState	1002f410	1002f532	?,0x0,0x1,0x2
DisplaySystem.dll	RANDY31.DLL::RDeltaState::SetTextureStageState	1002f410	1002f53e	?,0x0,0x2,0x0
DisplaySystem.dll	RANDY31.DLL::RDeltaState::SetTextureStageState	1002f410	1002f54b	?,0x0,0x4,0x2
DisplaySystem.dll	RANDY31.DLL::RDeltaState::SetTextureStageState	1002f410	1002f557	?,0x0,?,0x0
DisplaySystem.dll	RANDY31.DLL::RDeltaState::SetRenderState	10021059	10021124	?,0x88,0x1
DisplaySystem.dll	RANDY31.DLL::RDeltaState::SetRenderState	10021059	10021133	?,0x89,0x0
DisplaySystem.dll	RANDY31.DLL::RDeltaState::SetRenderState	10021059	1002113f	?,0xe,0x0
DisplaySystem.dll	RANDY31.DLL::RDeltaState::SetRenderState	10021059	1002114d	?,0x8d,0x1
DisplaySystem.dll	RANDY31.DLL::RDeltaState::SetRenderState	10021059	10021158	?,0x16,0x1
DisplaySystem.dll	RANDY31.DLL::RDeltaState::SetRenderState	10021059	10021166	?,0x94,0x1
DisplaySystem.dll	RANDY31.DLL::RDeltaState::SetTextureStageState	10021059	10021182	?,0x0,0x1,0x5
DisplaySystem.dll	RANDY31.DLL::RDeltaState::SetTextureStageState	10021059	10021190	?,0x0,0x2,0x2
DisplaySystem.dll	RANDY31.DLL::RDeltaState::SetTextureStageState	10021059	1002119e	?,0x0,0x3,0x0
DisplaySystem.dll	RANDY31.DLL::RDeltaState::SetTextureStageState	10021059	100211ac	?,0x0,0x4,0x4
DisplaySystem.dll	RANDY31.DLL::RDeltaState::SetTextureStageState	10021059	100211ba	?,0x0,0x5,0x2
DisplaySystem.dll	RANDY31.DLL::RDeltaState::SetTextureStageState	10021059	100211cc	?,0x0,0x1,0x2
DisplaySystem.dll	RANDY31.DLL::RDeltaState::SetTextureStageState	10021059	100211da	?,0x0,0x2,0x0
DisplaySystem.dll	RANDY31.DLL::RDeltaState::SetTextureStageState	10021059	100211e8	?,0x0,0x4,0x2
DisplaySystem.dll	RANDY31.DLL::RDeltaState::SetTextureStageState	10021059	100211f6	?,0x0,?,0x0
DisplaySystem.dll	RANDY31.DLL::RDeltaState::SetRenderState	10021059	1002120b	?,0x1b,0x1
DisplaySystem.dll	RANDY31.DLL::RDeltaState::SetRenderState	10021059	10021217	?,0x13,0x5
DisplaySystem.dll	RANDY31.DLL::RDeltaState::SetRenderState	10021059	1002121d	?,0x1b,0x1
DisplaySystem.dll	RANDY31.DLL::RDeltaState::SetRenderState	10021059	10021229	?,0x13,0x5
DisplaySystem.dll	RANDY31.DLL::RDeltaState::SetRenderState	10021059	10021235	?,0x14,?
DisplaySystem.dll	RANDY31.DLL::RDeltaState::SetTextureStageState	10021059	1002124c	?,0x0,0x10,0x1
DisplaySystem.dll	RANDY31.DLL::RDeltaState::SetTextureStageState	10021059	10021259	?,0x0,0x12,0x1
DisplaySystem.dll	RANDY31.DLL::RDeltaState::SetTextureStageState	10021059	10021266	?,0x0,0x11,0x1
DisplaySystem.dll	RANDY31.DLL::RDeltaState::SetRenderState	1001d17b	1001d1e2	?,0x88,0x1
DisplaySystem.dll	RANDY31.DLL::RDeltaState::SetRenderState	1001d17b	1001d1f1	?,0x89,0x0
DisplaySystem.dll	RANDY31.DLL::RDeltaState::SetRenderState	1001d17b	1001d1fd	?,0xe,0x0
DisplaySystem.dll	RANDY31.DLL::RDeltaState::SetRenderState	1001d17b	1001d20b	?,0x8d,0x1
DisplaySystem.dll	RANDY31.DLL::RDeltaState::SetRenderState	1001d17b	1001d221	?,0x17,0x4
DisplaySystem.dll	RANDY31.DLL::RDeltaState::SetRenderState	1001d17b	1001d22c	?,0x2f,0x1
DisplaySystem.dll	RANDY31.DLL::RDeltaState::SetRenderState	1001d17b	1001d240	?,0x16,0x2
DisplaySystem.dll	RANDY31.DLL::RDeltaState::SetRenderState	1001d17b	1001d251	?,?,?
DisplaySystem.dll	RANDY31.DLL::RDeltaState::SetRenderState	1001d17b	1001d26a	?,0x3c,0xffffffff
DisplaySystem.dll	RANDY31.DLL::RDeltaState::SetTextureStageState	1001d17b	1001d286	?,0x0,0x1,0x5
DisplaySystem.dll	RANDY31.DLL::RDeltaState::SetTextureStageState	1001d17b	1001d294	?,0x0,0x2,0x2
DisplaySystem.dll	RANDY31.DLL::RDeltaState::SetTextureStageState	1001d17b	1001d2a2	?,0x0,0x3,0x3
DisplaySystem.dll	RANDY31.DLL::RDeltaState::SetTextureStageState	1001d17b	1001d2b0	?,0x0,0x4,0x5
DisplaySystem.dll	RANDY31.DLL::RDeltaState::SetTextureStageState	1001d17b	1001d2be	?,0x0,0x5,0x2
DisplaySystem.dll	RANDY31.DLL::RDeltaState::SetTextureStageState	1001d17b	1001d2d3	?,0x0,0x1,0x4
DisplaySystem.dll	RANDY31.DLL::RDeltaState::SetTextureStageState	1001d17b	1001d2e1	?,0x0,0x2,0x2
DisplaySystem.dll	RANDY31.DLL::RDeltaState::SetTextureStageState	1001d17b	1001d2ef	?,0x0,0x3,0x0
DisplaySystem.dll	RANDY31.DLL::RDeltaState::SetTextureStageState	1001d17b	1001d2fd	?,0x0,0x4,0x4
DisplaySystem.dll	RANDY31.DLL::RDeltaState::SetTextureStageState	1001d17b	1001d30b	?,0x0,0x5,0x2
DisplaySystem.dll	RANDY31.DLL::RDeltaState::SetTextureStageState	1001d17b	1001d319	?,0x0,0x6,0x0
DisplaySystem.dll	RANDY31.DLL::RDeltaState::SetTextureStageState	1001d17b	1001d327	?,0x1,0x1,0x5
DisplaySystem.dll	RANDY31.DLL::RDeltaState::SetTextureStageState	1001d17b	1001d335	?,0x1,0x2,0x1
DisplaySystem.dll	RANDY31.DLL::RDeltaState::SetTextureStageState	1001d17b	1001d343	?,0x1,0x3,0x3
DisplaySystem.dll	RANDY31.DLL::RDeltaState::SetTextureStageState	1001d17b	1001d351	?,0x1,0x4,0x5
DisplaySystem.dll	RANDY31.DLL::RDeltaState::SetTextureStageState	1001d17b	1001d35f	?,0x1,0x5,0x1
DisplaySystem.dll	RANDY31.DLL::RDeltaState::SetTextureStageState	1001d17b	1001d374	?,0x0,0x1,0x2
DisplaySystem.dll	RANDY31.DLL::RDeltaState::SetTextureStageState	1001d17b	1001d382	?,0x0,0x2,0x0
DisplaySystem.dll	RANDY31.DLL::RDeltaState::SetTextureStageState	1001d17b	1001d390	?,0x0,0x4,0x2
DisplaySystem.dll	RANDY31.DLL::RDeltaState::SetTextureStageState	1001d17b	1001d39e	?,?,?
DisplaySystem.dll	RANDY31.DLL::RDeltaState::SetRenderState	1001d17b	1001d3b3	?,0x1b,0x1
DisplaySystem.dll	RANDY31.DLL::RDeltaState::SetRenderState	1001d17b	1001d3bf	?,0x13,0x5
DisplaySystem.dll	RANDY31.DLL::RDeltaState::SetRenderState	1001d17b	1001d3c5	?,0x1b,0x1
DisplaySystem.dll	RANDY31.DLL::RDeltaState::SetRenderState	1001d17b	1001d3d1	?,0x13,0x5
DisplaySystem.dll	RANDY31.DLL::RDeltaState::SetRenderState	1001d17b	1001d3dd	?,0x14,?
DisplaySystem.dll	RANDY31.DLL::StateBlob_c::SetRenderState	1005897f	1005899a	?,0x17,0x8
DisplaySystem.dll	RANDY31.DLL::StateBlob_c::SetRenderState	1005897f	100589a6	?,0xe,0x0
DisplaySystem.dll	RANDY31.DLL::StateBlob_c::SetRenderState	1005897f	100589b2	?,0x1b,0x0
DisplaySystem.dll	RANDY31.DLL::StateBlob_c::SetRenderState	1005897f	100589be	?,0x1c,0x0
DisplaySystem.dll	RANDY31.DLL::StateBlob_c::SetRenderState	1005897f	100589cd	?,0x89,0x0
DisplaySystem.dll	RANDY31.DLL::StateBlob_c::SetRenderState	1005897f	100589dc	?,0x80,0x0
DisplaySystem.dll	RANDY31.DLL::StateBlob_c::SetTextureStageState	1005897f	100589f0	?,0x0,0x1,0x2
DisplaySystem.dll	RANDY31.DLL::StateBlob_c::SetTextureStageState	1005897f	100589fe	?,0x0,0x2,0x2
DisplaySystem.dll	RANDY31.DLL::StateBlob_c::SetTextureStageState	1005897f	10058a0c	?,0x0,0x4,0x1
DisplaySystem.dll	RANDY31.DLL::StateBlob_c::SetTextureStageState	1005897f	10058a1a	?,0x0,0x10,0x1
DisplaySystem.dll	RANDY31.DLL::StateBlob_c::SetTextureStageState	1005897f	10058a28	?,0x0,0x11,0x1
DisplaySystem.dll	RANDY31.DLL::StateBlob_c::SetTextureStageState	1005897f	10058a36	?,0x0,0x12,0x1
DisplaySystem.dll	RANDY31.DLL::StateBlob_c::SetTextureStageState	1005897f	10058a44	?,0x0,0xc,0x3
DisplaySystem.dll	RANDY31.DLL::StateBlob_c::SetTextureStageState	1005897f	10058a52	?,0x1,0x1,0x1
DisplaySystem.dll	RANDY31.DLL::StateBlob_c::SetTextureStageState	1005897f	10058a60	?,0x1,0x4,0x1
DisplaySystem.dll	RANDY31.DLL::RDeltaState::SetRenderState	10029014	100290c1	?,0x88,0x1
DisplaySystem.dll	RANDY31.DLL::RDeltaState::SetRenderState	10029014	100290d0	?,0x89,0x0
DisplaySystem.dll	RANDY31.DLL::RDeltaState::SetRenderState	10029014	100290dc	?,0xe,0x0
DisplaySystem.dll	RANDY31.DLL::RDeltaState::SetRenderState	10029014	100290ea	?,0x8d,0x1
DisplaySystem.dll	RANDY31.DLL::RDeltaState::SetRenderState	10029014	100290f5	?,0x16,0x1
DisplaySystem.dll	RANDY31.DLL::RDeltaState::SetRenderState	10029014	10029103	?,0x94,0x1
DisplaySystem.dll	RANDY31.DLL::RDeltaState::SetTextureStageState	10029014	1002911f	?,0x0,0x1,0x6
DisplaySystem.dll	RANDY31.DLL::RDeltaState::SetTextureStageState	10029014	1002912d	?,0x0,0x2,0x2
DisplaySystem.dll	RANDY31.DLL::RDeltaState::SetTextureStageState	10029014	1002913b	?,0x0,0x3,0x0
DisplaySystem.dll	RANDY31.DLL::RDeltaState::SetTextureStageState	10029014	10029149	?,0x0,0x4,0x4
DisplaySystem.dll	RANDY31.DLL::RDeltaState::SetTextureStageState	10029014	10029157	?,0x0,0x5,0x2
DisplaySystem.dll	RANDY31.DLL::RDeltaState::SetTextureStageState	10029014	10029169	?,0x0,0x1,0x2
DisplaySystem.dll	RANDY31.DLL::RDeltaState::SetTextureStageState	10029014	10029177	?,0x0,0x2,0x0
DisplaySystem.dll	RANDY31.DLL::RDeltaState::SetTextureStageState	10029014	10029185	?,0x0,0x4,0x2
DisplaySystem.dll	RANDY31.DLL::RDeltaState::SetTextureStageState	10029014	10029193	?,0x0,?,0x0
DisplaySystem.dll	RANDY31.DLL::RDeltaState::SetRenderState	10029014	100291ae	?,0x1b,0x1
DisplaySystem.dll	RANDY31.DLL::RDeltaState::SetRenderState	10029014	100291ba	?,0x13,0x5
DisplaySystem.dll	RANDY31.DLL::RDeltaState::SetRenderState	10029014	100291c0	?,0x1b,0x1
DisplaySystem.dll	RANDY31.DLL::RDeltaState::SetRenderState	10029014	100291cc	?,0x13,0x5
DisplaySystem.dll	RANDY31.DLL::RDeltaState::SetRenderState	10029014	100291d6	?,0x1b,0x0
DisplaySystem.dll	RANDY31.DLL::RDeltaState::SetRenderState	10029014	100291e2	?,0x13,0x2
DisplaySystem.dll	RANDY31.DLL::RDeltaState::SetRenderState	10029014	100291ee	?,0x14,?
DisplaySystem.dll	RANDY31.DLL::RDeltaState::SetTextureStageState	10029014	10029205	?,0x0,0x10,0x1
DisplaySystem.dll	RANDY31.DLL::RDeltaState::SetTextureStageState	10029014	10029212	?,0x0,0x12,0x1
DisplaySystem.dll	RANDY31.DLL::RDeltaState::SetTextureStageState	10029014	1002921f	?,0x0,0x11,0x1
DisplaySystem.dll	RANDY31.DLL::RDeltaState::SetRenderState	10023c6a	10023d17	?,0x88,0x1
DisplaySystem.dll	RANDY31.DLL::RDeltaState::SetRenderState	10023c6a	10023d26	?,0x89,0x0
DisplaySystem.dll	RANDY31.DLL::RDeltaState::SetRenderState	10023c6a	10023d32	?,0xe,0x0
DisplaySystem.dll	RANDY31.DLL::RDeltaState::SetRenderState	10023c6a	10023d40	?,0x8d,0x1
DisplaySystem.dll	RANDY31.DLL::RDeltaState::SetRenderState	10023c6a	10023d4b	?,0x16,0x1
DisplaySystem.dll	RANDY31.DLL::RDeltaState::SetRenderState	10023c6a	10023d59	?,0x94,0x1
DisplaySystem.dll	RANDY31.DLL::RDeltaState::SetTextureStageState	10023c6a	10023d75	?,0x0,0x1,0x4
DisplaySystem.dll	RANDY31.DLL::RDeltaState::SetTextureStageState	10023c6a	10023d83	?,0x0,0x2,0x2
DisplaySystem.dll	RANDY31.DLL::RDeltaState::SetTextureStageState	10023c6a	10023d91	?,0x0,0x3,0x0
DisplaySystem.dll	RANDY31.DLL::RDeltaState::SetTextureStageState	10023c6a	10023d9f	?,0x0,0x4,0x4
DisplaySystem.dll	RANDY31.DLL::RDeltaState::SetTextureStageState	10023c6a	10023dad	?,0x0,0x5,0x2
DisplaySystem.dll	RANDY31.DLL::RDeltaState::SetTextureStageState	10023c6a	10023dbf	?,0x0,0x1,0x2
DisplaySystem.dll	RANDY31.DLL::RDeltaState::SetTextureStageState	10023c6a	10023dcd	?,0x0,0x2,0x0
DisplaySystem.dll	RANDY31.DLL::RDeltaState::SetTextureStageState	10023c6a	10023ddb	?,0x0,0x4,0x2
DisplaySystem.dll	RANDY31.DLL::RDeltaState::SetTextureStageState	10023c6a	10023de9	?,0x0,?,0x0
DisplaySystem.dll	RANDY31.DLL::RDeltaState::SetRenderState	10023c6a	10023e04	?,0x1b,0x1
DisplaySystem.dll	RANDY31.DLL::RDeltaState::SetRenderState	10023c6a	10023e10	?,0x13,0x5
DisplaySystem.dll	RANDY31.DLL::RDeltaState::SetRenderState	10023c6a	10023e16	?,0x1b,0x1
DisplaySystem.dll	RANDY31.DLL::RDeltaState::SetRenderState	10023c6a	10023e22	?,0x13,0x5
DisplaySystem.dll	RANDY31.DLL::RDeltaState::SetRenderState	10023c6a	10023e2c	?,0x1b,0x0
DisplaySystem.dll	RANDY31.DLL::RDeltaState::SetRenderState	10023c6a	10023e38	?,0x13,0x2
DisplaySystem.dll	RANDY31.DLL::RDeltaState::SetRenderState	10023c6a	10023e44	?,0x14,?
DisplaySystem.dll	RANDY31.DLL::RDeltaState::SetTextureStageState	10023c6a	10023e5b	?,0x0,0x10,0x1
DisplaySystem.dll	RANDY31.DLL::RDeltaState::SetTextureStageState	10023c6a	10023e68	?,0x0,0x12,0x1
DisplaySystem.dll	RANDY31.DLL::RDeltaState::SetTextureStageState	10023c6a	10023e75	?,0x0,0x11,0x1
DisplaySystem.dll	RANDY31.DLL::RDeltaState::SetRenderState	1001b8f7	1001bb1e	?,0x88,0x1
DisplaySystem.dll	RANDY31.DLL::RDeltaState::SetRenderState	1001b8f7	1001bb2d	?,0x89,0x0
DisplaySystem.dll	RANDY31.DLL::RDeltaState::SetRenderState	1001b8f7	1001bb39	?,0xe,0x0
DisplaySystem.dll	RANDY31.DLL::RDeltaState::SetRenderState	1001b8f7	1001bb47	?,0x8d,0x1
DisplaySystem.dll	RANDY31.DLL::RDeltaState::SetRenderState	1001b8f7	1001bb52	?,0x16,0x1
DisplaySystem.dll	RANDY31.DLL::RDeltaState::SetRenderState	1001b8f7	1001bb60	?,0x94,0x1
DisplaySystem.dll	RANDY31.DLL::RDeltaState::SetTextureStageState	1001b8f7	1001bb73	?,0x0,0x1,0x4
DisplaySystem.dll	RANDY31.DLL::RDeltaState::SetTextureStageState	1001b8f7	1001bb81	?,0x0,0x2,0x2
DisplaySystem.dll	RANDY31.DLL::RDeltaState::SetTextureStageState	1001b8f7	1001bb8f	?,0x0,0x3,0x0
DisplaySystem.dll	RANDY31.DLL::RDeltaState::SetTextureStageState	1001b8f7	1001bb9d	?,0x0,0x4,0x4
DisplaySystem.dll	RANDY31.DLL::RDeltaState::SetTextureStageState	1001b8f7	1001bbab	?,0x0,0x5,0x2
DisplaySystem.dll	RANDY31.DLL::RDeltaState::SetTextureStageState	1001b8f7	1001bbb9	?,0x0,0x6,0x0
DisplaySystem.dll	RANDY31.DLL::RDeltaState::SetRenderState	1001b8f7	1001bbc5	?,0x1b,0x1
DisplaySystem.dll	RANDY31.DLL::RDeltaState::SetRenderState	1001b8f7	1001bbd1	?,0x13,0x5
DisplaySystem.dll	RANDY31.DLL::RDeltaState::SetRenderState	1001b8f7	1001bbdd	?,0x14,0x2
DisplaySystem.dll	RANDY31.DLL::StateBlob_c::SetRenderState	1004aa9a	1004aac5	?,0x7,?
DisplaySystem.dll	RANDY31.DLL::StateBlob_c::SetRenderState	1004aa9a	1004aace	?,0xe,0x0
DisplaySystem.dll	RANDY31.DLL::StateBlob_c::SetRenderState	1004aa9a	1004aad6	?,0x1b,0x1
DisplaySystem.dll	RANDY31.DLL::StateBlob_c::SetRenderState	1004aa9a	1004aadd	?,0x1c,0x0
DisplaySystem.dll	RANDY31.DLL::StateBlob_c::SetRenderState	1004aa9a	1004aae7	?,0x89,0x0
DisplaySystem.dll	RANDY31.DLL::StateBlob_c::SetRenderState	1004aa9a	1004aaf2	?,0x8f,0x1
DisplaySystem.dll	RANDY31.DLL::StateBlob_c::SetTextureStageState	1004aa9a	1004ab01	?,0x0,0x2,0x2
DisplaySystem.dll	RANDY31.DLL::StateBlob_c::SetTextureStageState	1004aa9a	1004ab0b	?,0x0,0x1,0x2
DisplaySystem.dll	RANDY31.DLL::StateBlob_c::SetRenderState	1004aa9a	1004ab2b	?,0x7,?
DisplaySystem.dll	RANDY31.DLL::StateBlob_c::SetRenderState	1004aa9a	1004ab33	?,0xe,0x0
DisplaySystem.dll	RANDY31.DLL::StateBlob_c::SetRenderState	1004aa9a	1004ab3b	?,0x1b,0x1
DisplaySystem.dll	RANDY31.DLL::StateBlob_c::SetRenderState	1004aa9a	1004ab43	?,0x1c,0x0
DisplaySystem.dll	RANDY31.DLL::StateBlob_c::SetRenderState	1004aa9a	1004ab4e	?,0x89,0x0
DisplaySystem.dll	RANDY31.DLL::StateBlob_c::SetRenderState	1004aa9a	1004ab59	?,0x8f,0x1
DisplaySystem.dll	RANDY31.DLL::StateBlob_c::SetTextureStageState	1004aa9a	1004ab63	?,0x0,0x2,0x2
DisplaySystem.dll	RANDY31.DLL::StateBlob_c::SetTextureStageState	1004aa9a	1004ab6d	?,0x0,0x1,0x2
DisplaySystem.dll	RANDY31.DLL::StateBlob_c::SetRenderState	1004aa9a	1004ab75	?,0x14,0x2
DisplaySystem.dll	RANDY31.DLL::RDeltaState::SetRenderState	1002646b	1002653d	?,0x88,0x1
DisplaySystem.dll	RANDY31.DLL::RDeltaState::SetRenderState	1002646b	1002654b	?,0x89,0x0
DisplaySystem.dll	RANDY31.DLL::RDeltaState::SetRenderState	1002646b	10026556	?,0xe,0x0
DisplaySystem.dll	RANDY31.DLL::RDeltaState::SetRenderState	1002646b	10026565	?,0x8d,0x1
DisplaySystem.dll	RANDY31.DLL::RDeltaState::SetRenderState	1002646b	10026571	?,0x16,0x1
DisplaySystem.dll	RANDY31.DLL::RDeltaState::SetRenderState	1002646b	10026580	?,0x94,0x1
DisplaySystem.dll	RANDY31.DLL::RDeltaState::SetTextureStageState	1002646b	1002659b	?,0x0,0x1,0x4
DisplaySystem.dll	RANDY31.DLL::RDeltaState::SetTextureStageState	1002646b	100265a9	?,0x0,0x2,0x2
DisplaySystem.dll	RANDY31.DLL::RDeltaState::SetTextureStageState	1002646b	100265b7	?,0x0,0x3,0x0
DisplaySystem.dll	RANDY31.DLL::RDeltaState::SetTextureStageState	1002646b	100265c5	?,0x0,0x4,0x4
DisplaySystem.dll	RANDY31.DLL::RDeltaState::SetTextureStageState	1002646b	100265d3	?,0x0,0x5,0x2
DisplaySystem.dll	RANDY31.DLL::RDeltaState::SetTextureStageState	1002646b	100265e6	?,0x0,0x1,0x2
DisplaySystem.dll	RANDY31.DLL::RDeltaState::SetTextureStageState	1002646b	100265f4	?,0x0,0x2,0x0
DisplaySystem.dll	RANDY31.DLL::RDeltaState::SetTextureStageState	1002646b	10026602	?,0x0,0x4,0x2
DisplaySystem.dll	RANDY31.DLL::RDeltaState::SetTextureStageState	1002646b	10026610	?,0x0,?,0x0
DisplaySystem.dll	RANDY31.DLL::RDeltaState::SetRenderState	1002646b	1002661c	?,0x1b,0x1
DisplaySystem.dll	RANDY31.DLL::RDeltaState::SetRenderState	1002646b	10026628	?,0x13,0x5
DisplaySystem.dll	RANDY31.DLL::RDeltaState::SetRenderState	1002646b	1002663e	?,0x14,?
DisplaySystem.dll	RANDY31.DLL::RDeltaState::SetRenderState	1000fe87	1000ffe2	?,0x88,0x1
DisplaySystem.dll	RANDY31.DLL::RDeltaState::SetRenderState	1000fe87	1000fff1	?,0x89,0x0
DisplaySystem.dll	RANDY31.DLL::RDeltaState::SetRenderState	1000fe87	1000fffd	?,0xe,0x0
DisplaySystem.dll	RANDY31.DLL::RDeltaState::SetRenderState	1000fe87	1001000b	?,0x8d,0x1
DisplaySystem.dll	RANDY31.DLL::RDeltaState::SetRenderState	1000fe87	10010016	?,0x16,0x1
DisplaySystem.dll	RANDY31.DLL::RDeltaState::SetRenderState	1000fe87	10010024	?,0x94,0x1
DisplaySystem.dll	RANDY31.DLL::RDeltaState::SetTextureStageState	1000fe87	10010040	?,0x0,0x1,0x4
DisplaySystem.dll	RANDY31.DLL::RDeltaState::SetTextureStageState	1000fe87	1001004e	?,0x0,0x2,0x2
DisplaySystem.dll	RANDY31.DLL::RDeltaState::SetTextureStageState	1000fe87	1001005c	?,0x0,0x3,0x0
DisplaySystem.dll	RANDY31.DLL::RDeltaState::SetTextureStageState	1000fe87	1001006a	?,0x0,0x4,0x4
DisplaySystem.dll	RANDY31.DLL::RDeltaState::SetTextureStageState	1000fe87	10010078	?,0x0,0x5,0x2
DisplaySystem.dll	RANDY31.DLL::RDeltaState::SetTextureStageState	1000fe87	1001008a	?,0x0,0x1,0x2
DisplaySystem.dll	RANDY31.DLL::RDeltaState::SetTextureStageState	1000fe87	10010098	?,0x0,0x2,0x0
DisplaySystem.dll	RANDY31.DLL::RDeltaState::SetTextureStageState	1000fe87	100100a6	?,0x0,0x4,0x2
DisplaySystem.dll	RANDY31.DLL::RDeltaState::SetTextureStageState	1000fe87	100100b4	?,0x0,?,0x0
DisplaySystem.dll	RANDY31.DLL::RDeltaState::SetRenderState	1000fe87	100100c9	?,0x1b,0x1
DisplaySystem.dll	RANDY31.DLL::RDeltaState::SetRenderState	1000fe87	100100d5	?,0x13,0x5
DisplaySystem.dll	RANDY31.DLL::RDeltaState::SetRenderState	1000fe87	100100db	?,0x1b,0x1
DisplaySystem.dll	RANDY31.DLL::RDeltaState::SetRenderState	1000fe87	100100e7	?,0x13,0x1
DisplaySystem.dll	RANDY31.DLL::RDeltaState::SetRenderState	1000fe87	100100f3	?,0x14,?
DisplaySystem.dll	RANDY31.DLL::RDeltaState::SetTextureStageState	1000fe87	1001010a	?,0x0,0x10,0x1
DisplaySystem.dll	RANDY31.DLL::RDeltaState::SetTextureStageState	1000fe87	10010117	?,0x0,0x12,0x1
DisplaySystem.dll	RANDY31.DLL::RDeltaState::SetTextureStageState	1000fe87	10010124	?,0x0,0x11,0x1
DisplaySystem.dll	RANDY31.DLL::RDeltaState::SetRenderState	10039373	100393d8	?,0x88,0x1
DisplaySystem.dll	RANDY31.DLL::RDeltaState::SetRenderState	10039373	100393e6	?,0x89,0x0
DisplaySystem.dll	RANDY31.DLL::RDeltaState::SetRenderState	10039373	100393f1	?,0xe,0x0
DisplaySystem.dll	RANDY31.DLL::RDeltaState::SetRenderState	10039373	10039400	?,0x8d,0x1
DisplaySystem.dll	RANDY31.DLL::RDeltaState::SetRenderState	10039373	1003940c	?,0x16,0x1
DisplaySystem.dll	RANDY31.DLL::RDeltaState::SetTextureStageState	10039373	10039427	?,0x0,0x1,0x4
DisplaySystem.dll	RANDY31.DLL::RDeltaState::SetTextureStageState	10039373	10039435	?,0x0,0x2,0x2
DisplaySystem.dll	RANDY31.DLL::RDeltaState::SetTextureStageState	10039373	10039443	?,0x0,0x3,0x0
DisplaySystem.dll	RANDY31.DLL::RDeltaState::SetTextureStageState	10039373	10039451	?,0x0,0x4,0x4
DisplaySystem.dll	RANDY31.DLL::RDeltaState::SetTextureStageState	10039373	1003945f	?,0x0,0x5,0x2
DisplaySystem.dll	RANDY31.DLL::RDeltaState::SetTextureStageState	10039373	10039472	?,0x0,0x1,0x2
DisplaySystem.dll	RANDY31.DLL::RDeltaState::SetTextureStageState	10039373	10039480	?,0x0,0x2,0x0
DisplaySystem.dll	RANDY31.DLL::RDeltaState::SetTextureStageState	10039373	1003948e	?,0x0,0x4,0x2
DisplaySystem.dll	RANDY31.DLL::RDeltaState::SetTextureStageState	10039373	1003949c	?,0x0,?,0x0
DisplaySystem.dll	RANDY31.DLL::RDeltaState::SetRenderState	10039373	100394a8	?,0x1b,0x1
DisplaySystem.dll	RANDY31.DLL::RDeltaState::SetRenderState	10039373	100394b4	?,0x13,0x5
DisplaySystem.dll	RANDY31.DLL::RDeltaState::SetRenderState	10039373	100394c0	?,0x14,0x6
DisplaySystem.dll	RANDY31.DLL::RDeltaState::SetRenderState	100109a4	10010bf5	?,0x88,0x1
DisplaySystem.dll	RANDY31.DLL::RDeltaState::SetRenderState	100109a4	10010c04	?,0x89,0x0
DisplaySystem.dll	RANDY31.DLL::RDeltaState::SetRenderState	100109a4	10010c10	?,0xe,0x0
DisplaySystem.dll	RANDY31.DLL::RDeltaState::SetRenderState	100109a4	10010c1e	?,0x8d,0x1
DisplaySystem.dll	RANDY31.DLL::RDeltaState::SetRenderState	100109a4	10010c2c	?,0x94,0x1
DisplaySystem.dll	RANDY31.DLL::RDeltaState::SetTextureStageState	100109a4	10010c48	?,0x0,0x1,0x4
DisplaySystem.dll	RANDY31.DLL::RDeltaState::SetTextureStageState	100109a4	10010c56	?,0x0,0x2,0x2
DisplaySystem.dll	RANDY31.DLL::RDeltaState::SetTextureStageState	100109a4	10010c64	?,0x0,0x3,0x0
DisplaySystem.dll	RANDY31.DLL::RDeltaState::SetTextureStageState	100109a4	10010c72	?,0x0,0x4,0x4
DisplaySystem.dll	RANDY31.DLL::RDeltaState::SetTextureStageState	100109a4	10010c80	?,0x0,0x5,0x2
DisplaySystem.dll	RANDY31.DLL::RDeltaState::SetTextureStageState	100109a4	10010c92	?,0x0,0x1,0x2
DisplaySystem.dll	RANDY31.DLL::RDeltaState::SetTextureStageState	100109a4	10010ca0	?,0x0,0x2,0x0
DisplaySystem.dll	RANDY31.DLL::RDeltaState::SetTextureStageState	100109a4	10010cae	?,0x0,0x4,0x2
DisplaySystem.dll	RANDY31.DLL::RDeltaState::SetTextureStageState	100109a4	10010cbc	?,0x0,?,0x0
DisplaySystem.dll	RANDY31.DLL::RDeltaState::SetRenderState	100109a4	10010cc8	?,0x1b,0x1
DisplaySystem.dll	RANDY31.DLL::RDeltaState::SetRenderState	100109a4	10010cd4	?,0x13,0x2
DisplaySystem.dll	RANDY31.DLL::RDeltaState::SetRenderState	100109a4	10010ce0	?,0x14,0x6
DisplaySystem.dll	RANDY31.DLL::RDeltaState::SetTextureStageState	100109a4	10010cf7	?,0x0,0x10,0x1
DisplaySystem.dll	RANDY31.DLL::RDeltaState::SetTextureStageState	100109a4	10010d04	?,0x0,0x12,0x1
DisplaySystem.dll	RANDY31.DLL::RDeltaState::SetTextureStageState	100109a4	10010d11	?,0x0,0x11,0x1
DisplaySystem.dll	RANDY31.DLL::RDeltaState::SetRenderState	10031692	100316f7	?,0x1b,0x1
DisplaySystem.dll	RANDY31.DLL::RDeltaState::SetRenderState	10031692	10031705	?,0x13,0x5
DisplaySystem.dll	RANDY31.DLL::RDeltaState::SetRenderState	10031692	10031713	?,0x14,0x2
DisplaySystem.dll	RANDY31.DLL::RDeltaState::SetRenderState	10031692	10031721	?,0xe,0x0
DisplaySystem.dll	RANDY31.DLL::RDeltaState::SetRenderState	10031692	10031758	?,0x1b,0x1
DisplaySystem.dll	RANDY31.DLL::RDeltaState::SetRenderState	10031692	10031767	?,0x13,0x5
DisplaySystem.dll	RANDY31.DLL::RDeltaState::SetRenderState	10031692	10031776	?,0x14,0x2
DisplaySystem.dll	RANDY31.DLL::RDeltaState::SetRenderState	10031692	10031785	?,0xe,0x0
DisplaySystem.dll	RANDY31.DLL::StateBlob_c::SetRenderState	1003db41	1003dbca	?,0x16,0x1
DisplaySystem.dll	RANDY31.DLL::StateBlob_c::SetRenderState	1003db41	1003dbd6	?,0x1c,0x1
DisplaySystem.dll	RANDY31.DLL::StateBlob_c::SetRenderState	1003db41	1003dbe2	?,0x16,0x1
DisplaySystem.dll	RANDY31.DLL::StateBlob_c::SetRenderState	1003db41	1003dbee	?,0x1b,0x1
DisplaySystem.dll	RANDY31.DLL::StateBlob_c::SetRenderState	1003db41	1003dbfc	?,0x89,0x0
DisplaySystem.dll	RANDY31.DLL::StateBlob_c::SetRenderState	1003db41	1003dc08	?,0x13,0x5
DisplaySystem.dll	RANDY31.DLL::StateBlob_c::SetRenderState	1003db41	1003dc14	?,0x14,0x6
DisplaySystem.dll	RANDY31.DLL::StateBlob_c::SetRenderState	1003db41	1003dc1f	?,0x4,0x0
DisplaySystem.dll	RANDY31.DLL::StateBlob_c::SetTextureStageState	1003db41	1003dc31	?,0x0,0x18,0x0
DisplaySystem.dll	RANDY31.DLL::StateBlob_c::SetTextureStageState	1003db41	1003dc3f	?,0x0,0x1,0x2
DisplaySystem.dll	RANDY31.DLL::StateBlob_c::SetTextureStageState	1003db41	1003dc4d	?,0x0,0x2,0x2
DisplaySystem.dll	RANDY31.DLL::StateBlob_c::SetTextureStageState	1003db41	1003dc5b	?,0x0,0x4,0x2
DisplaySystem.dll	RANDY31.DLL::StateBlob_c::SetTextureStageState	1003db41	1003dc69	?,0x0,0x5,0x0
DisplaySystem.dll	RANDY31.DLL::StateBlob_c::SetTextureStageState	1003db41	1003dc77	?,0x0,0xc,0x2
DisplaySystem.dll	RANDY31.DLL::StateBlob_c::SetTextureStageState	1003db41	1003dc85	?,0x0,0xd,0x2
DisplaySystem.dll	RANDY31.DLL::StateBlob_c::SetTextureStageState	1003db41	1003dc93	?,0x0,0xe,0x2
DisplaySystem.dll	RANDY31.DLL::StateBlob_c::SetRenderState	1003db41	1003dc9f	?,0x16,0x1
DisplaySystem.dll	RANDY31.DLL::StateBlob_c::SetRenderState	1003db41	1003dcab	?,0x1d,0x1
DisplaySystem.dll	RANDY31.DLL::StateBlob_c::SetRenderState	1003db41	1003dcb7	?,0x1b,0x1
DisplaySystem.dll	RANDY31.DLL::StateBlob_c::SetRenderState	1003db41	1003dcc3	?,0x16,0x1
DisplaySystem.dll	RANDY31.DLL::StateBlob_c::SetRenderState	1003db41	1003dccf	?,0x1b,0x1
DisplaySystem.dll	RANDY31.DLL::StateBlob_c::SetRenderState	1003db41	1003dcdb	?,0x13,0x6
DisplaySystem.dll	RANDY31.DLL::StateBlob_c::SetRenderState	1003db41	1003dce7	?,0x14,0x5
DisplaySystem.dll	RANDY31.DLL::StateBlob_c::SetRenderState	1003db41	1003dcf3	?,0x16,0x1
DisplaySystem.dll	RANDY31.DLL::StateBlob_c::SetRenderState	1003db41	1003dcff	?,0x1b,0x1
DisplaySystem.dll	RANDY31.DLL::StateBlob_c::SetRenderState	1003db41	1003dd0e	?,0x89,0x0
DisplaySystem.dll	RANDY31.DLL::StateBlob_c::SetTextureStageState	1003db41	1003dd1c	?,0x0,0x18,0x2
DisplaySystem.dll	RANDY31.DLL::StateBlob_c::SetRenderState	1003db41	1003dd28	?,0x16,0x1
DisplaySystem.dll	RANDY31.DLL::StateBlob_c::SetRenderState	1003db41	1003dd34	?,0x1b,0x1
DisplaySystem.dll	RANDY31.DLL::StateBlob_c::SetRenderState	1003db41	1003dd43	?,0x89,0x0
DisplaySystem.dll	RANDY31.DLL::StateBlob_c::SetRenderState	1003db41	1003dd4f	?,0x13,0x6
DisplaySystem.dll	RANDY31.DLL::StateBlob_c::SetRenderState	1003db41	1003dd5b	?,0x14,0x5
DisplaySystem.dll	RANDY31.DLL::StateBlob_c::SetTextureStageState	1003db41	1003dd69	?,0x0,0x18,0x2
DisplaySystem.dll	RANDY31.DLL::StateBlob_c::SetRenderState	1003db41	1003dd75	?,0x16,0x1
DisplaySystem.dll	RANDY31.DLL::StateBlob_c::SetRenderState	1003db41	1003dd81	?,0x1b,0x1
DisplaySystem.dll	RANDY31.DLL::StateBlob_c::SetRenderState	1003db41	1003dd90	?,0x89,0x0
DisplaySystem.dll	RANDY31.DLL::StateBlob_c::SetRenderState	1003db41	1003dd9c	?,0x13,0x5
DisplaySystem.dll	RANDY31.DLL::StateBlob_c::SetRenderState	1003db41	1003dda8	?,0x14,0x6
DisplaySystem.dll	RANDY31.DLL::StateBlob_c::SetTextureStageState	1003db41	1003ddb6	?,0x0,0x18,0x2
DisplaySystem.dll	RANDY31.DLL::StateBlob_c::SetTextureStageState	1003db41	1003ddc4	?,0x0,0x1,0x4
DisplaySystem.dll	RANDY31.DLL::StateBlob_c::SetTextureStageState	1003db41	1003ddd2	?,0x0,0x2,0x2
DisplaySystem.dll	RANDY31.DLL::StateBlob_c::SetTextureStageState	1003db41	1003dde0	?,0x0,0x3,0x0
DisplaySystem.dll	RANDY31.DLL::StateBlob_c::SetTextureStageState	1003db41	1003ddee	?,0x0,0x4,0x3
DisplaySystem.dll	RANDY31.DLL::StateBlob_c::SetTextureStageState	1003db41	1003ddfc	?,0x0,0x6,0x0
DisplaySystem.dll	RANDY31.DLL::StateBlob_c::SetRenderState	1003db41	1003de08	?,0x16,0x1
DisplaySystem.dll	RANDY31.DLL::StateBlob_c::SetRenderState	1003db41	1003de14	?,0x1b,0x1
DisplaySystem.dll	RANDY31.DLL::StateBlob_c::SetRenderState	1003db41	1003de23	?,0x89,0x0
DisplaySystem.dll	RANDY31.DLL::StateBlob_c::SetRenderState	1003db41	1003de2f	?,0x13,0x5
DisplaySystem.dll	RANDY31.DLL::StateBlob_c::SetRenderState	1003db41	1003de3b	?,0x14,0x6
DisplaySystem.dll	RANDY31.DLL::StateBlob_c::SetTextureStageState	1003db41	1003de49	?,0x0,0x1,0x2
DisplaySystem.dll	RANDY31.DLL::StateBlob_c::SetTextureStageState	1003db41	1003de57	?,0x0,0x2,0x2
DisplaySystem.dll	RANDY31.DLL::StateBlob_c::SetTextureStageState	1003db41	1003de65	?,0x0,0x4,0x2
DisplaySystem.dll	RANDY31.DLL::StateBlob_c::SetTextureStageState	1003db41	1003de73	?,0x0,0x5,0x2
DisplaySystem.dll	RANDY31.DLL::StateBlob_c::SetTextureStageState	1003db41	1003de81	?,0x0,0x18,0x3
DisplaySystem.dll	RANDY31.DLL::StateBlob_c::SetTextureStageState	1003db41	1003de92	?,0x0,0xb,0x20000
DisplaySystem.dll	RANDY31.DLL::StateBlob_c::SetTextureStageState	1003db41	1003dea0	?,0x0,0xc,0x1
DisplaySystem.dll	RANDY31.DLL::StateBlob_c::SetTextureStageState	1003db41	1003deae	?,0x0,0xd,0x1
DisplaySystem.dll	RANDY31.DLL::StateBlob_c::SetTextureStageState	1003db41	1003debc	?,0x0,0xe,0x1
DisplaySystem.dll	RANDY31.DLL::StateBlob_c::SetTextureStageState	1003db41	1003deca	?,0x0,0x11,0x2
DisplaySystem.dll	RANDY31.DLL::StateBlob_c::SetTextureStageState	1003db41	1003ded8	?,0x0,0x10,0x2
DisplaySystem.dll	RANDY31.DLL::StateBlob_c::SetTextureStageState	1003db41	1003dee6	?,0x1,0x1,0x2
DisplaySystem.dll	RANDY31.DLL::StateBlob_c::SetTextureStageState	1003db41	1003def4	?,0x1,0x2,0x1
DisplaySystem.dll	RANDY31.DLL::StateBlob_c::SetTextureStageState	1003db41	1003df02	?,0x1,0x4,0x4
DisplaySystem.dll	RANDY31.DLL::StateBlob_c::SetTextureStageState	1003db41	1003df10	?,0x1,0x5,0x2
DisplaySystem.dll	RANDY31.DLL::StateBlob_c::SetTextureStageState	1003db41	1003df1e	?,0x1,0x6,0x1
DisplaySystem.dll	RANDY31.DLL::StateBlob_c::SetTextureStageState	1003db41	1003df2c	?,0x1,0x18,0x3
DisplaySystem.dll	RANDY31.DLL::StateBlob_c::SetTextureStageState	1003db41	1003df3d	?,0x1,0xb,0x20000
DisplaySystem.dll	RANDY31.DLL::StateBlob_c::SetTextureStageState	1003db41	1003df4b	?,0x1,0xc,0x1
DisplaySystem.dll	RANDY31.DLL::StateBlob_c::SetTextureStageState	1003db41	1003df59	?,0x1,0xd,0x1
DisplaySystem.dll	RANDY31.DLL::StateBlob_c::SetTextureStageState	1003db41	1003df67	?,0x1,0xe,0x1
DisplaySystem.dll	RANDY31.DLL::StateBlob_c::SetTextureStageState	1003db41	1003df75	?,0x1,0x11,0x2
DisplaySystem.dll	RANDY31.DLL::StateBlob_c::SetTextureStageState	1003db41	1003df83	?,0x1,0x10,0x2
DisplaySystem.dll	RANDY31.DLL::StateBlob_c::SetRenderState	1003db41	1003df8f	?,0x16,0x1
DisplaySystem.dll	RANDY31.DLL::StateBlob_c::SetRenderState	1003db41	1003df9b	?,0x1b,0x1
DisplaySystem.dll	RANDY31.DLL::StateBlob_c::SetRenderState	1003db41	1003dfaa	?,0x89,0x0
DisplaySystem.dll	RANDY31.DLL::StateBlob_c::SetRenderState	1003db41	1003dfb6	?,0x13,0x6
DisplaySystem.dll	RANDY31.DLL::StateBlob_c::SetRenderState	1003db41	1003dfc2	?,0x14,0x5
DisplaySystem.dll	RANDY31.DLL::StateBlob_c::SetTextureStageState	1003db41	1003dfd0	?,0x0,0x1,0x4
DisplaySystem.dll	RANDY31.DLL::StateBlob_c::SetTextureStageState	1003db41	1003dfde	?,0x0,0x2,0x2
DisplaySystem.dll	RANDY31.DLL::StateBlob_c::SetTextureStageState	1003db41	1003dfec	?,0x0,0x3,0x0
DisplaySystem.dll	RANDY31.DLL::StateBlob_c::SetTextureStageState	1003db41	1003dffa	?,0x0,0x4,0x3
DisplaySystem.dll	RANDY31.DLL::StateBlob_c::SetTextureStageState	1003db41	1003e008	?,0x0,0x6,0x0
DisplaySystem.dll	RANDY31.DLL::StateBlob_c::SetRenderState	1003db41	1003e014	?,0x16,0x1
DisplaySystem.dll	RANDY31.DLL::StateBlob_c::SetTextureStageState	1003db41	1003e022	?,0x0,0x1,0x2
DisplaySystem.dll	RANDY31.DLL::StateBlob_c::SetTextureStageState	1003db41	1003e030	?,0x0,0x2,0x2
DisplaySystem.dll	RANDY31.DLL::StateBlob_c::SetTextureStageState	1003db41	1003e03e	?,0x0,0x3,0x1
DisplaySystem.dll	RANDY31.DLL::StateBlob_c::SetTextureStageState	1003db41	1003e04c	?,0x0,0x18,0x3
DisplaySystem.dll	RANDY31.DLL::StateBlob_c::SetTextureStageState	1003db41	1003e05a	?,0x0,0xc,0x1
DisplaySystem.dll	RANDY31.DLL::StateBlob_c::SetTextureStageState	1003db41	1003e068	?,0x0,0xd,0x1
DisplaySystem.dll	RANDY31.DLL::StateBlob_c::SetTextureStageState	1003db41	1003e076	?,0x0,0xe,0x1
DisplaySystem.dll	RANDY31.DLL::StateBlob_c::SetTextureStageState	1003db41	1003e084	?,0x0,0x11,0x2
DisplaySystem.dll	RANDY31.DLL::StateBlob_c::SetTextureStageState	1003db41	1003e092	?,0x0,0x10,0x2
DisplaySystem.dll	RANDY31.DLL::StateBlob_c::SetTextureStageState	1003db41	1003e0a3	?,0x0,0xb,0x20000
DisplaySystem.dll	RANDY31.DLL::StateBlob_c::SetRenderState	1003db41	1003e0af	?,0x16,0x1
DisplaySystem.dll	RANDY31.DLL::StateBlob_c::SetRenderState	1003db41	1003e0be	?,0x89,0x0
DisplaySystem.dll	RANDY31.DLL::StateBlob_c::SetRenderState	1003db41	1003e0ca	?,0x1b,0x1
DisplaySystem.dll	RANDY31.DLL::StateBlob_c::SetRenderState	1003db41	1003e0d6	?,0x13,0x2
DisplaySystem.dll	RANDY31.DLL::StateBlob_c::SetRenderState	1003db41	1003e0e2	?,0x14,0x4
DisplaySystem.dll	RANDY31.DLL::StateBlob_c::SetTextureStageState	1003db41	1003e0f0	?,0x0,0x1,0x2
DisplaySystem.dll	RANDY31.DLL::StateBlob_c::SetTextureStageState	1003db41	1003e0fe	?,0x0,0x2,0x2
DisplaySystem.dll	RANDY31.DLL::StateBlob_c::SetTextureStageState	1003db41	1003e10c	?,0x0,0x18,0x3
DisplaySystem.dll	RANDY31.DLL::StateBlob_c::SetTextureStageState	1003db41	1003e11d	?,0x0,0xb,0x20000
DisplaySystem.dll	RANDY31.DLL::StateBlob_c::SetTextureStageState	1003db41	1003e12b	?,0x0,0xc,0x1
DisplaySystem.dll	RANDY31.DLL::StateBlob_c::SetTextureStageState	1003db41	1003e139	?,0x0,0xd,0x1
DisplaySystem.dll	RANDY31.DLL::StateBlob_c::SetTextureStageState	1003db41	1003e147	?,0x0,0xe,0x1
DisplaySystem.dll	RANDY31.DLL::StateBlob_c::SetTextureStageState	1003db41	1003e155	?,0x0,0x11,0x2
DisplaySystem.dll	RANDY31.DLL::StateBlob_c::SetTextureStageState	1003db41	1003e163	?,0x0,0x10,0x2
DisplaySystem.dll	RANDY31.DLL::StateBlob_c::SetTextureStageState	1003db41	1003e171	?,0x1,0x1,0x7
DisplaySystem.dll	RANDY31.DLL::StateBlob_c::SetTextureStageState	1003db41	1003e17f	?,0x1,0x2,0x2
DisplaySystem.dll	RANDY31.DLL::StateBlob_c::SetTextureStageState	1003db41	1003e18d	?,0x1,0x3,0x1
DisplaySystem.dll	RANDY31.DLL::StateBlob_c::SetTextureStageState	1003db41	1003e19b	?,0x1,0x18,0x3
DisplaySystem.dll	RANDY31.DLL::StateBlob_c::SetTextureStageState	1003db41	1003e1ac	?,0x1,0xb,0x20000
DisplaySystem.dll	RANDY31.DLL::StateBlob_c::SetTextureStageState	1003db41	1003e1ba	?,0x1,0xc,0x1
DisplaySystem.dll	RANDY31.DLL::StateBlob_c::SetTextureStageState	1003db41	1003e1c8	?,0x1,0xd,0x1
DisplaySystem.dll	RANDY31.DLL::StateBlob_c::SetTextureStageState	1003db41	1003e1d6	?,0x1,0xe,0x1
DisplaySystem.dll	RANDY31.DLL::StateBlob_c::SetTextureStageState	1003db41	1003e1e4	?,0x1,0x11,0x2
DisplaySystem.dll	RANDY31.DLL::StateBlob_c::SetTextureStageState	1003db41	1003e1f2	?,0x1,0x10,0x2
DisplaySystem.dll	RANDY31.DLL::StateBlob_c::SetRenderState	10058baf	10058bca	?,0x17,0x8
DisplaySystem.dll	RANDY31.DLL::StateBlob_c::SetRenderState	10058baf	10058bd6	?,0xe,0x0
DisplaySystem.dll	RANDY31.DLL::StateBlob_c::SetRenderState	10058baf	10058be2	?,0x1b,0x0
DisplaySystem.dll	RANDY31.DLL::StateBlob_c::SetRenderState	10058baf	10058bee	?,0x1c,0x0
DisplaySystem.dll	RANDY31.DLL::StateBlob_c::SetRenderState	10058baf	10058bfd	?,0x89,0x0
DisplaySystem.dll	RANDY31.DLL::StateBlob_c::SetRenderState	10058baf	10058c0c	?,0x80,0x0
DisplaySystem.dll	RANDY31.DLL::StateBlob_c::SetTextureStageState	10058baf	10058c20	?,0x0,0x1,0x2
DisplaySystem.dll	RANDY31.DLL::StateBlob_c::SetTextureStageState	10058baf	10058c2e	?,0x0,0x2,0x2
DisplaySystem.dll	RANDY31.DLL::StateBlob_c::SetTextureStageState	10058baf	10058c3c	?,0x0,0x4,0x1
DisplaySystem.dll	RANDY31.DLL::StateBlob_c::SetTextureStageState	10058baf	10058c4a	?,0x0,0x10,0x1
DisplaySystem.dll	RANDY31.DLL::StateBlob_c::SetTextureStageState	10058baf	10058c58	?,0x0,0x11,0x1
DisplaySystem.dll	RANDY31.DLL::StateBlob_c::SetTextureStageState	10058baf	10058c66	?,0x0,0x12,0x1
DisplaySystem.dll	RANDY31.DLL::StateBlob_c::SetTextureStageState	10058baf	10058c74	?,0x0,0xc,0x3
DisplaySystem.dll	RANDY31.DLL::StateBlob_c::SetTextureStageState	10058baf	10058c82	?,0x1,0x1,0x1
DisplaySystem.dll	RANDY31.DLL::StateBlob_c::SetTextureStageState	10058baf	10058c90	?,0x1,0x4,0x1
DisplaySystem.dll	RANDY31.DLL::StateBlob_c::SetRenderState	10058baf	10058c9c	?,0x17,0x8
DisplaySystem.dll	RANDY31.DLL::StateBlob_c::SetRenderState	10058baf	10058ca8	?,0xe,0x0
DisplaySystem.dll	RANDY31.DLL::StateBlob_c::SetRenderState	10058baf	10058cb4	?,0x1b,0x0
DisplaySystem.dll	RANDY31.DLL::StateBlob_c::SetRenderState	10058baf	10058cc0	?,0x1c,0x0
DisplaySystem.dll	RANDY31.DLL::StateBlob_c::SetRenderState	10058baf	10058ccf	?,0x89,0x0
DisplaySystem.dll	RANDY31.DLL::StateBlob_c::SetTextureStageState	10058baf	10058cdd	?,0x0,0x1,0x2
DisplaySystem.dll	RANDY31.DLL::StateBlob_c::SetTextureStageState	10058baf	10058ceb	?,0x0,0x2,0x2
DisplaySystem.dll	RANDY31.DLL::StateBlob_c::SetTextureStageState	10058baf	10058cf9	?,0x0,0x4,0x1
DisplaySystem.dll	RANDY31.DLL::StateBlob_c::SetTextureStageState	10058baf	10058d07	?,0x0,0x10,0x2
DisplaySystem.dll	RANDY31.DLL::StateBlob_c::SetTextureStageState	10058baf	10058d15	?,0x0,0x11,0x2
DisplaySystem.dll	RANDY31.DLL::StateBlob_c::SetTextureStageState	10058baf	10058d23	?,0x0,0x12,0x1
DisplaySystem.dll	RANDY31.DLL::StateBlob_c::SetTextureStageState	10058baf	10058d31	?,0x0,0xc,0x3
DisplaySystem.dll	RANDY31.DLL::StateBlob_c::SetTextureStageState	10033b97	10034128	?,0x0,0x1,0x4
DisplaySystem.dll	RANDY31.DLL::StateBlob_c::SetTextureStageState	10033b97	10034136	?,0x0,0x2,0x0
DisplaySystem.dll	RANDY31.DLL::StateBlob_c::SetTextureStageState	10033b97	10034144	?,0x0,0x3,0x2
DisplaySystem.dll	RANDY31.DLL::StateBlob_c::SetTextureStageState	10033b97	10034155	?,0x0,0xb,0x20000
DisplaySystem.dll	RANDY31.DLL::StateBlob_c::SetTextureStageState	10033b97	10034163	?,0x0,0x18,0x3
DisplaySystem.dll	RANDY31.DLL::StateBlob_c::SetTextureStageState	10033b97	10034171	?,0x0,0xc,0x1
DisplaySystem.dll	RANDY31.DLL::StateBlob_c::SetRenderState	10033b97	10034183	?,0xe,0x0
DisplaySystem.dll	RANDY31.DLL::StateBlob_c::SetRenderState	10033b97	1003418f	?,0x17,0x3
DisplaySystem.dll	RANDY31.DLL::StateBlob_c::SetRenderState	10033b97	1003419e	?,0x89,0x1
DisplaySystem.dll	RANDY31.DLL::StateBlob_c::SetRenderState	10033b97	100341aa	?,0x13,0x2
DisplaySystem.dll	RANDY31.DLL::StateBlob_c::SetRenderState	10033b97	100341b6	?,0x14,0x2
DisplaySystem.dll	RANDY31.DLL::StateBlob_c::SetRenderState	10033b97	100341c2	?,0x1b,0x1
DisplaySystem.dll	RANDY31.DLL::StateBlob_c::SetRenderState	10033b97	100341ce	?,0x22,0x0
DisplaySystem.dll	RANDY31.DLL::StateBlob_c::SetRenderState	10033b97	100341dd	?,0x8b,0x0
DisplaySystem.dll	RANDY31.DLL::StateBlob_c::SetTextureStageState	10033b97	100341eb	?,0x0,0xb,0x0
DisplaySystem.dll	RANDY31.DLL::StateBlob_c::SetTextureStageState	10033b97	100341f9	?,0x0,0x1,0x4
DisplaySystem.dll	RANDY31.DLL::StateBlob_c::SetTextureStageState	10033b97	10034207	?,0x0,0x2,0x2
DisplaySystem.dll	RANDY31.DLL::StateBlob_c::SetTextureStageState	10033b97	10034215	?,0x0,0x3,0x0
DisplaySystem.dll	RANDY31.DLL::StateBlob_c::SetTextureStageState	10033b97	10034223	?,0x0,0x4,0x2
DisplaySystem.dll	RANDY31.DLL::StateBlob_c::SetTextureStageState	10033b97	10034231	?,0x0,0x5,0x2
DisplaySystem.dll	RANDY31.DLL::StateBlob_c::SetTextureStageState	10033b97	1003423f	?,0x0,0x10,0x2
DisplaySystem.dll	RANDY31.DLL::StateBlob_c::SetTextureStageState	10033b97	1003424d	?,0x0,0x11,0x2
DisplaySystem.dll	RANDY31.DLL::StateBlob_c::SetTextureStageState	10033b97	1003425c	?,0x0,0x12,?
DisplaySystem.dll	RANDY31.DLL::StateBlob_c::SetTextureStageState	10033b97	1003426a	?,0x0,0xc,0x3
DisplaySystem.dll	RANDY31.DLL::StateBlob_c::SetRenderState	10033b97	10034279	?,0x18,0x80
DisplaySystem.dll	RANDY31.DLL::StateBlob_c::SetRenderState	10033b97	10034285	?,0x19,0x5
DisplaySystem.dll	RANDY31.DLL::StateBlob_c::SetRenderState	10033b97	10034291	?,0xf,0x1
DisplaySystem.dll	RANDY31.DLL::StateBlob_c::SetRenderState	10033b97	1003429d	?,0x29,0x0
DisplaySystem.dll	RANDY31.DLL::StateBlob_c::SetRenderState	10033b97	100342a9	?,0x1a,0x0
DisplaySystem.dll	RANDY31.DLL::StateBlob_c::SetRenderState	10033b97	100342b8	?,0x88,0x1
DisplaySystem.dll	RANDY31.DLL::StateBlob_c::SetTextureStageState	10033b97	100342c6	?,0x0,0xb,0x1
DisplaySystem.dll	RANDY31.DLL::StateBlob_c::SetTextureStageState	10033b97	100342d4	?,0x0,0x1,0x7
DisplaySystem.dll	RANDY31.DLL::StateBlob_c::SetTextureStageState	10033b97	100342e2	?,0x0,0x2,0x2
DisplaySystem.dll	RANDY31.DLL::StateBlob_c::SetTextureStageState	10033b97	100342f0	?,0x0,0x3,0x0
DisplaySystem.dll	RANDY31.DLL::StateBlob_c::SetTextureStageState	10033b97	100342fe	?,0x0,0x10,0x2
DisplaySystem.dll	RANDY31.DLL::StateBlob_c::SetTextureStageState	10033b97	1003430c	?,0x0,0x11,0x2
DisplaySystem.dll	RANDY31.DLL::StateBlob_c::SetTextureStageState	10033b97	1003431b	?,0x0,0x12,?
DisplaySystem.dll	RANDY31.DLL::StateBlob_c::SetTextureStageState	10033b97	10034329	?,0x0,0xc,0x3
DisplaySystem.dll	RANDY31.DLL::StateBlob_c::SetTextureStageState	10033b97	10034337	?,0x1,0xb,0x0
DisplaySystem.dll	RANDY31.DLL::StateBlob_c::SetTextureStageState	10033b97	10034345	?,0x1,0x1,0x4
DisplaySystem.dll	RANDY31.DLL::StateBlob_c::SetTextureStageState	10033b97	10034353	?,0x1,0x2,0x2
DisplaySystem.dll	RANDY31.DLL::StateBlob_c::SetTextureStageState	10033b97	10034361	?,0x1,0x3,0x1
DisplaySystem.dll	RANDY31.DLL::StateBlob_c::SetTextureStageState	10033b97	1003436f	?,0x1,0x4,0x2
DisplaySystem.dll	RANDY31.DLL::StateBlob_c::SetTextureStageState	10033b97	1003437d	?,0x1,0x5,0x2
DisplaySystem.dll	RANDY31.DLL::StateBlob_c::SetTextureStageState	10033b97	1003438b	?,0x1,0x10,0x2
DisplaySystem.dll	RANDY31.DLL::StateBlob_c::SetTextureStageState	10033b97	10034399	?,0x1,0x11,0x2
DisplaySystem.dll	RANDY31.DLL::StateBlob_c::SetTextureStageState	10033b97	100343a8	?,0x1,0x12,?
DisplaySystem.dll	RANDY31.DLL::StateBlob_c::SetTextureStageState	10033b97	100343b6	?,0x1,0xc,0x3
DisplaySystem.dll	RANDY31.DLL::StateBlob_c::SetRenderState	10033b97	100343c5	?,0x18,0x80
DisplaySystem.dll	RANDY31.DLL::StateBlob_c::SetRenderState	10033b97	100343d1	?,0x19,0x5
DisplaySystem.dll	RANDY31.DLL::StateBlob_c::SetRenderState	10033b97	100343dd	?,0xf,0x1
DisplaySystem.dll	RANDY31.DLL::StateBlob_c::SetRenderState	10033b97	100343e9	?,0x29,0x0
DisplaySystem.dll	RANDY31.DLL::StateBlob_c::SetRenderState	10033b97	100343f5	?,0x1a,0x0
DisplaySystem.dll	RANDY31.DLL::StateBlob_c::SetRenderState	10033b97	10034404	?,0x88,0x1
DisplaySystem.dll	RANDY31.DLL::StateBlob_c::SetTextureStageState	10033b97	10034412	?,0x0,0xb,0x0
DisplaySystem.dll	RANDY31.DLL::StateBlob_c::SetTextureStageState	10033b97	10034420	?,0x0,0x1,0x2
DisplaySystem.dll	RANDY31.DLL::StateBlob_c::SetTextureStageState	10033b97	1003442e	?,0x0,0x2,0x2
DisplaySystem.dll	RANDY31.DLL::StateBlob_c::SetTextureStageState	10033b97	1003443c	?,0x0,0x4,0x2
DisplaySystem.dll	RANDY31.DLL::StateBlob_c::SetTextureStageState	10033b97	1003444a	?,0x0,0x5,0x2
DisplaySystem.dll	RANDY31.DLL::StateBlob_c::SetTextureStageState	10033b97	10034458	?,0x0,0x10,0x2
DisplaySystem.dll	RANDY31.DLL::StateBlob_c::SetTextureStageState	10033b97	10034466	?,0x0,0x11,0x2
DisplaySystem.dll	RANDY31.DLL::StateBlob_c::SetTextureStageState	10033b97	10034475	?,0x0,0x12,?
DisplaySystem.dll	RANDY31.DLL::StateBlob_c::SetTextureStageState	10033b97	10034483	?,0x0,0xc,0x3
DisplaySystem.dll	RANDY31.DLL::StateBlob_c::SetRenderState	10033b97	10034492	?,0x89,0x0
DisplaySystem.dll	RANDY31.DLL::StateBlob_c::SetRenderState	10033b97	100344a1	?,0x18,0x80
DisplaySystem.dll	RANDY31.DLL::StateBlob_c::SetRenderState	10033b97	100344ad	?,0x19,0x5
DisplaySystem.dll	RANDY31.DLL::StateBlob_c::SetRenderState	10033b97	100344b9	?,0xf,0x1
DisplaySystem.dll	RANDY31.DLL::StateBlob_c::SetRenderState	10033b97	100344c5	?,0x29,0x0
DisplaySystem.dll	RANDY31.DLL::StateBlob_c::SetRenderState	10033b97	100344d1	?,0x1a,0x0
DisplaySystem.dll	RANDY31.DLL::StateBlob_c::SetRenderState	10033b97	100344e0	?,0x88,0x1
DisplaySystem.dll	RANDY31.DLL::StateBlob_c::SetTextureStageState	10033b97	100344ee	?,0x0,0xb,0x1
DisplaySystem.dll	RANDY31.DLL::StateBlob_c::SetTextureStageState	10033b97	100344fc	?,0x0,0x1,0x7
DisplaySystem.dll	RANDY31.DLL::StateBlob_c::SetTextureStageState	10033b97	1003450a	?,0x0,0x2,0x2
DisplaySystem.dll	RANDY31.DLL::StateBlob_c::SetTextureStageState	10033b97	10034518	?,0x0,0x3,0x0
DisplaySystem.dll	RANDY31.DLL::StateBlob_c::SetTextureStageState	10033b97	10034526	?,0x0,0x10,0x2
DisplaySystem.dll	RANDY31.DLL::StateBlob_c::SetTextureStageState	10033b97	10034534	?,0x0,0x11,0x2
DisplaySystem.dll	RANDY31.DLL::StateBlob_c::SetTextureStageState	10033b97	10034543	?,0x0,0x12,?
DisplaySystem.dll	RANDY31.DLL::StateBlob_c::SetTextureStageState	10033b97	10034551	?,0x0,0xc,0x3
DisplaySystem.dll	RANDY31.DLL::StateBlob_c::SetRenderState	10033b97	1003455d	?,0x13,0x1
DisplaySystem.dll	RANDY31.DLL::StateBlob_c::SetRenderState	10033b97	10034569	?,0x14,0x3
DisplaySystem.dll	RANDY31.DLL::StateBlob_c::SetRenderState	10033b97	10034575	?,0x1b,0x1
DisplaySystem.dll	RANDY31.DLL::StateBlob_c::SetRenderState	10033b97	10034581	?,0x29,0x0
DisplaySystem.dll	RANDY31.DLL::StateBlob_c::SetRenderState	10033b97	1003458d	?,0x1a,0x0
DisplaySystem.dll	RANDY31.DLL::StateBlob_c::SetRenderState	10033b97	1003459c	?,0x88,0x1
DisplaySystem.dll	RANDY31.DLL::StateBlob_c::SetRenderState	10033b97	100345a8	?,0x17,0x3
DisplaySystem.dll	RANDY31.DLL::StateBlob_c::SetRenderState	10033b97	100345b7	?,0x22,0xffffff
DisplaySystem.dll	RANDY31.DLL::RDeltaState::SetRenderState	1000bf1e	1000bf85	?,0x88,0x1
DisplaySystem.dll	RANDY31.DLL::RDeltaState::SetRenderState	1000bf1e	1000bf94	?,0x89,0x0
DisplaySystem.dll	RANDY31.DLL::RDeltaState::SetRenderState	1000bf1e	1000bfa0	?,0xe,0x0
DisplaySystem.dll	RANDY31.DLL::RDeltaState::SetRenderState	1000bf1e	1000bfae	?,0x8d,0x1
DisplaySystem.dll	RANDY31.DLL::RDeltaState::SetRenderState	1000bf1e	1000bfb9	?,0x16,0x1
DisplaySystem.dll	RANDY31.DLL::RDeltaState::SetRenderState	1000bf1e	1000bfc7	?,0x94,0x1
DisplaySystem.dll	RANDY31.DLL::RDeltaState::SetTextureStageState	1000bf1e	1000bfe3	?,0x0,0x1,0x4
DisplaySystem.dll	RANDY31.DLL::RDeltaState::SetTextureStageState	1000bf1e	1000bff1	?,0x0,0x2,0x2
DisplaySystem.dll	RANDY31.DLL::RDeltaState::SetTextureStageState	1000bf1e	1000bfff	?,0x0,0x3,0x0
DisplaySystem.dll	RANDY31.DLL::RDeltaState::SetTextureStageState	1000bf1e	1000c00d	?,0x0,0x4,0x4
DisplaySystem.dll	RANDY31.DLL::RDeltaState::SetTextureStageState	1000bf1e	1000c01b	?,0x0,0x5,0x2
DisplaySystem.dll	RANDY31.DLL::RDeltaState::SetTextureStageState	1000bf1e	1000c02d	?,0x0,0x1,0x2
DisplaySystem.dll	RANDY31.DLL::RDeltaState::SetTextureStageState	1000bf1e	1000c03b	?,0x0,0x2,0x0
DisplaySystem.dll	RANDY31.DLL::RDeltaState::SetTextureStageState	1000bf1e	1000c049	?,0x0,0x4,0x2
DisplaySystem.dll	RANDY31.DLL::RDeltaState::SetTextureStageState	1000bf1e	1000c057	?,0x0,?,0x0
DisplaySystem.dll	RANDY31.DLL::RDeltaState::SetRenderState	1000bf1e	1000c06c	?,0x1b,0x1
DisplaySystem.dll	RANDY31.DLL::RDeltaState::SetRenderState	1000bf1e	1000c078	?,0x13,0x5
DisplaySystem.dll	RANDY31.DLL::RDeltaState::SetRenderState	1000bf1e	1000c08d	?,0x1b,0x1
DisplaySystem.dll	RANDY31.DLL::RDeltaState::SetRenderState	1000bf1e	1000c099	?,0x13,0x5
DisplaySystem.dll	RANDY31.DLL::RDeltaState::SetRenderState	1000bf1e	1000c0a5	?,0x14,?
DisplaySystem.dll	RANDY31.DLL::RDeltaState::SetTextureStageState	1000bf1e	1000c0bc	?,0x0,0x10,0x1
DisplaySystem.dll	RANDY31.DLL::RDeltaState::SetTextureStageState	1000bf1e	1000c0c9	?,0x0,0x12,0x1
DisplaySystem.dll	RANDY31.DLL::RDeltaState::SetTextureStageState	1000bf1e	1000c0d6	?,0x0,0x11,0x1
DisplaySystem.dll	RANDY31.DLL::StateBlob_c::SetRenderState	100463c8	100463ea	?,0x17,0x8
DisplaySystem.dll	RANDY31.DLL::StateBlob_c::SetRenderState	100463c8	100463f6	?,0xe,0x0
DisplaySystem.dll	RANDY31.DLL::StateBlob_c::SetRenderState	100463c8	10046402	?,0x1b,0x1
DisplaySystem.dll	RANDY31.DLL::StateBlob_c::SetRenderState	100463c8	1004640e	?,0x1c,0x0
DisplaySystem.dll	RANDY31.DLL::StateBlob_c::SetRenderState	100463c8	1004641d	?,0x89,0x0
DisplaySystem.dll	RANDY31.DLL::StateBlob_c::SetRenderState	10015730	10015755	?,0xe,0x0
DisplaySystem.dll	RANDY31.DLL::StateBlob_c::SetRenderState	10015730	10015761	?,0x1b,0x1
DisplaySystem.dll	RANDY31.DLL::StateBlob_c::SetRenderState	10015730	1001576d	?,0x1c,0x0
DisplaySystem.dll	RANDY31.DLL::StateBlob_c::SetRenderState	10015730	1001577c	?,0x89,0x0
DisplaySystem.dll	RANDY31.DLL::StateBlob_c::SetRenderState	10015730	10015788	?,0x14,0x2
DisplaySystem.dll	RANDY31.DLL::StateBlob_c::SetRenderState	10015730	10015794	?,0x16,0x1
DisplaySystem.dll	RANDY31.DLL::DeviceState::SetRenderState	10031ac5	10031afd	?,?,?,?
DisplaySystem.dll	RANDY31.DLL::RDeltaState::SetRenderState	10030cef	10030e2c	?,0x88,0x1
DisplaySystem.dll	RANDY31.DLL::RDeltaState::SetRenderState	10030cef	10030e3a	?,0x89,0x0
DisplaySystem.dll	RANDY31.DLL::RDeltaState::SetRenderState	10030cef	10030e45	?,0xe,0x0
DisplaySystem.dll	RANDY31.DLL::RDeltaState::SetRenderState	10030cef	10030e54	?,0x8d,0x1
DisplaySystem.dll	RANDY31.DLL::RDeltaState::SetRenderState	10030cef	10030e60	?,0x1b,0x1
DisplaySystem.dll	RANDY31.DLL::RDeltaState::SetRenderState	10030cef	10030e6c	?,0x13,0x2
DisplaySystem.dll	RANDY31.DLL::RDeltaState::SetRenderState	10030cef	10030e78	?,0x14,0x2
DisplaySystem.dll	RANDY31.DLL::RDeltaState::SetRenderState	10007d2b	10007d90	?,0x88,0x1
DisplaySystem.dll	RANDY31.DLL::RDeltaState::SetRenderState	10007d2b	10007d9e	?,0x89,0x0
DisplaySystem.dll	RANDY31.DLL::RDeltaState::SetRenderState	10007d2b	10007da9	?,0xe,0x0
DisplaySystem.dll	RANDY31.DLL::RDeltaState::SetRenderState	10007d2b	10007db4	?,0x1c,0x0
DisplaySystem.dll	RANDY31.DLL::RDeltaState::SetRenderState	10007d2b	10007dc3	?,0x8d,0x1
DisplaySystem.dll	RANDY31.DLL::RDeltaState::SetRenderState	10007d2b	10007dcf	?,0x16,0x1
DisplaySystem.dll	RANDY31.DLL::RDeltaState::SetTextureStageState	10007d2b	10007dea	?,0x0,0x1,0x4
DisplaySystem.dll	RANDY31.DLL::RDeltaState::SetTextureStageState	10007d2b	10007df8	?,0x0,0x2,0x2
DisplaySystem.dll	RANDY31.DLL::RDeltaState::SetTextureStageState	10007d2b	10007e06	?,0x0,0x3,0x0
DisplaySystem.dll	RANDY31.DLL::RDeltaState::SetTextureStageState	10007d2b	10007e14	?,0x0,0x4,0x4
DisplaySystem.dll	RANDY31.DLL::RDeltaState::SetTextureStageState	10007d2b	10007e22	?,0x0,0x5,0x2
DisplaySystem.dll	RANDY31.DLL::RDeltaState::SetTextureStageState	10007d2b	10007e35	?,0x0,0x1,0x2
DisplaySystem.dll	RANDY31.DLL::RDeltaState::SetTextureStageState	10007d2b	10007e43	?,0x0,0x2,0x0
DisplaySystem.dll	RANDY31.DLL::RDeltaState::SetTextureStageState	10007d2b	10007e51	?,0x0,0x4,0x2
DisplaySystem.dll	RANDY31.DLL::RDeltaState::SetTextureStageState	10007d2b	10007e5f	?,0x0,?,0x0
DisplaySystem.dll	RANDY31.DLL::RDeltaState::SetRenderState	10007d2b	10007e74	?,0x1b,0x1
DisplaySystem.dll	RANDY31.DLL::RDeltaState::SetRenderState	10007d2b	10007e80	?,0x13,0x5
DisplaySystem.dll	RANDY31.DLL::RDeltaState::SetRenderState	10007d2b	10007e95	?,0x1b,0x1
DisplaySystem.dll	RANDY31.DLL::RDeltaState::SetRenderState	10007d2b	10007ea1	?,0x13,0x5
DisplaySystem.dll	RANDY31.DLL::RDeltaState::SetRenderState	10007d2b	10007ead	?,0x14,?
DisplaySystem.dll	RANDY31.DLL::RDeltaState::SetTextureStageState	10007d2b	10007ec4	?,0x0,0x10,0x1
DisplaySystem.dll	RANDY31.DLL::RDeltaState::SetTextureStageState	10007d2b	10007ed1	?,0x0,0x12,0x1
DisplaySystem.dll	RANDY31.DLL::RDeltaState::SetTextureStageState	10007d2b	10007ede	?,0x0,0x11,0x1
DisplaySystem.dll	RANDY31.DLL::RDeltaState::SetRenderState	1002b1a3	1002b269	?,0x88,0x1
DisplaySystem.dll	RANDY31.DLL::RDeltaState::SetRenderState	1002b1a3	1002b277	?,0x89,0x0
DisplaySystem.dll	RANDY31.DLL::RDeltaState::SetRenderState	1002b1a3	1002b282	?,0xe,0x0
DisplaySystem.dll	RANDY31.DLL::RDeltaState::SetRenderState	1002b1a3	1002b291	?,0x8d,0x1
DisplaySystem.dll	RANDY31.DLL::RDeltaState::SetRenderState	1002b1a3	1002b29d	?,0x16,0x1
DisplaySystem.dll	RANDY31.DLL::RDeltaState::SetRenderState	1002b1a3	1002b2ac	?,0x94,0x1
DisplaySystem.dll	RANDY31.DLL::RDeltaState::SetTextureStageState	1002b1a3	1002b2c7	?,0x0,0x1,0x4
DisplaySystem.dll	RANDY31.DLL::RDeltaState::SetTextureStageState	1002b1a3	1002b2d5	?,0x0,0x2,0x2
DisplaySystem.dll	RANDY31.DLL::RDeltaState::SetTextureStageState	1002b1a3	1002b2e3	?,0x0,0x3,0x0
DisplaySystem.dll	RANDY31.DLL::RDeltaState::SetTextureStageState	1002b1a3	1002b2f1	?,0x0,0x4,0x4
DisplaySystem.dll	RANDY31.DLL::RDeltaState::SetTextureStageState	1002b1a3	1002b2ff	?,0x0,0x5,0x2
DisplaySystem.dll	RANDY31.DLL::RDeltaState::SetTextureStageState	1002b1a3	1002b30d	?,0x0,0x6,0x0
DisplaySystem.dll	RANDY31.DLL::RDeltaState::SetTextureStageState	1002b1a3	1002b325	?,0x0,0x1,0x2
DisplaySystem.dll	RANDY31.DLL::RDeltaState::SetTextureStageState	1002b1a3	1002b335	?,0x0,0x2,0x0
DisplaySystem.dll	RANDY31.DLL::RDeltaState::SetTextureStageState	1002b1a3	1002b346	?,0x0,0x4,0x2
DisplaySystem.dll	RANDY31.DLL::RDeltaState::SetTextureStageState	1002b1a3	1002b356	?,0x0,0x5,0x0
DisplaySystem.dll	RANDY31.DLL::RDeltaState::SetRenderState	1002b1a3	1002b366	?,0x1b,0x1
DisplaySystem.dll	RANDY31.DLL::RDeltaState::SetRenderState	1002b1a3	1002b372	?,0x13,0x5
DisplaySystem.dll	RANDY31.DLL::RDeltaState::SetRenderState	1002b1a3	1002b38e	?,0x14,?
DisplaySystem.dll	RANDY31.DLL::RDeltaState::SetRenderState	1002a7bd	1002a822	?,0x88,0x1
DisplaySystem.dll	RANDY31.DLL::RDeltaState::SetRenderState	1002a7bd	1002a830	?,0x89,0x0
DisplaySystem.dll	RANDY31.DLL::RDeltaState::SetRenderState	1002a7bd	1002a83b	?,0xe,0x0
DisplaySystem.dll	RANDY31.DLL::RDeltaState::SetRenderState	1002a7bd	1002a846	?,0x1c,0x0
DisplaySystem.dll	RANDY31.DLL::RDeltaState::SetRenderState	1002a7bd	1002a855	?,0x8d,0x1
DisplaySystem.dll	RANDY31.DLL::RDeltaState::SetRenderState	1002a7bd	1002a861	?,0x16,0x1
DisplaySystem.dll	RANDY31.DLL::RDeltaState::SetTextureStageState	1002a7bd	1002a87c	?,0x0,0x1,0x4
DisplaySystem.dll	RANDY31.DLL::RDeltaState::SetTextureStageState	1002a7bd	1002a88a	?,0x0,0x2,0x2
DisplaySystem.dll	RANDY31.DLL::RDeltaState::SetTextureStageState	1002a7bd	1002a898	?,0x0,0x3,0x0
DisplaySystem.dll	RANDY31.DLL::RDeltaState::SetTextureStageState	1002a7bd	1002a8a6	?,0x0,0x4,0x4
DisplaySystem.dll	RANDY31.DLL::RDeltaState::SetTextureStageState	1002a7bd	1002a8b4	?,0x0,0x5,0x2
DisplaySystem.dll	RANDY31.DLL::RDeltaState::SetTextureStageState	1002a7bd	1002a8c2	?,0x0,0x6,0x0
DisplaySystem.dll	RANDY31.DLL::RDeltaState::SetTextureStageState	1002a7bd	1002a8d0	?,0x0,0xc,0x3
DisplaySystem.dll	RANDY31.DLL::RDeltaState::SetTextureStageState	1002a7bd	1002a8de	?,0x0,0xd,0x3
DisplaySystem.dll	RANDY31.DLL::RDeltaState::SetTextureStageState	1002a7bd	1002a8f1	?,0x0,0x1,0x2
DisplaySystem.dll	RANDY31.DLL::RDeltaState::SetTextureStageState	1002a7bd	1002a8ff	?,0x0,0x2,0x0
DisplaySystem.dll	RANDY31.DLL::RDeltaState::SetTextureStageState	1002a7bd	1002a90d	?,0x0,0x4,0x2
DisplaySystem.dll	RANDY31.DLL::RDeltaState::SetTextureStageState	1002a7bd	1002a91b	?,0x0,?,?
DisplaySystem.dll	RANDY31.DLL::RDeltaState::SetRenderState	1002a7bd	1002a930	?,0x1b,0x1
DisplaySystem.dll	RANDY31.DLL::RDeltaState::SetRenderState	1002a7bd	1002a93c	?,0x13,0x5
DisplaySystem.dll	RANDY31.DLL::RDeltaState::SetRenderState	1002a7bd	1002a942	?,0x1b,0x1
DisplaySystem.dll	RANDY31.DLL::RDeltaState::SetRenderState	1002a7bd	1002a94e	?,0x13,0x5
DisplaySystem.dll	RANDY31.DLL::RDeltaState::SetRenderState	1002a7bd	1002a95a	?,0x14,?
DisplaySystem.dll	RANDY31.DLL::RDeltaState::SetTextureStageState	1002a7bd	1002a971	?,0x0,0x10,0x1
DisplaySystem.dll	RANDY31.DLL::RDeltaState::SetTextureStageState	1002a7bd	1002a97e	?,0x0,0x12,0x1
DisplaySystem.dll	RANDY31.DLL::RDeltaState::SetTextureStageState	1002a7bd	1002a98b	?,0x0,0x11,0x1
DisplaySystem.dll	RANDY31.DLL::StateBlob_c::SetRenderState	10041467	1004158e	?,0x89,0x0
DisplaySystem.dll	RANDY31.DLL::StateBlob_c::SetRenderState	10041467	10041597	?,0x1b,0x1
DisplaySystem.dll	RANDY31.DLL::StateBlob_c::SetRenderState	10041467	100415a0	?,0x13,0x2
DisplaySystem.dll	RANDY31.DLL::StateBlob_c::SetRenderState	10041467	100415a9	?,0x14,0x2
DisplaySystem.dll	RANDY31.DLL::StateBlob_c::SetRenderState	10041467	100415b1	?,0x22,0x0
DisplaySystem.dll	RANDY31.DLL::StateBlob_c::SetTextureStageState	10041467	100415c1	?,0x0,0x1,0x2
DisplaySystem.dll	RANDY31.DLL::StateBlob_c::SetTextureStageState	10041467	100415cb	?,0x0,0x2,0x2
DisplaySystem.dll	RANDY31.DLL::StateBlob_c::SetTextureStageState	10041467	100415d5	?,0x0,0x18,0x2
DisplaySystem.dll	RANDY31.DLL::StateBlob_c::SetTextureStageState	10041467	100415de	?,0x0,0xb,0x0
DisplaySystem.dll	RANDY31.DLL::StateBlob_c::SetTextureStageState	10041467	100415e8	?,0x0,0xd,0x1
DisplaySystem.dll	RANDY31.DLL::StateBlob_c::SetTextureStageState	10041467	100415f2	?,0x0,0xe,0x3
DisplaySystem.dll	RANDY31.DLL::StateBlob_c::SetTextureStageState	10041467	100415fc	?,0x0,0x11,0x2
DisplaySystem.dll	RANDY31.DLL::StateBlob_c::SetTextureStageState	10041467	10041606	?,0x0,0x10,0x2
DisplaySystem.dll	RANDY31.DLL::StateBlob_c::SetRenderState	10042b68	10042b8a	?,0x17,0x8
DisplaySystem.dll	RANDY31.DLL::StateBlob_c::SetRenderState	10042b68	10042b96	?,0xe,0x0
DisplaySystem.dll	RANDY31.DLL::StateBlob_c::SetRenderState	10042b68	10042ba2	?,0x1b,0x1
DisplaySystem.dll	RANDY31.DLL::StateBlob_c::SetRenderState	10042b68	10042bae	?,0x1c,0x0
DisplaySystem.dll	RANDY31.DLL::StateBlob_c::SetRenderState	10042b68	10042bbd	?,0x89,0x0
DisplaySystem.dll	RANDY31.DLL::StateBlob_c::SetRenderState	10042b68	10042bc9	?,0x14,0x2
DisplaySystem.dll	RANDY31.DLL::StateBlob_c::SetRenderState	1005aed0	1005aef2	?,0xe,0x0
DisplaySystem.dll	RANDY31.DLL::StateBlob_c::SetRenderState	1005aed0	1005aefe	?,0x1c,0x0
DisplaySystem.dll	RANDY31.DLL::StateBlob_c::SetRenderState	1005aed0	1005af0d	?,0x89,0x0
DisplaySystem.dll	RANDY31.DLL::StateBlob_c::SetTextureStageState	1005aed0	1005af21	?,0x0,0x10,0x2
DisplaySystem.dll	RANDY31.DLL::StateBlob_c::SetTextureStageState	1005aed0	1005af2f	?,0x0,0x11,0x2
DisplaySystem.dll	RANDY31.DLL::StateBlob_c::SetTextureStageState	1005aed0	1005af3d	?,0x0,0x12,0x2
DisplaySystem.dll	RANDY31.DLL::StateBlob_c::SetTextureStageState	1005aed0	1005af4b	?,0x0,0xc,0x3
DisplaySystem.dll	RANDY31.DLL::RDeltaState::SetRenderState	100283ec	10028499	?,0x88,0x1
DisplaySystem.dll	RANDY31.DLL::RDeltaState::SetRenderState	100283ec	100284a8	?,0x89,0x0
DisplaySystem.dll	RANDY31.DLL::RDeltaState::SetRenderState	100283ec	100284b4	?,0xe,0x0
DisplaySystem.dll	RANDY31.DLL::RDeltaState::SetRenderState	100283ec	100284c2	?,0x8d,0x1
DisplaySystem.dll	RANDY31.DLL::RDeltaState::SetRenderState	100283ec	100284cd	?,0x16,0x1
DisplaySystem.dll	RANDY31.DLL::RDeltaState::SetRenderState	100283ec	100284db	?,0x94,0x1
DisplaySystem.dll	RANDY31.DLL::RDeltaState::SetTextureStageState	100283ec	100284f7	?,0x0,0x1,0x4
DisplaySystem.dll	RANDY31.DLL::RDeltaState::SetTextureStageState	100283ec	10028505	?,0x0,0x2,0x2
DisplaySystem.dll	RANDY31.DLL::RDeltaState::SetTextureStageState	100283ec	10028513	?,0x0,0x3,0x0
DisplaySystem.dll	RANDY31.DLL::RDeltaState::SetTextureStageState	100283ec	10028521	?,0x0,0x4,0x2
DisplaySystem.dll	RANDY31.DLL::RDeltaState::SetTextureStageState	100283ec	10028531	?,0x0,0x1,0x2
DisplaySystem.dll	RANDY31.DLL::RDeltaState::SetTextureStageState	100283ec	1002853f	?,0x0,0x2,0x0
DisplaySystem.dll	RANDY31.DLL::RDeltaState::SetTextureStageState	100283ec	1002854d	?,0x0,0x4,0x2
DisplaySystem.dll	RANDY31.DLL::RDeltaState::SetTextureStageState	100283ec	1002855b	?,0x0,0x5,?
DisplaySystem.dll	RANDY31.DLL::RDeltaState::SetRenderState	100283ec	10028576	?,0x1b,0x1
DisplaySystem.dll	RANDY31.DLL::RDeltaState::SetRenderState	100283ec	10028582	?,0x13,0x5
DisplaySystem.dll	RANDY31.DLL::RDeltaState::SetRenderState	100283ec	10028588	?,0x1b,0x1
DisplaySystem.dll	RANDY31.DLL::RDeltaState::SetRenderState	100283ec	1002858e	?,0x1b,0x1
DisplaySystem.dll	RANDY31.DLL::RDeltaState::SetRenderState	100283ec	1002859a	?,0x13,?
DisplaySystem.dll	RANDY31.DLL::RDeltaState::SetRenderState	100283ec	100285a6	?,0x14,?
DisplaySystem.dll	RANDY31.DLL::RDeltaState::SetTextureStageState	100283ec	100285bd	?,0x0,0x10,0x1
DisplaySystem.dll	RANDY31.DLL::RDeltaState::SetTextureStageState	100283ec	100285ca	?,0x0,0x12,0x1
DisplaySystem.dll	RANDY31.DLL::RDeltaState::SetTextureStageState	100283ec	100285d7	?,0x0,0x11,0x1
DisplaySystem.dll	RANDY31.DLL::StateBlob_c::SetRenderState	1006089d	100608b2	?,0xe,0x0
DisplaySystem.dll	RANDY31.DLL::StateBlob_c::SetRenderState	1006089d	100608be	?,0x1b,0x1
DisplaySystem.dll	RANDY31.DLL::StateBlob_c::SetRenderState	1006089d	100608ca	?,0x1c,0x0
DisplaySystem.dll	RANDY31.DLL::StateBlob_c::SetRenderState	1006089d	100608d9	?,0x89,0x0
DisplaySystem.dll	RANDY31.DLL::StateBlob_c::SetRenderState	1006089d	100608e5	?,0x14,0x2
DisplaySystem.dll	RANDY31.DLL::RDeltaState::SetRenderState	1003067e	100306e2	?,0x89,0x0
DisplaySystem.dll	RANDY31.DLL::RDeltaState::SetRenderState	1003067e	100306ed	?,0xe,0x0
DisplaySystem.dll	RANDY31.DLL::RDeltaState::SetRenderState	1003067e	100306fc	?,0x8d,0x1
DisplaySystem.dll	RANDY31.DLL::RDeltaState::SetRenderState	1003067e	10030708	?,0x1b,0x1
DisplaySystem.dll	RANDY31.DLL::RDeltaState::SetRenderState	1003067e	10030714	?,0x13,0x5
DisplaySystem.dll	RANDY31.DLL::RDeltaState::SetRenderState	1003067e	10030720	?,0x14,0x6
DisplaySystem.dll	RANDY31.DLL::RDeltaState::SetTextureStageState	1003067e	1003073b	?,0x0,0x1,0x4
DisplaySystem.dll	RANDY31.DLL::RDeltaState::SetTextureStageState	1003067e	10030748	?,0x0,0x2,0x2
DisplaySystem.dll	RANDY31.DLL::RDeltaState::SetTextureStageState	1003067e	10030754	?,0x0,0x3,0x0
DisplaySystem.dll	RANDY31.DLL::RDeltaState::SetTextureStageState	1003067e	10030761	?,0x0,0x4,0x4
DisplaySystem.dll	RANDY31.DLL::RDeltaState::SetTextureStageState	1003067e	1003076e	?,0x0,0x5,0x2
DisplaySystem.dll	RANDY31.DLL::RDeltaState::SetTextureStageState	1003067e	1003077a	?,0x0,0x1,0x2
DisplaySystem.dll	RANDY31.DLL::RDeltaState::SetTextureStageState	1003067e	10030786	?,0x0,0x2,0x0
DisplaySystem.dll	RANDY31.DLL::RDeltaState::SetTextureStageState	1003067e	10030793	?,0x0,0x4,0x2
DisplaySystem.dll	RANDY31.DLL::RDeltaState::SetTextureStageState	1003067e	1003079f	?,0x0,?,0x0
DisplaySystem.dll	RANDY31.DLL::RDeltaState::SetRenderState	1001692d	10016956	?,0x3c,?
DisplaySystem.dll	RANDY31.DLL::StateBlob_c::SetRenderState	100323b8	1003244e	?,0x8b,?
DisplaySystem.dll	RANDY31.DLL::RDeltaState::SetRenderState	10027c41	10027ccf	?,0x88,0x1
DisplaySystem.dll	RANDY31.DLL::RDeltaState::SetRenderState	10027c41	10027cdd	?,0x89,0x0
DisplaySystem.dll	RANDY31.DLL::RDeltaState::SetRenderState	10027c41	10027ce8	?,0xe,0x0
DisplaySystem.dll	RANDY31.DLL::RDeltaState::SetRenderState	10027c41	10027cf7	?,0x8d,0x1
DisplaySystem.dll	RANDY31.DLL::RDeltaState::SetRenderState	10027c41	10027d03	?,0x16,0x1
DisplaySystem.dll	RANDY31.DLL::RDeltaState::SetRenderState	10027c41	10027d12	?,0x94,0x1
DisplaySystem.dll	RANDY31.DLL::RDeltaState::SetTextureStageState	10027c41	10027d2d	?,0x0,0x1,0x4
DisplaySystem.dll	RANDY31.DLL::RDeltaState::SetTextureStageState	10027c41	10027d3b	?,0x0,0x2,0x2
DisplaySystem.dll	RANDY31.DLL::RDeltaState::SetTextureStageState	10027c41	10027d49	?,0x0,0x3,0x0
DisplaySystem.dll	RANDY31.DLL::RDeltaState::SetTextureStageState	10027c41	10027d57	?,0x0,0x4,0x4
DisplaySystem.dll	RANDY31.DLL::RDeltaState::SetTextureStageState	10027c41	10027d65	?,0x0,0x5,0x2
DisplaySystem.dll	RANDY31.DLL::RDeltaState::SetTextureStageState	10027c41	10027d78	?,0x0,0x1,0x2
DisplaySystem.dll	RANDY31.DLL::RDeltaState::SetTextureStageState	10027c41	10027d86	?,0x0,0x2,0x0
DisplaySystem.dll	RANDY31.DLL::RDeltaState::SetTextureStageState	10027c41	10027d94	?,0x0,0x4,0x2
DisplaySystem.dll	RANDY31.DLL::RDeltaState::SetTextureStageState	10027c41	10027da2	?,0x0,?,0x0
DisplaySystem.dll	RANDY31.DLL::RDeltaState::SetRenderState	10027c41	10027dae	?,0x1b,0x1
DisplaySystem.dll	RANDY31.DLL::RDeltaState::SetRenderState	10027c41	10027dba	?,0x13,0x5
DisplaySystem.dll	RANDY31.DLL::RDeltaState::SetRenderState	10027c41	10027dd0	?,0x14,?
DisplaySystem.dll	RANDY31.DLL::RDeltaState::SetRenderState	1001819f	10018230	?,0x88,0x1
DisplaySystem.dll	RANDY31.DLL::RDeltaState::SetRenderState	1001819f	1001823f	?,0x89,0x0
DisplaySystem.dll	RANDY31.DLL::RDeltaState::SetRenderState	1001819f	1001824b	?,0xe,0x0
DisplaySystem.dll	RANDY31.DLL::RDeltaState::SetRenderState	1001819f	10018259	?,0x8d,0x1
DisplaySystem.dll	RANDY31.DLL::RDeltaState::SetRenderState	1001819f	10018264	?,0x16,0x1
DisplaySystem.dll	RANDY31.DLL::RDeltaState::SetRenderState	1001819f	10018272	?,0x94,0x1
DisplaySystem.dll	RANDY31.DLL::RDeltaState::SetRenderState	1001819f	1001827d	?,0x1d,0x1
DisplaySystem.dll	RANDY31.DLL::RDeltaState::SetRenderState	1001819f	1001828c	?,0x92,0x2
DisplaySystem.dll	RANDY31.DLL::RDeltaState::SetTextureStageState	1001819f	100182a8	?,0x0,0x1,0x4
DisplaySystem.dll	RANDY31.DLL::RDeltaState::SetTextureStageState	1001819f	100182b6	?,0x0,0x2,0x2
DisplaySystem.dll	RANDY31.DLL::RDeltaState::SetTextureStageState	1001819f	100182c4	?,0x0,0x3,0x0
DisplaySystem.dll	RANDY31.DLL::RDeltaState::SetTextureStageState	1001819f	100182d2	?,0x0,0x4,0x2
DisplaySystem.dll	RANDY31.DLL::RDeltaState::SetTextureStageState	1001819f	100182e2	?,0x0,0x1,0x2
DisplaySystem.dll	RANDY31.DLL::RDeltaState::SetTextureStageState	1001819f	100182f0	?,0x0,0x2,0x0
DisplaySystem.dll	RANDY31.DLL::RDeltaState::SetTextureStageState	1001819f	100182fe	?,0x0,0x4,0x2
DisplaySystem.dll	RANDY31.DLL::RDeltaState::SetTextureStageState	1001819f	1001830c	?,0x0,0x5,?
DisplaySystem.dll	RANDY31.DLL::RDeltaState::SetRenderState	1001819f	10018321	?,0x1b,0x1
DisplaySystem.dll	RANDY31.DLL::RDeltaState::SetRenderState	1001819f	1001832d	?,0x13,0x2
DisplaySystem.dll	RANDY31.DLL::RDeltaState::SetRenderState	1001819f	10018333	?,0x1b,0x1
DisplaySystem.dll	RANDY31.DLL::RDeltaState::SetRenderState	1001819f	1001833f	?,0x13,0x1
DisplaySystem.dll	RANDY31.DLL::RDeltaState::SetRenderState	1001819f	1001834b	?,0x14,?
DisplaySystem.dll	RANDY31.DLL::RDeltaState::SetTextureStageState	1001819f	10018362	?,0x0,0x10,0x1
DisplaySystem.dll	RANDY31.DLL::RDeltaState::SetTextureStageState	1001819f	1001836f	?,0x0,0x12,0x1
DisplaySystem.dll	RANDY31.DLL::RDeltaState::SetTextureStageState	1001819f	1001837c	?,0x0,0x11,0x1
DisplaySystem.dll	RANDY31.DLL::RDeltaState::SetRenderState	10023662	100236f9	?,0x88,0x1
DisplaySystem.dll	RANDY31.DLL::RDeltaState::SetRenderState	10023662	10023708	?,0x89,0x0
DisplaySystem.dll	RANDY31.DLL::RDeltaState::SetRenderState	10023662	10023714	?,0x17,0x8
DisplaySystem.dll	RANDY31.DLL::RDeltaState::SetRenderState	10023662	10023720	?,0xe,0x0
DisplaySystem.dll	RANDY31.DLL::RDeltaState::SetRenderState	10023662	1002372e	?,0x8d,0x1
DisplaySystem.dll	RANDY31.DLL::RDeltaState::SetRenderState	10023662	10023739	?,0x16,0x1
DisplaySystem.dll	RANDY31.DLL::RDeltaState::SetRenderState	10023662	10023747	?,0x94,0x1
DisplaySystem.dll	RANDY31.DLL::RDeltaState::SetTextureStageState	10023662	10023763	?,0x0,0x1,0x4
DisplaySystem.dll	RANDY31.DLL::RDeltaState::SetTextureStageState	10023662	10023771	?,0x0,0x2,0x2
DisplaySystem.dll	RANDY31.DLL::RDeltaState::SetTextureStageState	10023662	1002377f	?,0x0,0x3,0x0
DisplaySystem.dll	RANDY31.DLL::RDeltaState::SetTextureStageState	10023662	1002378d	?,0x0,0x4,0x4
DisplaySystem.dll	RANDY31.DLL::RDeltaState::SetTextureStageState	10023662	1002379b	?,0x0,0x5,0x2
DisplaySystem.dll	RANDY31.DLL::RDeltaState::SetTextureStageState	10023662	100237ad	?,0x0,0x1,0x2
DisplaySystem.dll	RANDY31.DLL::RDeltaState::SetTextureStageState	10023662	100237bb	?,0x0,0x2,0x0
DisplaySystem.dll	RANDY31.DLL::RDeltaState::SetTextureStageState	10023662	100237c9	?,0x0,0x4,0x2
DisplaySystem.dll	RANDY31.DLL::RDeltaState::SetTextureStageState	10023662	100237d7	?,0x0,?,0x0
DisplaySystem.dll	RANDY31.DLL::RDeltaState::SetRenderState	10023662	100237ec	?,0x1b,0x1
DisplaySystem.dll	RANDY31.DLL::RDeltaState::SetRenderState	10023662	100237f8	?,0x13,0x5
DisplaySystem.dll	RANDY31.DLL::RDeltaState::SetRenderState	10023662	100237fe	?,0x1b,0x1
DisplaySystem.dll	RANDY31.DLL::RDeltaState::SetRenderState	10023662	1002380a	?,0x13,0x5
DisplaySystem.dll	RANDY31.DLL::RDeltaState::SetRenderState	10023662	10023816	?,0x14,?
DisplaySystem.dll	RANDY31.DLL::RDeltaState::SetTextureStageState	10023662	1002382d	?,0x0,0x10,0x1
DisplaySystem.dll	RANDY31.DLL::RDeltaState::SetTextureStageState	10023662	1002383a	?,0x0,0x12,0x1
DisplaySystem.dll	RANDY31.DLL::RDeltaState::SetTextureStageState	10023662	10023847	?,0x0,0x11,0x1
DisplaySystem.dll	RANDY31.DLL::RDeltaState::SetRenderState	10006fb5	1000711a	?,0x88,0x1
DisplaySystem.dll	RANDY31.DLL::RDeltaState::SetRenderState	10006fb5	10007128	?,0x89,0x0
DisplaySystem.dll	RANDY31.DLL::RDeltaState::SetRenderState	10006fb5	10007133	?,0xe,0x0
DisplaySystem.dll	RANDY31.DLL::RDeltaState::SetRenderState	10006fb5	10007142	?,0x8d,0x1
DisplaySystem.dll	RANDY31.DLL::RDeltaState::SetRenderState	10006fb5	1000714e	?,0x1b,0x1
DisplaySystem.dll	RANDY31.DLL::RDeltaState::SetRenderState	10006fb5	1000715a	?,0x13,0x2
DisplaySystem.dll	RANDY31.DLL::RDeltaState::SetRenderState	10006fb5	10007166	?,0x14,0x2
DisplaySystem.dll	RANDY31.DLL::StateBlob_c::SetRenderState	1006a4b3	1006a769	?,0xe,0x1
DisplaySystem.dll	RANDY31.DLL::StateBlob_c::SetRenderState	1006a4b3	1006a775	?,0x1b,0x1
DisplaySystem.dll	RANDY31.DLL::StateBlob_c::SetRenderState	1006a4b3	1006a781	?,0x1c,0x0
DisplaySystem.dll	RANDY31.DLL::StateBlob_c::SetRenderState	1006a4b3	1006a790	?,0x89,0x0
DisplaySystem.dll	RANDY31.DLL::StateBlob_c::SetRenderState	1006a4b3	1006a79f	?,0x88,0x1
DisplaySystem.dll	RANDY31.DLL::RDeltaState::SetRenderState	1000f244	1000f39f	?,0x88,0x1
DisplaySystem.dll	RANDY31.DLL::RDeltaState::SetRenderState	1000f244	1000f3ae	?,0x89,0x0
DisplaySystem.dll	RANDY31.DLL::RDeltaState::SetRenderState	1000f244	1000f3ba	?,0xe,0x0
DisplaySystem.dll	RANDY31.DLL::RDeltaState::SetRenderState	1000f244	1000f3c8	?,0x8d,0x1
DisplaySystem.dll	RANDY31.DLL::RDeltaState::SetRenderState	1000f244	1000f3d3	?,0x16,0x1
DisplaySystem.dll	RANDY31.DLL::RDeltaState::SetRenderState	1000f244	1000f3e1	?,0x94,0x1
DisplaySystem.dll	RANDY31.DLL::RDeltaState::SetTextureStageState	1000f244	1000f3fd	?,0x0,0x1,0x4
DisplaySystem.dll	RANDY31.DLL::RDeltaState::SetTextureStageState	1000f244	1000f40b	?,0x0,0x2,0x2
DisplaySystem.dll	RANDY31.DLL::RDeltaState::SetTextureStageState	1000f244	1000f419	?,0x0,0x3,0x0
DisplaySystem.dll	RANDY31.DLL::RDeltaState::SetTextureStageState	1000f244	1000f427	?,0x0,0x4,0x4
DisplaySystem.dll	RANDY31.DLL::RDeltaState::SetTextureStageState	1000f244	1000f435	?,0x0,0x5,0x2
DisplaySystem.dll	RANDY31.DLL::RDeltaState::SetTextureStageState	1000f244	1000f447	?,0x0,0x1,0x2
DisplaySystem.dll	RANDY31.DLL::RDeltaState::SetTextureStageState	1000f244	1000f455	?,0x0,0x2,0x0
DisplaySystem.dll	RANDY31.DLL::RDeltaState::SetTextureStageState	1000f244	1000f463	?,0x0,0x4,0x2
DisplaySystem.dll	RANDY31.DLL::RDeltaState::SetTextureStageState	1000f244	1000f471	?,0x0,?,0x0
DisplaySystem.dll	RANDY31.DLL::RDeltaState::SetRenderState	1000f244	1000f486	?,0x1b,0x1
DisplaySystem.dll	RANDY31.DLL::RDeltaState::SetRenderState	1000f244	1000f492	?,0x13,0x5
DisplaySystem.dll	RANDY31.DLL::RDeltaState::SetRenderState	1000f244	1000f498	?,0x1b,0x1
DisplaySystem.dll	RANDY31.DLL::RDeltaState::SetRenderState	1000f244	1000f4a4	?,0x13,0x1
DisplaySystem.dll	RANDY31.DLL::RDeltaState::SetRenderState	1000f244	1000f4b0	?,0x14,?
DisplaySystem.dll	RANDY31.DLL::RDeltaState::SetTextureStageState	1000f244	1000f4c7	?,0x0,0x10,0x1
DisplaySystem.dll	RANDY31.DLL::RDeltaState::SetTextureStageState	1000f244	1000f4d4	?,0x0,0x12,0x1
DisplaySystem.dll	RANDY31.DLL::RDeltaState::SetTextureStageState	1000f244	1000f4e1	?,0x0,0x11,0x1
DisplaySystem.dll	RANDY31.DLL::RDeltaState::SetRenderState	100116ba	10011748	?,0x88,0x1
DisplaySystem.dll	RANDY31.DLL::RDeltaState::SetRenderState	100116ba	10011756	?,0x89,0x0
DisplaySystem.dll	RANDY31.DLL::RDeltaState::SetRenderState	100116ba	10011761	?,0xe,0x0
DisplaySystem.dll	RANDY31.DLL::RDeltaState::SetRenderState	100116ba	10011770	?,0x8d,0x1
DisplaySystem.dll	RANDY31.DLL::RDeltaState::SetRenderState	100116ba	1001177c	?,0x16,0x1
DisplaySystem.dll	RANDY31.DLL::RDeltaState::SetRenderState	100116ba	1001178b	?,0x94,0x1
DisplaySystem.dll	RANDY31.DLL::RDeltaState::SetTextureStageState	100116ba	100117a6	?,0x0,0x1,0x4
DisplaySystem.dll	RANDY31.DLL::RDeltaState::SetTextureStageState	100116ba	100117b4	?,0x0,0x2,0x2
DisplaySystem.dll	RANDY31.DLL::RDeltaState::SetTextureStageState	100116ba	100117c2	?,0x0,0x3,0x0
DisplaySystem.dll	RANDY31.DLL::RDeltaState::SetTextureStageState	100116ba	100117d0	?,0x0,0x4,0x4
DisplaySystem.dll	RANDY31.DLL::RDeltaState::SetTextureStageState	100116ba	100117de	?,0x0,0x5,0x2
DisplaySystem.dll	RANDY31.DLL::RDeltaState::SetTextureStageState	100116ba	100117ec	?,0x0,0x6,0x0
DisplaySystem.dll	RANDY31.DLL::RDeltaState::SetTextureStageState	100116ba	1001180a	?,0x0,0x1,0x2
DisplaySystem.dll	RANDY31.DLL::RDeltaState::SetTextureStageState	100116ba	10011818	?,0x0,0x2,0x0
DisplaySystem.dll	RANDY31.DLL::RDeltaState::SetTextureStageState	100116ba	10011826	?,0x0,0x4,0x2
DisplaySystem.dll	RANDY31.DLL::RDeltaState::SetTextureStageState	100116ba	10011834	?,0x0,0x5,0x0
DisplaySystem.dll	RANDY31.DLL::RDeltaState::SetRenderState	100116ba	10011840	?,0x1b,0x1
DisplaySystem.dll	RANDY31.DLL::RDeltaState::SetRenderState	100116ba	1001184c	?,0x13,0x5
DisplaySystem.dll	RANDY31.DLL::RDeltaState::SetRenderState	100116ba	10011862	?,0x14,?
DisplaySystem.dll	RANDY31.DLL::RDeltaState::SetRenderState	1001c6e1	1001c748	?,0x88,0x1
DisplaySystem.dll	RANDY31.DLL::RDeltaState::SetRenderState	1001c6e1	1001c757	?,0x89,0x0
DisplaySystem.dll	RANDY31.DLL::RDeltaState::SetRenderState	1001c6e1	1001c763	?,0xe,0x0
DisplaySystem.dll	RANDY31.DLL::RDeltaState::SetRenderState	1001c6e1	1001c771	?,0x8d,0x1
DisplaySystem.dll	RANDY31.DLL::RDeltaState::SetRenderState	1001c6e1	1001c77f	?,0x94,0x1
DisplaySystem.dll	RANDY31.DLL::RDeltaState::SetRenderState	1001c6e1	1001c795	?,0x17,0x4
DisplaySystem.dll	RANDY31.DLL::RDeltaState::SetRenderState	1001c6e1	1001c7a0	?,0x2f,0x1
DisplaySystem.dll	RANDY31.DLL::RDeltaState::SetRenderState	1001c6e1	1001c7b4	?,0x16,0x2
DisplaySystem.dll	RANDY31.DLL::RDeltaState::SetRenderState	1001c6e1	1001c7c5	?,?,?
DisplaySystem.dll	RANDY31.DLL::RDeltaState::SetTextureStageState	1001c6e1	1001c7e1	?,0x0,0x1,0x4
DisplaySystem.dll	RANDY31.DLL::RDeltaState::SetTextureStageState	1001c6e1	1001c7ef	?,0x0,0x2,0x2
DisplaySystem.dll	RANDY31.DLL::RDeltaState::SetTextureStageState	1001c6e1	1001c7fd	?,0x0,0x3,0x0
DisplaySystem.dll	RANDY31.DLL::RDeltaState::SetTextureStageState	1001c6e1	1001c80b	?,0x0,0x4,0x4
DisplaySystem.dll	RANDY31.DLL::RDeltaState::SetTextureStageState	1001c6e1	1001c819	?,0x0,0x5,0x2
DisplaySystem.dll	RANDY31.DLL::RDeltaState::SetTextureStageState	1001c6e1	1001c82b	?,0x0,0x1,0x2
DisplaySystem.dll	RANDY31.DLL::RDeltaState::SetTextureStageState	1001c6e1	1001c839	?,0x0,0x2,0x0
DisplaySystem.dll	RANDY31.DLL::RDeltaState::SetTextureStageState	1001c6e1	1001c847	?,0x0,0x4,0x2
DisplaySystem.dll	RANDY31.DLL::RDeltaState::SetTextureStageState	1001c6e1	1001c855	?,0x0,?,0x0
DisplaySystem.dll	RANDY31.DLL::RDeltaState::SetRenderState	1001c6e1	1001c86b	?,0x1b,0x1
DisplaySystem.dll	RANDY31.DLL::RDeltaState::SetRenderState	1001c6e1	1001c877	?,0x13,0x5
DisplaySystem.dll	RANDY31.DLL::RDeltaState::SetRenderState	1001c6e1	1001c87d	?,0x1b,0x1
DisplaySystem.dll	RANDY31.DLL::RDeltaState::SetRenderState	1001c6e1	1001c889	?,0x13,0x5
DisplaySystem.dll	RANDY31.DLL::RDeltaState::SetRenderState	1001c6e1	1001c895	?,0x14,?
DisplaySystem.dll	RANDY31.DLL::StateBlob_c::SetRenderState	1004c9a2	1004c9c4	?,0x16,0x1
DisplaySystem.dll	RANDY31.DLL::StateBlob_c::SetRenderState	1004c9a2	1004c9d0	?,0xe,0x0
DisplaySystem.dll	RANDY31.DLL::StateBlob_c::SetRenderState	1004c9a2	1004c9dc	?,0x1b,0x1
DisplaySystem.dll	RANDY31.DLL::StateBlob_c::SetRenderState	1004c9a2	1004c9eb	?,0x89,0x0
DisplaySystem.dll	RANDY31.DLL::StateBlob_c::SetRenderState	1004c9a2	1004c9f7	?,0x14,0x2
DisplaySystem.dll	RANDY31.DLL::StateBlob_c::SetRenderState	1004c9a2	1004ca03	?,0x22,0x0
DisplaySystem.dll	RANDY31.DLL::StateBlob_c::SetRenderState	10052182	100521a3	?,0xe,0x0
DisplaySystem.dll	RANDY31.DLL::StateBlob_c::SetRenderState	10052182	100521af	?,0x1b,0x1
DisplaySystem.dll	RANDY31.DLL::StateBlob_c::SetRenderState	10052182	100521bb	?,0x1c,0x0
DisplaySystem.dll	RANDY31.DLL::StateBlob_c::SetRenderState	10052182	100521ca	?,0x89,0x0
DisplaySystem.dll	RANDY31.DLL::StateBlob_c::SetRenderState	10052182	100521d6	?,0x14,0x2
DisplaySystem.dll	RANDY31.DLL::StateBlob_c::SetRenderState	10052182	100521e2	?,0x16,0x1
DisplaySystem.dll	RANDY31.DLL::StateBlob_c::SetRenderState	1004e695	1004e6b7	?,0x16,0x1
DisplaySystem.dll	RANDY31.DLL::StateBlob_c::SetRenderState	1004e695	1004e6c3	?,0xe,0x0
DisplaySystem.dll	RANDY31.DLL::StateBlob_c::SetRenderState	1004e695	1004e6cf	?,0x1b,0x1
DisplaySystem.dll	RANDY31.DLL::StateBlob_c::SetRenderState	1004e695	1004e6de	?,0x89,0x0
DisplaySystem.dll	RANDY31.DLL::StateBlob_c::SetRenderState	1004e695	1004e6ea	?,0x14,0x2
DisplaySystem.dll	RANDY31.DLL::StateBlob_c::SetRenderState	1004e695	1004e6f6	?,0x22,0x0
DisplaySystem.dll	RANDY31.DLL::StateBlob_c::SetRenderState	1004e695	1004e702	?,0x16,0x1
DisplaySystem.dll	RANDY31.DLL::StateBlob_c::SetRenderState	1004e695	1004e70e	?,0xe,0x0
DisplaySystem.dll	RANDY31.DLL::StateBlob_c::SetRenderState	1004e695	1004e71a	?,0x1b,0x1
DisplaySystem.dll	RANDY31.DLL::StateBlob_c::SetRenderState	1004e695	1004e729	?,0x89,0x0
DisplaySystem.dll	RANDY31.DLL::StateBlob_c::SetRenderState	1004e695	1004e735	?,0x14,0x2
DisplaySystem.dll	RANDY31.DLL::StateBlob_c::SetTextureStageState	1004e695	1004e743	?,0x0,0x18,0x2
DisplaySystem.dll	RANDY31.DLL::StateBlob_c::SetRenderState	1004e695	1004e753	?,0x22,0x0
DisplaySystem.dll	RANDY31.DLL::StateBlob_c::SetRenderState	1004ad65	1004ad90	?,0x7,?
DisplaySystem.dll	RANDY31.DLL::StateBlob_c::SetRenderState	1004ad65	1004ad99	?,0xe,0x0
DisplaySystem.dll	RANDY31.DLL::StateBlob_c::SetRenderState	1004ad65	1004ada1	?,0x1b,0x1
DisplaySystem.dll	RANDY31.DLL::StateBlob_c::SetRenderState	1004ad65	1004ada8	?,0x1c,0x0
DisplaySystem.dll	RANDY31.DLL::StateBlob_c::SetRenderState	1004ad65	1004adb2	?,0x89,0x0
DisplaySystem.dll	RANDY31.DLL::StateBlob_c::SetRenderState	1004ad65	1004adbd	?,0x8f,0x1
DisplaySystem.dll	RANDY31.DLL::StateBlob_c::SetTextureStageState	1004ad65	1004adcc	?,0x0,0x2,0x2
DisplaySystem.dll	RANDY31.DLL::StateBlob_c::SetTextureStageState	1004ad65	1004add6	?,0x0,0x1,0x2
DisplaySystem.dll	RANDY31.DLL::StateBlob_c::SetRenderState	1004ad65	1004adde	?,0x14,0x2
DisplaySystem.dll	RANDY31.DLL::StateBlob_c::SetRenderState	1004ad65	1004adfe	?,0x7,?
DisplaySystem.dll	RANDY31.DLL::StateBlob_c::SetRenderState	1004ad65	1004ae06	?,0xe,0x0
DisplaySystem.dll	RANDY31.DLL::StateBlob_c::SetRenderState	1004ad65	1004ae0e	?,0x1b,0x1
DisplaySystem.dll	RANDY31.DLL::StateBlob_c::SetRenderState	1004ad65	1004ae16	?,0x1c,0x0
DisplaySystem.dll	RANDY31.DLL::StateBlob_c::SetRenderState	1004ad65	1004ae21	?,0x89,0x0
DisplaySystem.dll	RANDY31.DLL::StateBlob_c::SetRenderState	1004ad65	1004ae2c	?,0x8f,0x1
DisplaySystem.dll	RANDY31.DLL::StateBlob_c::SetTextureStageState	1004ad65	1004ae36	?,0x0,0x2,0x2
DisplaySystem.dll	RANDY31.DLL::StateBlob_c::SetTextureStageState	1004ad65	1004ae40	?,0x0,0x1,0x2
DisplaySystem.dll	RANDY31.DLL::StateBlob_c::SetRenderState	1004ad65	1004ae48	?,0x13,0x7
DisplaySystem.dll	RANDY31.DLL::StateBlob_c::SetRenderState	1004ad65	1004ae50	?,0x14,0x2
DisplaySystem.dll	RANDY31.DLL::RDeltaState::SetRenderState	1002ece0	1002ed45	?,0x88,0x1
DisplaySystem.dll	RANDY31.DLL::RDeltaState::SetRenderState	1002ece0	1002ed53	?,0x89,0x0
DisplaySystem.dll	RANDY31.DLL::RDeltaState::SetRenderState	1002ece0	1002ed5f	?,0x17,0x8
DisplaySystem.dll	RANDY31.DLL::RDeltaState::SetRenderState	1002ece0	1002ed6a	?,0xe,0x0
DisplaySystem.dll	RANDY31.DLL::RDeltaState::SetRenderState	1002ece0	1002ed79	?,0x8d,0x1
DisplaySystem.dll	RANDY31.DLL::RDeltaState::SetRenderState	1002ece0	1002ed84	?,0x1c,0x0
DisplaySystem.dll	RANDY31.DLL::RDeltaState::SetRenderState	1002ece0	1002ed90	?,0x16,0x1
DisplaySystem.dll	RANDY31.DLL::RDeltaState::SetTextureStageState	1002ece0	1002edab	?,0x0,0x1,0x4
DisplaySystem.dll	RANDY31.DLL::RDeltaState::SetTextureStageState	1002ece0	1002edb9	?,0x0,0x2,0x2
DisplaySystem.dll	RANDY31.DLL::RDeltaState::SetTextureStageState	1002ece0	1002edc7	?,0x0,0x3,0x0
DisplaySystem.dll	RANDY31.DLL::RDeltaState::SetTextureStageState	1002ece0	1002edd5	?,0x0,0x4,0x4
DisplaySystem.dll	RANDY31.DLL::RDeltaState::SetTextureStageState	1002ece0	1002ede3	?,0x0,0x5,0x2
DisplaySystem.dll	RANDY31.DLL::RDeltaState::SetTextureStageState	1002ece0	1002edf6	?,0x0,0x1,0x2
DisplaySystem.dll	RANDY31.DLL::RDeltaState::SetTextureStageState	1002ece0	1002ee04	?,0x0,0x2,0x0
DisplaySystem.dll	RANDY31.DLL::RDeltaState::SetTextureStageState	1002ece0	1002ee12	?,0x0,0x4,0x2
DisplaySystem.dll	RANDY31.DLL::RDeltaState::SetTextureStageState	1002ece0	1002ee20	?,0x0,?,0x0
DisplaySystem.dll	RANDY31.DLL::RDeltaState::SetRenderState	1002ece0	1002ee35	?,0x1b,0x1
DisplaySystem.dll	RANDY31.DLL::RDeltaState::SetRenderState	1002ece0	1002ee41	?,0x13,0x5
DisplaySystem.dll	RANDY31.DLL::RDeltaState::SetRenderState	1002ece0	1002ee47	?,0x1b,0x1
DisplaySystem.dll	RANDY31.DLL::RDeltaState::SetRenderState	1002ece0	1002ee53	?,0x13,0x5
DisplaySystem.dll	RANDY31.DLL::RDeltaState::SetRenderState	1002ece0	1002ee5f	?,0x14,?
DisplaySystem.dll	RANDY31.DLL::RDeltaState::SetTextureStageState	1002ece0	1002ee76	?,0x0,0x10,0x1
DisplaySystem.dll	RANDY31.DLL::RDeltaState::SetTextureStageState	1002ece0	1002ee83	?,0x0,0x12,0x1
DisplaySystem.dll	RANDY31.DLL::RDeltaState::SetTextureStageState	1002ece0	1002ee90	?,0x0,0x10,0x2
DisplaySystem.dll	RANDY31.DLL::RDeltaState::SetTextureStageState	1002ece0	1002ee9d	?,0x0,0x11,0x2
DisplaySystem.dll	RANDY31.DLL::RDeltaState::SetTextureStageState	1002ece0	1002eeaa	?,0x0,?,0x1
DisplaySystem.dll	RANDY31.DLL::RDeltaState::SetRenderState	1000c882	1000c951	?,0x88,0x1
DisplaySystem.dll	RANDY31.DLL::RDeltaState::SetRenderState	1000c882	1000c960	?,0x89,0x0
DisplaySystem.dll	RANDY31.DLL::RDeltaState::SetRenderState	1000c882	1000c96c	?,0xe,0x0
DisplaySystem.dll	RANDY31.DLL::RDeltaState::SetRenderState	1000c882	1000c97a	?,0x8d,0x1
DisplaySystem.dll	RANDY31.DLL::RDeltaState::SetRenderState	1000c882	1000c985	?,0x16,0x1
DisplaySystem.dll	RANDY31.DLL::RDeltaState::SetRenderState	1000c882	1000c993	?,0x94,0x1
DisplaySystem.dll	RANDY31.DLL::RDeltaState::SetTextureStageState	1000c882	1000c9af	?,0x0,0x1,0x4
DisplaySystem.dll	RANDY31.DLL::RDeltaState::SetTextureStageState	1000c882	1000c9bd	?,0x0,0x2,0x2
DisplaySystem.dll	RANDY31.DLL::RDeltaState::SetTextureStageState	1000c882	1000c9cb	?,0x0,0x3,0x0
DisplaySystem.dll	RANDY31.DLL::RDeltaState::SetTextureStageState	1000c882	1000c9d9	?,0x0,0x4,0x2
DisplaySystem.dll	RANDY31.DLL::RDeltaState::SetTextureStageState	1000c882	1000c9e9	?,0x0,0x1,0x2
DisplaySystem.dll	RANDY31.DLL::RDeltaState::SetTextureStageState	1000c882	1000c9f7	?,0x0,0x2,0x0
DisplaySystem.dll	RANDY31.DLL::RDeltaState::SetTextureStageState	1000c882	1000ca05	?,0x0,0x4,0x2
DisplaySystem.dll	RANDY31.DLL::RDeltaState::SetTextureStageState	1000c882	1000ca13	?,0x0,0x5,?
DisplaySystem.dll	RANDY31.DLL::RDeltaState::SetRenderState	1000c882	1000ca28	?,0x1b,0x1
DisplaySystem.dll	RANDY31.DLL::RDeltaState::SetRenderState	1000c882	1000ca34	?,0x13,0x5
DisplaySystem.dll	RANDY31.DLL::RDeltaState::SetRenderState	1000c882	1000ca3a	?,0x1b,0x1
DisplaySystem.dll	RANDY31.DLL::RDeltaState::SetRenderState	1000c882	1000ca46	?,0x13,0x1
DisplaySystem.dll	RANDY31.DLL::RDeltaState::SetRenderState	1000c882	1000ca52	?,0x14,?
DisplaySystem.dll	RANDY31.DLL::RDeltaState::SetTextureStageState	1000c882	1000ca69	?,0x0,0x10,0x1
DisplaySystem.dll	RANDY31.DLL::RDeltaState::SetTextureStageState	1000c882	1000ca76	?,0x0,0x12,0x1
DisplaySystem.dll	RANDY31.DLL::RDeltaState::SetTextureStageState	1000c882	1000ca83	?,0x0,0x11,0x1
DisplaySystem.dll	RANDY31.DLL::RDeltaState::SetRenderState	1002061d	100206ab	?,0x88,0x1
DisplaySystem.dll	RANDY31.DLL::RDeltaState::SetRenderState	1002061d	100206b9	?,0x89,0x0
DisplaySystem.dll	RANDY31.DLL::RDeltaState::SetRenderState	1002061d	100206c4	?,0xe,0x0
DisplaySystem.dll	RANDY31.DLL::RDeltaState::SetRenderState	1002061d	100206d3	?,0x8d,0x1
DisplaySystem.dll	RANDY31.DLL::RDeltaState::SetRenderState	1002061d	100206df	?,0x16,0x1
DisplaySystem.dll	RANDY31.DLL::RDeltaState::SetRenderState	1002061d	100206ee	?,0x94,0x1
DisplaySystem.dll	RANDY31.DLL::RDeltaState::SetTextureStageState	1002061d	10020709	?,0x0,0x1,0x4
DisplaySystem.dll	RANDY31.DLL::RDeltaState::SetTextureStageState	1002061d	10020717	?,0x0,0x2,0x2
DisplaySystem.dll	RANDY31.DLL::RDeltaState::SetTextureStageState	1002061d	10020725	?,0x0,0x3,0x0
DisplaySystem.dll	RANDY31.DLL::RDeltaState::SetTextureStageState	1002061d	10020733	?,0x0,0x4,0x4
DisplaySystem.dll	RANDY31.DLL::RDeltaState::SetTextureStageState	1002061d	10020741	?,0x0,0x5,0x2
DisplaySystem.dll	RANDY31.DLL::RDeltaState::SetTextureStageState	1002061d	1002074f	?,0x0,0x6,0x0
DisplaySystem.dll	RANDY31.DLL::RDeltaState::SetTextureStageState	1002061d	1002076d	?,0x0,0x1,0x2
DisplaySystem.dll	RANDY31.DLL::RDeltaState::SetTextureStageState	1002061d	1002077b	?,0x0,0x2,0x0
DisplaySystem.dll	RANDY31.DLL::RDeltaState::SetTextureStageState	1002061d	10020789	?,0x0,0x4,0x2
DisplaySystem.dll	RANDY31.DLL::RDeltaState::SetTextureStageState	1002061d	10020797	?,0x0,0x5,0x0
DisplaySystem.dll	RANDY31.DLL::RDeltaState::SetRenderState	1002061d	100207a3	?,0x1b,0x1
DisplaySystem.dll	RANDY31.DLL::RDeltaState::SetRenderState	1002061d	100207af	?,0x13,0x5
DisplaySystem.dll	RANDY31.DLL::RDeltaState::SetRenderState	1002061d	100207c5	?,0x14,?
DisplaySystem.dll	RANDY31.DLL::RDeltaState::SetRenderState	10057e5f	10057f28	?,0x17,0x8
DisplaySystem.dll	RANDY31.DLL::RDeltaState::SetRenderState	10057e5f	10057f30	?,0xe,0x0
DisplaySystem.dll	RANDY31.DLL::RDeltaState::SetRenderState	10057e5f	10057f39	?,0x1b,0x1
DisplaySystem.dll	RANDY31.DLL::RDeltaState::SetRenderState	10057e5f	10057f47	?,0x14,0x2
DisplaySystem.dll	RANDY31.DLL::StateBlob_c::SetRenderState	1006763f	10067664	?,0xe,0x0
DisplaySystem.dll	RANDY31.DLL::StateBlob_c::SetRenderState	1006763f	10067670	?,0x1c,0x0
DisplaySystem.dll	RANDY31.DLL::StateBlob_c::SetRenderState	1006763f	1006767f	?,0x89,0x0
DisplaySystem.dll	RANDY31.DLL::StateBlob_c::SetRenderState	1006763f	1006768e	?,0x8f,0x1
DisplaySystem.dll	RANDY31.DLL::RDeltaState::SetRenderState	10021eb4	10022090	?,0x88,0x1
DisplaySystem.dll	RANDY31.DLL::RDeltaState::SetRenderState	10021eb4	1002209f	?,0x89,0x0
DisplaySystem.dll	RANDY31.DLL::RDeltaState::SetRenderState	10021eb4	100220ab	?,0xe,0x0
DisplaySystem.dll	RANDY31.DLL::RDeltaState::SetRenderState	10021eb4	100220bc	?,0x8d,0x1
DisplaySystem.dll	RANDY31.DLL::RDeltaState::SetRenderState	10021eb4	100220c7	?,0x16,0x1
DisplaySystem.dll	RANDY31.DLL::RDeltaState::SetRenderState	10021eb4	100220d5	?,0x94,0x1
DisplaySystem.dll	RANDY31.DLL::RDeltaState::SetTextureStageState	10021eb4	100220f1	?,0x0,0x1,0x4
DisplaySystem.dll	RANDY31.DLL::RDeltaState::SetTextureStageState	10021eb4	100220ff	?,0x0,0x2,0x2
DisplaySystem.dll	RANDY31.DLL::RDeltaState::SetTextureStageState	10021eb4	1002210d	?,0x0,0x3,0x0
DisplaySystem.dll	RANDY31.DLL::RDeltaState::SetTextureStageState	10021eb4	1002211b	?,0x0,0x4,0x4
DisplaySystem.dll	RANDY31.DLL::RDeltaState::SetTextureStageState	10021eb4	10022129	?,0x0,0x5,0x2
DisplaySystem.dll	RANDY31.DLL::RDeltaState::SetTextureStageState	10021eb4	1002213b	?,0x0,0x1,0x2
DisplaySystem.dll	RANDY31.DLL::RDeltaState::SetTextureStageState	10021eb4	10022149	?,0x0,0x2,0x0
DisplaySystem.dll	RANDY31.DLL::RDeltaState::SetTextureStageState	10021eb4	10022157	?,0x0,0x4,0x2
DisplaySystem.dll	RANDY31.DLL::RDeltaState::SetTextureStageState	10021eb4	10022165	?,0x0,?,0x0
DisplaySystem.dll	RANDY31.DLL::RDeltaState::SetRenderState	10021eb4	1002217a	?,0x1b,0x1
DisplaySystem.dll	RANDY31.DLL::RDeltaState::SetRenderState	10021eb4	10022186	?,0x13,0x5
DisplaySystem.dll	RANDY31.DLL::RDeltaState::SetRenderState	10021eb4	1002218c	?,0x1b,0x1
DisplaySystem.dll	RANDY31.DLL::RDeltaState::SetRenderState	10021eb4	10022198	?,0x13,0x1
DisplaySystem.dll	RANDY31.DLL::RDeltaState::SetRenderState	10021eb4	100221a4	?,0x14,?
DisplaySystem.dll	RANDY31.DLL::RDeltaState::SetTextureStageState	10021eb4	100221bb	?,0x0,0x10,0x1
DisplaySystem.dll	RANDY31.DLL::RDeltaState::SetTextureStageState	10021eb4	100221c8	?,0x0,0x12,0x1
DisplaySystem.dll	RANDY31.DLL::RDeltaState::SetTextureStageState	10021eb4	100221d5	?,0x0,0x11,0x1
DisplaySystem.dll	RANDY31.DLL::RDeltaState::SetRenderState	1001346e	10013507	?,0x88,0x1
DisplaySystem.dll	RANDY31.DLL::RDeltaState::SetRenderState	1001346e	10013515	?,0x89,0x0
DisplaySystem.dll	RANDY31.DLL::RDeltaState::SetRenderState	1001346e	10013520	?,0xe,0x0
DisplaySystem.dll	RANDY31.DLL::RDeltaState::SetRenderState	1001346e	1001352f	?,0x8d,0x1
DisplaySystem.dll	RANDY31.DLL::RDeltaState::SetRenderState	1001346e	1001353b	?,0x16,0x1
DisplaySystem.dll	RANDY31.DLL::RDeltaState::SetRenderState	1001346e	1001354a	?,0x94,0x1
DisplaySystem.dll	RANDY31.DLL::RDeltaState::SetTextureStageState	1001346e	10013565	?,0x0,0x1,0x4
DisplaySystem.dll	RANDY31.DLL::RDeltaState::SetTextureStageState	1001346e	10013573	?,0x0,0x2,0x2
DisplaySystem.dll	RANDY31.DLL::RDeltaState::SetTextureStageState	1001346e	10013581	?,0x0,0x3,0x0
DisplaySystem.dll	RANDY31.DLL::RDeltaState::SetTextureStageState	1001346e	1001358f	?,0x0,0x4,0x4
DisplaySystem.dll	RANDY31.DLL::RDeltaState::SetTextureStageState	1001346e	1001359d	?,0x0,0x5,0x2
DisplaySystem.dll	RANDY31.DLL::RDeltaState::SetTextureStageState	1001346e	100135b0	?,0x0,0x1,0x2
DisplaySystem.dll	RANDY31.DLL::RDeltaState::SetTextureStageState	1001346e	100135be	?,0x0,0x2,0x0
DisplaySystem.dll	RANDY31.DLL::RDeltaState::SetTextureStageState	1001346e	100135cc	?,0x0,0x4,0x2
DisplaySystem.dll	RANDY31.DLL::RDeltaState::SetTextureStageState	1001346e	100135da	?,0x0,?,0x0
DisplaySystem.dll	RANDY31.DLL::RDeltaState::SetRenderState	1001346e	100135e6	?,0x1b,0x1
DisplaySystem.dll	RANDY31.DLL::RDeltaState::SetRenderState	1001346e	100135f2	?,0x13,0x5
DisplaySystem.dll	RANDY31.DLL::RDeltaState::SetRenderState	1001346e	10013608	?,0x14,?
DisplaySystem.dll	RANDY31.DLL::StateBlob_c::SetRenderState	1004d021	1004d03c	?,0x16,0x1
DisplaySystem.dll	RANDY31.DLL::StateBlob_c::SetRenderState	1004d021	1004d048	?,0x17,0x8
DisplaySystem.dll	RANDY31.DLL::StateBlob_c::SetRenderState	1004d021	1004d054	?,0xe,0x0
DisplaySystem.dll	RANDY31.DLL::StateBlob_c::SetRenderState	1004d021	1004d063	?,0x89,0x0
DisplaySystem.dll	RANDY31.DLL::RDeltaState::SetRenderState	10028966	10028a12	?,0x88,0x1
DisplaySystem.dll	RANDY31.DLL::RDeltaState::SetRenderState	10028966	10028a20	?,0x89,0x0
DisplaySystem.dll	RANDY31.DLL::RDeltaState::SetRenderState	10028966	10028a2b	?,0xe,0x0
DisplaySystem.dll	RANDY31.DLL::RDeltaState::SetRenderState	10028966	10028a3a	?,0x8d,0x1
DisplaySystem.dll	RANDY31.DLL::RDeltaState::SetRenderState	10028966	10028a46	?,0x16,0x1
DisplaySystem.dll	RANDY31.DLL::RDeltaState::SetRenderState	10028966	10028a55	?,0x94,0x1
DisplaySystem.dll	RANDY31.DLL::RDeltaState::SetTextureStageState	10028966	10028a70	?,0x0,0x1,0x4
DisplaySystem.dll	RANDY31.DLL::RDeltaState::SetTextureStageState	10028966	10028a7e	?,0x0,0x2,0x2
DisplaySystem.dll	RANDY31.DLL::RDeltaState::SetTextureStageState	10028966	10028a8c	?,0x0,0x3,0x0
DisplaySystem.dll	RANDY31.DLL::RDeltaState::SetTextureStageState	10028966	10028a9a	?,0x0,0x4,0x4
DisplaySystem.dll	RANDY31.DLL::RDeltaState::SetTextureStageState	10028966	10028aa8	?,0x0,0x5,0x2
DisplaySystem.dll	RANDY31.DLL::RDeltaState::SetTextureStageState	10028966	10028abb	?,0x0,0x1,0x2
DisplaySystem.dll	RANDY31.DLL::RDeltaState::SetTextureStageState	10028966	10028ac9	?,0x0,0x2,0x0
DisplaySystem.dll	RANDY31.DLL::RDeltaState::SetTextureStageState	10028966	10028ad7	?,0x0,0x4,0x2
DisplaySystem.dll	RANDY31.DLL::RDeltaState::SetTextureStageState	10028966	10028ae5	?,0x0,?,0x0
DisplaySystem.dll	RANDY31.DLL::RDeltaState::SetRenderState	10028966	10028af1	?,0x1b,0x1
DisplaySystem.dll	RANDY31.DLL::RDeltaState::SetRenderState	10028966	10028afd	?,0x13,0x5
DisplaySystem.dll	RANDY31.DLL::RDeltaState::SetRenderState	10028966	10028b13	?,0x14,?
DisplaySystem.dll	RANDY31.DLL::RDeltaState::SetRenderState	10024265	10024317	?,0x88,0x1
DisplaySystem.dll	RANDY31.DLL::RDeltaState::SetRenderState	10024265	10024326	?,0x89,0x0
DisplaySystem.dll	RANDY31.DLL::RDeltaState::SetRenderState	10024265	10024332	?,0xe,0x0
DisplaySystem.dll	RANDY31.DLL::RDeltaState::SetRenderState	10024265	10024340	?,0x8d,0x1
DisplaySystem.dll	RANDY31.DLL::RDeltaState::SetRenderState	10024265	1002434b	?,0x16,0x1
DisplaySystem.dll	RANDY31.DLL::RDeltaState::SetRenderState	10024265	10024359	?,0x94,0x1
DisplaySystem.dll	RANDY31.DLL::RDeltaState::SetTextureStageState	10024265	10024375	?,0x0,0x1,0x4
DisplaySystem.dll	RANDY31.DLL::RDeltaState::SetTextureStageState	10024265	10024383	?,0x0,0x2,0x2
DisplaySystem.dll	RANDY31.DLL::RDeltaState::SetTextureStageState	10024265	10024391	?,0x0,0x3,0x0
DisplaySystem.dll	RANDY31.DLL::RDeltaState::SetTextureStageState	10024265	1002439f	?,0x0,0x4,0x4
DisplaySystem.dll	RANDY31.DLL::RDeltaState::SetTextureStageState	10024265	100243ad	?,0x0,0x5,0x2
DisplaySystem.dll	RANDY31.DLL::RDeltaState::SetTextureStageState	10024265	100243bf	?,0x0,0x1,0x2
DisplaySystem.dll	RANDY31.DLL::RDeltaState::SetTextureStageState	10024265	100243cd	?,0x0,0x2,0x0
DisplaySystem.dll	RANDY31.DLL::RDeltaState::SetTextureStageState	10024265	100243db	?,0x0,0x4,0x2
DisplaySystem.dll	RANDY31.DLL::RDeltaState::SetTextureStageState	10024265	100243e9	?,0x0,?,0x0
DisplaySystem.dll	RANDY31.DLL::RDeltaState::SetRenderState	10024265	100243fe	?,0x1b,0x1
DisplaySystem.dll	RANDY31.DLL::RDeltaState::SetRenderState	10024265	1002440a	?,0x13,0x5
DisplaySystem.dll	RANDY31.DLL::RDeltaState::SetRenderState	10024265	10024410	?,0x1b,0x1
DisplaySystem.dll	RANDY31.DLL::RDeltaState::SetRenderState	10024265	1002441c	?,0x13,0x5
DisplaySystem.dll	RANDY31.DLL::RDeltaState::SetRenderState	10024265	10024428	?,0x14,?
DisplaySystem.dll	RANDY31.DLL::RDeltaState::SetTextureStageState	10024265	1002443f	?,0x0,0x10,0x1
DisplaySystem.dll	RANDY31.DLL::RDeltaState::SetTextureStageState	10024265	1002444c	?,0x0,0x12,0x1
DisplaySystem.dll	RANDY31.DLL::RDeltaState::SetTextureStageState	10024265	10024459	?,0x0,0x11,0x1
DisplaySystem.dll	RANDY31.DLL::RDeltaState::SetRenderState	1001e659	1001e6bd	?,0x89,0x0
DisplaySystem.dll	RANDY31.DLL::RDeltaState::SetRenderState	1001e659	1001e6c8	?,0xe,0x0
DisplaySystem.dll	RANDY31.DLL::RDeltaState::SetRenderState	1001e659	1001e6d7	?,0x8d,0x1
DisplaySystem.dll	RANDY31.DLL::RDeltaState::SetRenderState	1001e659	1001e6e3	?,0x16,0x2
DisplaySystem.dll	RANDY31.DLL::RDeltaState::SetRenderState	1001e659	1001e6ef	?,0x1b,0x1
DisplaySystem.dll	RANDY31.DLL::RDeltaState::SetRenderState	1001e659	1001e6fb	?,0x13,0x5
DisplaySystem.dll	RANDY31.DLL::RDeltaState::SetRenderState	1001e659	1001e707	?,0x14,0x6
DisplaySystem.dll	RANDY31.DLL::RDeltaState::SetTextureStageState	1001e659	1001e71a	?,0x0,0x1,0x4
DisplaySystem.dll	RANDY31.DLL::RDeltaState::SetTextureStageState	1001e659	1001e727	?,0x0,0x2,0x1
DisplaySystem.dll	RANDY31.DLL::RDeltaState::SetTextureStageState	1001e659	1001e733	?,0x0,0x3,0x0
DisplaySystem.dll	RANDY31.DLL::RDeltaState::SetTextureStageState	1001e659	1001e740	?,0x0,0x4,0x2
DisplaySystem.dll	RANDY31.DLL::RDeltaState::SetTextureStageState	1001e659	1001e74c	?,0x0,0x5,0x0
DisplaySystem.dll	RANDY31.DLL::RDeltaState::SetRenderState	10018c08	10018cc9	?,0x88,0x1
DisplaySystem.dll	RANDY31.DLL::RDeltaState::SetRenderState	10018c08	10018cd7	?,0x89,0x0
DisplaySystem.dll	RANDY31.DLL::RDeltaState::SetRenderState	10018c08	10018ce2	?,0xe,0x0
DisplaySystem.dll	RANDY31.DLL::RDeltaState::SetRenderState	10018c08	10018cf1	?,0x8d,0x1
DisplaySystem.dll	RANDY31.DLL::RDeltaState::SetRenderState	10018c08	10018cfd	?,0x16,0x1
DisplaySystem.dll	RANDY31.DLL::RDeltaState::SetRenderState	10018c08	10018d0c	?,0x94,0x1
DisplaySystem.dll	RANDY31.DLL::RDeltaState::SetTextureStageState	10018c08	10018d27	?,0x0,0x1,0x6
DisplaySystem.dll	RANDY31.DLL::RDeltaState::SetTextureStageState	10018c08	10018d35	?,0x0,0x2,0x2
DisplaySystem.dll	RANDY31.DLL::RDeltaState::SetTextureStageState	10018c08	10018d43	?,0x0,0x3,0x0
DisplaySystem.dll	RANDY31.DLL::RDeltaState::SetTextureStageState	10018c08	10018d51	?,0x0,0x4,0x6
DisplaySystem.dll	RANDY31.DLL::RDeltaState::SetTextureStageState	10018c08	10018d5f	?,0x0,0x5,0x2
DisplaySystem.dll	RANDY31.DLL::RDeltaState::SetTextureStageState	10018c08	10018d72	?,0x0,0x1,0x2
DisplaySystem.dll	RANDY31.DLL::RDeltaState::SetTextureStageState	10018c08	10018d80	?,0x0,0x2,0x0
DisplaySystem.dll	RANDY31.DLL::RDeltaState::SetTextureStageState	10018c08	10018d8e	?,0x0,0x4,0x2
DisplaySystem.dll	RANDY31.DLL::RDeltaState::SetTextureStageState	10018c08	10018d9c	?,0x0,?,0x0
DisplaySystem.dll	RANDY31.DLL::RDeltaState::SetRenderState	10018c08	10018da8	?,0x1b,0x1
DisplaySystem.dll	RANDY31.DLL::RDeltaState::SetRenderState	10018c08	10018db4	?,0x13,0x5
DisplaySystem.dll	RANDY31.DLL::RDeltaState::SetRenderState	10018c08	10018dca	?,0x14,?
DisplaySystem.dll	RANDY31.DLL::StateBlob_c::SetTextureStageState	100063b8	100065e7	?,0x0,0x2,0x2
DisplaySystem.dll	RANDY31.DLL::StateBlob_c::SetTextureStageState	100063b8	100065f5	?,0x0,0x1,0x4
DisplaySystem.dll	RANDY31.DLL::StateBlob_c::SetRenderState	100063b8	10006607	?,0x1b,0x1
DisplaySystem.dll	RANDY31.DLL::StateBlob_c::SetRenderState	100063b8	10006613	?,0x13,0x2
DisplaySystem.dll	RANDY31.DLL::StateBlob_c::SetRenderState	100063b8	1000661f	?,0x14,0x2
DisplaySystem.dll	RANDY31.DLL::StateBlob_c::SetRenderState	100063b8	1000662b	?,0x16,0x1
DisplaySystem.dll	RANDY31.DLL::StateBlob_c::SetRenderState	10055713	10055735	?,0x17,0x8
DisplaySystem.dll	RANDY31.DLL::StateBlob_c::SetRenderState	10055713	10055741	?,0xe,0x0
DisplaySystem.dll	RANDY31.DLL::StateBlob_c::SetRenderState	10055713	1005574d	?,0x1b,0x1
DisplaySystem.dll	RANDY31.DLL::StateBlob_c::SetRenderState	10055713	10055759	?,0x1c,0x0
DisplaySystem.dll	RANDY31.DLL::StateBlob_c::SetRenderState	10055713	10055768	?,0x89,0x0
DisplaySystem.dll	RANDY31.DLL::StateBlob_c::SetRenderState	10055713	10055774	?,0x13,0xa
DisplaySystem.dll	RANDY31.DLL::StateBlob_c::SetRenderState	10055713	10055780	?,0x14,0x1
DisplaySystem.dll	RANDY31.DLL::StateBlob_c::SetRenderState	10055713	1005578c	?,0x17,0x8
DisplaySystem.dll	RANDY31.DLL::StateBlob_c::SetRenderState	10055713	10055798	?,0xe,0x0
DisplaySystem.dll	RANDY31.DLL::StateBlob_c::SetRenderState	10055713	100557a4	?,0x1b,0x0
DisplaySystem.dll	RANDY31.DLL::StateBlob_c::SetRenderState	10055713	100557b0	?,0x1c,0x0
DisplaySystem.dll	RANDY31.DLL::StateBlob_c::SetRenderState	10055713	100557bf	?,0x89,0x0
DisplaySystem.dll	RANDY31.DLL::StateBlob_c::SetRenderState	10055713	100557cb	?,0x13,0x1
DisplaySystem.dll	RANDY31.DLL::StateBlob_c::SetRenderState	10055713	100557d7	?,0x14,0x3
DisplaySystem.dll	RANDY31.DLL::RDeltaState::SetRenderState	1000f7f0	1000f94b	?,0x88,0x1
DisplaySystem.dll	RANDY31.DLL::RDeltaState::SetRenderState	1000f7f0	1000f95a	?,0x89,0x0
DisplaySystem.dll	RANDY31.DLL::RDeltaState::SetRenderState	1000f7f0	1000f966	?,0xe,0x0
DisplaySystem.dll	RANDY31.DLL::RDeltaState::SetRenderState	1000f7f0	1000f974	?,0x8d,0x1
DisplaySystem.dll	RANDY31.DLL::RDeltaState::SetRenderState	1000f7f0	1000f97f	?,0x16,0x1
DisplaySystem.dll	RANDY31.DLL::RDeltaState::SetRenderState	1000f7f0	1000f98d	?,0x94,0x1
DisplaySystem.dll	RANDY31.DLL::RDeltaState::SetTextureStageState	1000f7f0	1000f9a9	?,0x0,0x1,0x5
DisplaySystem.dll	RANDY31.DLL::RDeltaState::SetTextureStageState	1000f7f0	1000f9b7	?,0x0,0x2,0x2
DisplaySystem.dll	RANDY31.DLL::RDeltaState::SetTextureStageState	1000f7f0	1000f9c5	?,0x0,0x3,0x0
DisplaySystem.dll	RANDY31.DLL::RDeltaState::SetTextureStageState	1000f7f0	1000f9d3	?,0x0,0x4,0x4
DisplaySystem.dll	RANDY31.DLL::RDeltaState::SetTextureStageState	1000f7f0	1000f9e1	?,0x0,0x5,0x2
DisplaySystem.dll	RANDY31.DLL::RDeltaState::SetTextureStageState	1000f7f0	1000f9f3	?,0x0,0x1,0x2
DisplaySystem.dll	RANDY31.DLL::RDeltaState::SetTextureStageState	1000f7f0	1000fa01	?,0x0,0x2,0x0
DisplaySystem.dll	RANDY31.DLL::RDeltaState::SetTextureStageState	1000f7f0	1000fa0f	?,0x0,0x4,0x2
DisplaySystem.dll	RANDY31.DLL::RDeltaState::SetTextureStageState	1000f7f0	1000fa1d	?,0x0,?,0x0
DisplaySystem.dll	RANDY31.DLL::RDeltaState::SetRenderState	1000f7f0	1000fa32	?,0x1b,0x1
DisplaySystem.dll	RANDY31.DLL::RDeltaState::SetRenderState	1000f7f0	1000fa3e	?,0x13,0x5
DisplaySystem.dll	RANDY31.DLL::RDeltaState::SetRenderState	1000f7f0	1000fa44	?,0x1b,0x1
DisplaySystem.dll	RANDY31.DLL::RDeltaState::SetRenderState	1000f7f0	1000fa50	?,0x13,0x1
DisplaySystem.dll	RANDY31.DLL::RDeltaState::SetRenderState	1000f7f0	1000fa5c	?,0x14,?
DisplaySystem.dll	RANDY31.DLL::RDeltaState::SetTextureStageState	1000f7f0	1000fa73	?,0x0,0x10,0x1
DisplaySystem.dll	RANDY31.DLL::RDeltaState::SetTextureStageState	1000f7f0	1000fa80	?,0x0,0x12,0x1
DisplaySystem.dll	RANDY31.DLL::RDeltaState::SetTextureStageState	1000f7f0	1000fa8d	?,0x0,0x11,0x1
DisplaySystem.dll	RANDY31.DLL::RDeltaState::SetRenderState	1001d569	1001dc67	?,0x3c,?
DisplaySystem.dll	RANDY31.DLL::RDeltaState::SetRenderState	1002d940	1002d9a7	?,0x88,0x1
DisplaySystem.dll	RANDY31.DLL::RDeltaState::SetRenderState	1002d940	1002d9b6	?,0x89,0x0
DisplaySystem.dll	RANDY31.DLL::RDeltaState::SetRenderState	1002d940	1002d9c2	?,0xe,0x0
DisplaySystem.dll	RANDY31.DLL::RDeltaState::SetRenderState	1002d940	1002d9d0	?,0x8d,0x1
DisplaySystem.dll	RANDY31.DLL::RDeltaState::SetRenderState	1002d940	1002d9db	?,0x16,0x1
DisplaySystem.dll	RANDY31.DLL::RDeltaState::SetRenderState	1002d940	1002d9e9	?,0x94,0x1
DisplaySystem.dll	RANDY31.DLL::RDeltaState::SetTextureStageState	1002d940	1002da05	?,0x0,0x1,0x4
DisplaySystem.dll	RANDY31.DLL::RDeltaState::SetTextureStageState	1002d940	1002da13	?,0x0,0x2,0x2
DisplaySystem.dll	RANDY31.DLL::RDeltaState::SetTextureStageState	1002d940	1002da21	?,0x0,0x3,0x0
DisplaySystem.dll	RANDY31.DLL::RDeltaState::SetTextureStageState	1002d940	1002da2f	?,0x0,0x4,0x4
DisplaySystem.dll	RANDY31.DLL::RDeltaState::SetTextureStageState	1002d940	1002da3d	?,0x0,0x5,0x2
DisplaySystem.dll	RANDY31.DLL::RDeltaState::SetTextureStageState	1002d940	1002da4f	?,0x0,0x1,0x2
DisplaySystem.dll	RANDY31.DLL::RDeltaState::SetTextureStageState	1002d940	1002da5d	?,0x0,0x2,0x0
DisplaySystem.dll	RANDY31.DLL::RDeltaState::SetTextureStageState	1002d940	1002da6b	?,0x0,0x4,0x2
DisplaySystem.dll	RANDY31.DLL::RDeltaState::SetTextureStageState	1002d940	1002da79	?,0x0,?,0x0
DisplaySystem.dll	RANDY31.DLL::RDeltaState::SetRenderState	1002d940	1002da8e	?,0x1b,0x1
DisplaySystem.dll	RANDY31.DLL::RDeltaState::SetRenderState	1002d940	1002da9a	?,0x13,0x5
DisplaySystem.dll	RANDY31.DLL::RDeltaState::SetRenderState	1002d940	1002daaf	?,0x1b,0x1
DisplaySystem.dll	RANDY31.DLL::RDeltaState::SetRenderState	1002d940	1002dabb	?,0x13,0x5
DisplaySystem.dll	RANDY31.DLL::RDeltaState::SetRenderState	1002d940	1002dac7	?,0x14,?
DisplaySystem.dll	RANDY31.DLL::RDeltaState::SetTextureStageState	1002d940	1002dade	?,0x0,0x10,0x1
DisplaySystem.dll	RANDY31.DLL::RDeltaState::SetTextureStageState	1002d940	1002daeb	?,0x0,0x12,0x1
DisplaySystem.dll	RANDY31.DLL::RDeltaState::SetTextureStageState	1002d940	1002daf8	?,0x0,0x11,0x1
DisplaySystem.dll	RANDY31.DLL::RDeltaState::SetRenderState	1002c63e	1002c69d	?,0x88,0x1
DisplaySystem.dll	RANDY31.DLL::RDeltaState::SetRenderState	1002c63e	1002c6ab	?,0x89,0x0
DisplaySystem.dll	RANDY31.DLL::RDeltaState::SetRenderState	1002c63e	1002c6b6	?,0xe,0x0
DisplaySystem.dll	RANDY31.DLL::RDeltaState::SetRenderState	1002c63e	1002c6c5	?,0x8d,0x1
DisplaySystem.dll	RANDY31.DLL::RDeltaState::SetRenderState	1002c63e	1002c6d1	?,0x16,0x1
DisplaySystem.dll	RANDY31.DLL::RDeltaState::SetTextureStageState	1002c63e	1002c6ec	?,0x0,0x1,0x4
DisplaySystem.dll	RANDY31.DLL::RDeltaState::SetTextureStageState	1002c63e	1002c6fa	?,0x0,0x2,0x2
DisplaySystem.dll	RANDY31.DLL::RDeltaState::SetTextureStageState	1002c63e	1002c708	?,0x0,0x3,0x0
DisplaySystem.dll	RANDY31.DLL::RDeltaState::SetTextureStageState	1002c63e	1002c716	?,0x0,0x4,0x4
DisplaySystem.dll	RANDY31.DLL::RDeltaState::SetTextureStageState	1002c63e	1002c724	?,0x0,0x5,0x2
DisplaySystem.dll	RANDY31.DLL::RDeltaState::SetTextureStageState	1002c63e	1002c732	?,0x0,0x6,0x0
DisplaySystem.dll	RANDY31.DLL::RDeltaState::SetTextureStageState	1002c63e	1002c740	?,0x0,0xc,0x3
DisplaySystem.dll	RANDY31.DLL::RDeltaState::SetTextureStageState	1002c63e	1002c75e	?,0x0,0x1,0x2
DisplaySystem.dll	RANDY31.DLL::RDeltaState::SetTextureStageState	1002c63e	1002c76c	?,0x0,0x2,0x0
DisplaySystem.dll	RANDY31.DLL::RDeltaState::SetTextureStageState	1002c63e	1002c77a	?,0x0,0x4,0x2
DisplaySystem.dll	RANDY31.DLL::RDeltaState::SetTextureStageState	1002c63e	1002c788	?,0x0,0x5,0x0
DisplaySystem.dll	RANDY31.DLL::RDeltaState::SetRenderState	1002c63e	1002c794	?,0x1b,0x1
DisplaySystem.dll	RANDY31.DLL::RDeltaState::SetRenderState	1002c63e	1002c7a0	?,0x13,0x5
DisplaySystem.dll	RANDY31.DLL::RDeltaState::SetRenderState	1002c63e	1002c7ac	?,0x14,0x2
DisplaySystem.dll	RANDY31.DLL::RDeltaState::SetRenderState	10012958	10012a21	?,0x88,0x1
DisplaySystem.dll	RANDY31.DLL::RDeltaState::SetRenderState	10012958	10012a30	?,0x89,0x0
DisplaySystem.dll	RANDY31.DLL::RDeltaState::SetRenderState	10012958	10012a3c	?,0xe,0x0
DisplaySystem.dll	RANDY31.DLL::RDeltaState::SetRenderState	10012958	10012a4a	?,0x8d,0x1
DisplaySystem.dll	RANDY31.DLL::RDeltaState::SetRenderState	10012958	10012a55	?,0x16,0x1
DisplaySystem.dll	RANDY31.DLL::RDeltaState::SetRenderState	10012958	10012a63	?,0x94,0x1
DisplaySystem.dll	RANDY31.DLL::RDeltaState::SetTextureStageState	10012958	10012a7f	?,0x0,0x1,0x4
DisplaySystem.dll	RANDY31.DLL::RDeltaState::SetTextureStageState	10012958	10012a8d	?,0x0,0x2,0x2
DisplaySystem.dll	RANDY31.DLL::RDeltaState::SetTextureStageState	10012958	10012a9b	?,0x0,0x3,0x0
DisplaySystem.dll	RANDY31.DLL::RDeltaState::SetTextureStageState	10012958	10012aa9	?,0x0,0x4,0x4
DisplaySystem.dll	RANDY31.DLL::RDeltaState::SetTextureStageState	10012958	10012ab7	?,0x0,0x5,0x2
DisplaySystem.dll	RANDY31.DLL::RDeltaState::SetTextureStageState	10012958	10012ac9	?,0x0,0x1,0x2
DisplaySystem.dll	RANDY31.DLL::RDeltaState::SetTextureStageState	10012958	10012ad7	?,0x0,0x2,0x0
DisplaySystem.dll	RANDY31.DLL::RDeltaState::SetTextureStageState	10012958	10012ae5	?,0x0,0x4,0x2
DisplaySystem.dll	RANDY31.DLL::RDeltaState::SetTextureStageState	10012958	10012af3	?,0x0,?,0x0
DisplaySystem.dll	RANDY31.DLL::RDeltaState::SetRenderState	10012958	10012b08	?,0x1b,0x1
DisplaySystem.dll	RANDY31.DLL::RDeltaState::SetRenderState	10012958	10012b14	?,0x13,0x5
DisplaySystem.dll	RANDY31.DLL::RDeltaState::SetRenderState	10012958	10012b1a	?,0x1b,0x1
DisplaySystem.dll	RANDY31.DLL::RDeltaState::SetRenderState	10012958	10012b26	?,0x13,0x5
DisplaySystem.dll	RANDY31.DLL::RDeltaState::SetRenderState	10012958	10012b32	?,0x14,?
DisplaySystem.dll	RANDY31.DLL::RDeltaState::SetTextureStageState	10012958	10012b49	?,0x0,0x10,0x1
DisplaySystem.dll	RANDY31.DLL::RDeltaState::SetTextureStageState	10012958	10012b56	?,0x0,0x12,0x1
DisplaySystem.dll	RANDY31.DLL::RDeltaState::SetTextureStageState	10012958	10012b63	?,0x0,0x11,0x1
DisplaySystem.dll	RANDY31.DLL::RDeltaState::SetRenderState	1006c61d	1006c678	?,0x89,0x0
DisplaySystem.dll	RANDY31.DLL::RDeltaState::SetRenderState	1006c61d	1006c681	?,0x16,0x1
DisplaySystem.dll	RANDY31.DLL::RDeltaState::SetRenderState	1006c61d	1006c689	?,0xe,0x0
DisplaySystem.dll	RANDY31.DLL::RDeltaState::SetRenderState	1006c61d	1006c692	?,0x13,0x2
DisplaySystem.dll	RANDY31.DLL::RDeltaState::SetRenderState	1006c61d	1006c69b	?,0x14,0x4
DisplaySystem.dll	RANDY31.DLL::RDeltaState::SetRenderState	1006c61d	1006c6a4	?,0x1b,0x1
DisplaySystem.dll	RANDY31.DLL::RDeltaState::SetTextureStageState	1006c61d	1006c6b4	?,0x0,0x1,0x3
DisplaySystem.dll	RANDY31.DLL::RDeltaState::SetTextureStageState	1006c61d	1006c6bd	?,0x0,0x2,0x0
DisplaySystem.dll	RANDY31.DLL::RDeltaState::SetTextureStageState	1006c61d	1006c6c7	?,0x0,0x3,0x2
DisplaySystem.dll	RANDY31.DLL::RDeltaState::SetTextureStageState	1006c61d	1006c6d4	?,0x0,0xb,0x20000
DisplaySystem.dll	RANDY31.DLL::RDeltaState::SetTextureStageState	1006c61d	1006c6de	?,0x0,0x18,0x3
DisplaySystem.dll	RANDY31.DLL::RDeltaState::SetTextureStageState	1006c61d	1006c6e8	?,0x0,0xc,0x1
DisplaySystem.dll	RANDY31.DLL::RDeltaState::SetTextureStageState	1006c61d	1006c755	?,0x1,0x1,0x7
DisplaySystem.dll	RANDY31.DLL::RDeltaState::SetTextureStageState	1006c61d	1006c760	?,0x1,0x2,0x1
DisplaySystem.dll	RANDY31.DLL::RDeltaState::SetTextureStageState	1006c61d	1006c76b	?,0x1,0x3,0x2
DisplaySystem.dll	RANDY31.DLL::RDeltaState::SetTextureStageState	1006c61d	1006c775	?,0x1,0xb,0x0
DisplaySystem.dll	RANDY31.DLL::RDeltaState::SetTextureStageState	1006c61d	1006c780	?,0x1,0x18,0x2
DisplaySystem.dll	RANDY31.DLL::RDeltaState::SetTextureStageState	1006c61d	1006c78b	?,0x1,0xc,0x1
DisplaySystem.dll	RANDY31.DLL::RDeltaState::SetRenderState	1006c61d	1006c8cc	?,0x89,0x1
DisplaySystem.dll	RANDY31.DLL::RDeltaState::SetRenderState	1006c61d	1006c8d5	?,0xe,0x1
DisplaySystem.dll	RANDY31.DLL::RDeltaState::SetRenderState	1006c61d	1006c8dd	?,0x1c,0x0
DisplaySystem.dll	RANDY31.DLL::RDeltaState::SetTextureStageState	1006c61d	1006c8ed	?,0x0,0x1,0x4
DisplaySystem.dll	RANDY31.DLL::RDeltaState::SetTextureStageState	1006c61d	1006c8f6	?,0x0,0x2,0x0
DisplaySystem.dll	RANDY31.DLL::RDeltaState::SetTextureStageState	1006c61d	1006c900	?,0x0,0x3,0x2
DisplaySystem.dll	RANDY31.DLL::RDeltaState::SetRenderState	1006c61d	1006c95b	?,0x89,0x1
DisplaySystem.dll	RANDY31.DLL::RDeltaState::SetRenderState	1006c61d	1006c963	?,0xe,0x0
DisplaySystem.dll	RANDY31.DLL::RDeltaState::SetRenderState	1006c61d	1006c96b	?,0x1c,0x0
DisplaySystem.dll	RANDY31.DLL::RDeltaState::SetRenderState	1006c61d	1006c974	?,0x1b,0x1
DisplaySystem.dll	RANDY31.DLL::RDeltaState::SetRenderState	1006c61d	1006c97d	?,0x13,0x5
DisplaySystem.dll	RANDY31.DLL::RDeltaState::SetRenderState	1006c61d	1006c986	?,0x14,0x2
DisplaySystem.dll	RANDY31.DLL::RDeltaState::SetRenderState	1006c61d	1006c98f	?,0x16,0x1
DisplaySystem.dll	RANDY31.DLL::RDeltaState::SetTextureStageState	1006c61d	1006c99f	?,0x0,0x1,0x4
DisplaySystem.dll	RANDY31.DLL::RDeltaState::SetTextureStageState	1006c61d	1006c9a8	?,0x0,0x2,0x0
DisplaySystem.dll	RANDY31.DLL::RDeltaState::SetTextureStageState	1006c61d	1006c9b2	?,0x0,0x3,0x2
DisplaySystem.dll	RANDY31.DLL::RDeltaState::SetTextureStageState	1006c61d	1006c9bc	?,0x0,0x4,0x4
DisplaySystem.dll	RANDY31.DLL::RDeltaState::SetTextureStageState	1006c61d	1006c9c5	?,0x0,0x5,0x0
DisplaySystem.dll	RANDY31.DLL::RDeltaState::SetTextureStageState	1006c61d	1006c9cf	?,0x0,0x6,0x2
DisplaySystem.dll	RANDY31.DLL::RDeltaState::SetTextureStageState	1006c61d	1006c9d9	?,0x0,0xc,0x1
DisplaySystem.dll	RANDY31.DLL::RDeltaState::SetTextureStageState	1006c61d	1006c9e3	?,0x0,0xd,0x1
DisplaySystem.dll	RANDY31.DLL::RDeltaState::SetTextureStageState	1006c61d	1006c9ed	?,0x0,0xe,0x1
DisplaySystem.dll	RANDY31.DLL::RDeltaState::SetRenderState	1006c61d	1006ca7b	?,0x89,0x0
DisplaySystem.dll	RANDY31.DLL::RDeltaState::SetRenderState	1006c61d	1006ca83	?,0xe,0x0
DisplaySystem.dll	RANDY31.DLL::RDeltaState::SetRenderState	1006c61d	1006ca8b	?,0x1c,0x0
DisplaySystem.dll	RANDY31.DLL::RDeltaState::SetRenderState	1006c61d	1006ca94	?,0x1b,0x1
DisplaySystem.dll	RANDY31.DLL::RDeltaState::SetRenderState	1006c61d	1006ca9d	?,0x13,0x5
DisplaySystem.dll	RANDY31.DLL::RDeltaState::SetRenderState	1006c61d	1006caa6	?,0x14,0x2
DisplaySystem.dll	RANDY31.DLL::RDeltaState::SetRenderState	1006c61d	1006caaf	?,0x16,0x1
DisplaySystem.dll	RANDY31.DLL::RDeltaState::SetTextureStageState	1006c61d	1006cabf	?,0x0,0x1,0x4
DisplaySystem.dll	RANDY31.DLL::RDeltaState::SetTextureStageState	1006c61d	1006cac8	?,0x0,0x2,0x0
DisplaySystem.dll	RANDY31.DLL::RDeltaState::SetTextureStageState	1006c61d	1006cad2	?,0x0,0x3,0x2
DisplaySystem.dll	RANDY31.DLL::RDeltaState::SetTextureStageState	1006c61d	1006cadc	?,0x0,0x4,0x4
DisplaySystem.dll	RANDY31.DLL::RDeltaState::SetTextureStageState	1006c61d	1006cae5	?,0x0,0x5,0x0
DisplaySystem.dll	RANDY31.DLL::RDeltaState::SetTextureStageState	1006c61d	1006caef	?,0x0,0x6,0x2
DisplaySystem.dll	RANDY31.DLL::RDeltaState::SetTextureStageState	1006c61d	1006caf9	?,0x0,0xc,0x1
DisplaySystem.dll	RANDY31.DLL::RDeltaState::SetTextureStageState	1006c61d	1006cb03	?,0x0,0xd,0x1
DisplaySystem.dll	RANDY31.DLL::RDeltaState::SetTextureStageState	1006c61d	1006cb0d	?,0x0,0xe,0x1
DisplaySystem.dll	RANDY31.DLL::RDeltaState::SetRenderState	1006c61d	1006cb9b	?,0x89,0x0
DisplaySystem.dll	RANDY31.DLL::RDeltaState::SetRenderState	1006c61d	1006cba3	?,0xe,0x0
DisplaySystem.dll	RANDY31.DLL::RDeltaState::SetRenderState	1006c61d	1006cbab	?,0x1c,0x0
DisplaySystem.dll	RANDY31.DLL::RDeltaState::SetRenderState	1006c61d	1006cbb4	?,0x1b,0x1
DisplaySystem.dll	RANDY31.DLL::RDeltaState::SetRenderState	1006c61d	1006cbbd	?,0x13,0x5
DisplaySystem.dll	RANDY31.DLL::RDeltaState::SetRenderState	1006c61d	1006cbc6	?,0x14,0x2
DisplaySystem.dll	RANDY31.DLL::RDeltaState::SetRenderState	1006c61d	1006cbcf	?,0x16,0x1
DisplaySystem.dll	RANDY31.DLL::RDeltaState::SetTextureStageState	1006c61d	1006cbdf	?,0x0,0x1,0x4
DisplaySystem.dll	RANDY31.DLL::RDeltaState::SetTextureStageState	1006c61d	1006cbe8	?,0x0,0x2,0x0
DisplaySystem.dll	RANDY31.DLL::RDeltaState::SetTextureStageState	1006c61d	1006cbf2	?,0x0,0x3,0x2
DisplaySystem.dll	RANDY31.DLL::RDeltaState::SetTextureStageState	1006c61d	1006cbfc	?,0x0,0x4,0x4
DisplaySystem.dll	RANDY31.DLL::RDeltaState::SetTextureStageState	1006c61d	1006cc05	?,0x0,0x5,0x0
DisplaySystem.dll	RANDY31.DLL::RDeltaState::SetTextureStageState	1006c61d	1006cc0f	?,0x0,0x6,0x2
DisplaySystem.dll	RANDY31.DLL::RDeltaState::SetTextureStageState	1006c61d	1006cc19	?,0x0,0xc,0x1
DisplaySystem.dll	RANDY31.DLL::RDeltaState::SetTextureStageState	1006c61d	1006cc23	?,0x0,0xd,0x1
DisplaySystem.dll	RANDY31.DLL::RDeltaState::SetTextureStageState	1006c61d	1006cc2d	?,0x0,0xe,0x1
DisplaySystem.dll	RANDY31.DLL::RDeltaState::SetRenderState	1006c61d	1006cca6	?,0x2f,0x1
DisplaySystem.dll	RANDY31.DLL::DeviceState::SetRenderState	10031b0d	10031b27	?,?,?,0x2
DisplaySystem.dll	RANDY31.DLL::StateBlob_c::SetRenderState	10057b0c	10057b2e	?,0x17,0x8
DisplaySystem.dll	RANDY31.DLL::StateBlob_c::SetRenderState	10057b0c	10057b3a	?,0xe,0x0
DisplaySystem.dll	RANDY31.DLL::StateBlob_c::SetRenderState	10057b0c	10057b46	?,0x1b,0x0
DisplaySystem.dll	RANDY31.DLL::StateBlob_c::SetRenderState	10057b0c	10057b52	?,0x1c,0x0
DisplaySystem.dll	RANDY31.DLL::StateBlob_c::SetRenderState	10057b0c	10057b61	?,0x89,0x0
DisplaySystem.dll	RANDY31.DLL::RDeltaState::SetRenderState	100314be	100315e8	?,0x1b,0x1
DisplaySystem.dll	RANDY31.DLL::RDeltaState::SetRenderState	100314be	100315f7	?,0x8d,0x1
DisplaySystem.dll	RANDY31.DLL::RDeltaState::SetRenderState	100314be	10031606	?,0x88,0x1
